11/11/2020 08:10,Doncaster,Evelyn Chen,"Large Americano - 2.25, Regular Cappuccino - 2.15,  Speciality Tea - Fruit - 1.30",5.70,CARD,7253575067043
11/11/2020 08:11,Doncaster,Gustav Pedersen," Hot chocolate - 1.40, Large Filter coffee - 1.80,  Glass of milk - 0.70,  Speciality Tea - Green - 1.30,  Frappes - Coffee - 2.75",7.95,CARD,8682953353702312
11/11/2020 08:12,Doncaster,Kaya Egeli," Hot chocolate - 1.40,  Speciality Tea - Fruit - 1.30,  Babyccino - 0.00, Regular Americano - 1.95",4.65,CARD,3682403298288922
11/11/2020 08:14,Doncaster,Fernando Adams," Speciality Tea - Green - 1.30, Large Cappuccino - 2.45,  Smoothies - Carrot Kick - 2.00, Large Latte - 2.45",8.20,CARD,6011883530716561
11/11/2020 08:15,Doncaster,Topias Keto,"Large Espresso - 1.80, Regular Americano - 1.95",3.75,CARD,415791970869545
11/11/2020 08:16,Doncaster,Agnes Hestenes,"Regular Flavoured latte - Caramel - 2.55, Regular Filter coffee - 1.50",4.05,CARD,6011581970940074
11/11/2020 08:18,Doncaster,Yusuf Lacroix,"Regular Latte - 2.15,  Speciality Tea - English breakfast - 1.30,  Red label tea - 1.20,  Smoothies - Berry Beautiful - 2.00,  Red label tea - 1.20",7.85,CARD,234789594555491
11/11/2020 08:19,Doncaster,Elias Lammi,"Regular Americano - 1.95",1.95,CARD,6011791691314562
11/11/2020 08:21,Doncaster,Pihla Makela," Speciality Tea - Green - 1.30, Large Flavoured latte - Vanilla - 2.85,  Speciality Tea - Earl Grey - 1.30,  Frappes - Coffee - 2.75",8.20,CARD,4734492308804
11/11/2020 08:22,Doncaster,Esteban Iglesias,"Large Cappuccino - 2.45,  Hot chocolate - 1.40,  Flat white - 2.15,  Speciality Tea - Green - 1.30",7.30,CARD,1641631487442373
11/11/2020 08:23,Doncaster,Hunter Wang," Iced americano - 2.15, Large Chai latte - 2.60, Regular Flavoured latte - Caramel - 2.55,  Speciality Tea - Peppermint - 1.30",8.60,CARD,2391330190453159
11/11/2020 08:25,Doncaster,Latife Kuday," Frappes - Chocolate Cookie - 2.75",2.75,CARD,9024203156266325
11/11/2020 08:26,Doncaster,Florent Masson," Mocha - 2.30,  Speciality Tea - English breakfast - 1.30, Regular Chai latte - 2.30, Large Flavoured hot chocolate - Vanilla - 2.90, Large Chai latte - 2.60",11.40,CARD,6490455457550
11/11/2020 08:28,Doncaster,Miro Pires," Red label tea - 1.20,  Flavoured iced latte - Vanilla - 2.75, Large Luxury hot chocolate - 2.70",6.65,CARD,5145433148228606
11/11/2020 08:29,Doncaster,Tyrone Mason," Iced latte - 2.35, Regular Hot chocolate - 2.20,  Red label tea - 1.20",5.75,CARD,796434231882827
11/11/2020 08:30,Doncaster,Ivar Bergerud,"Large Filter coffee - 1.80, Large Hot chocolate - 2.90, Large Flavoured hot chocolate - Vanilla - 2.90",7.60,CARD,270946051769313
11/11/2020 08:32,Doncaster,Alice Thompson,"Large Flavoured hot chocolate - Hazelnut - 2.90, Large Flavoured hot chocolate - Vanilla - 2.90,  Speciality Tea - Green - 1.30",7.10,CASH,
11/11/2020 08:33,Doncaster,Marco Vargas," Speciality Tea - Fruit - 1.30,  Speciality Tea - Earl Grey - 1.30,  Smoothies - Berry Beautiful - 2.00",4.60,CARD,3423228108824403
11/11/2020 08:35,Doncaster,Lily Mcdonalid," Speciality Tea - Fruit - 1.30,  Speciality Tea - Earl Grey - 1.30,  Cortado - 2.05",4.65,CARD,4420869433960766
11/11/2020 08:36,Doncaster,Brayden Rodriguez," Babyccino - 0.00, Regular Filter coffee - 1.50, Large Espresso - 1.80,  Speciality Tea - Earl Grey - 1.30",4.60,CASH,
11/11/2020 08:37,Doncaster,Tracey George," Mocha - 2.30, Regular Flavoured latte - Caramel - 2.55, Regular Flavoured latte - Caramel - 2.55",7.40,CASH,
11/11/2020 08:39,Doncaster,Patrizia Brun,"Large Latte - 2.45,  Hot chocolate - 1.40, Large Cappuccino - 2.45",6.30,CASH,
11/11/2020 08:40,Doncaster,Hermine Heiden," Flavoured iced latte - Caramel - 2.75, Regular Flavoured latte - Caramel - 2.55, Regular Americano - 1.95, Large Cappuccino - 2.45",9.70,CASH,
11/11/2020 08:42,Doncaster,Herkus Opseth," Speciality Tea - English breakfast - 1.30, Regular Flavoured latte - Caramel - 2.55,  Glass of milk - 0.70,  Iced americano - 2.15",6.70,CASH,
11/11/2020 08:43,Doncaster,Ricky Austin,"Large Flavoured latte - Caramel - 2.85, Regular Flavoured latte - Gingerbread - 2.55",5.40,CASH,
11/11/2020 08:44,Doncaster,Edna Roberts," Hot chocolate - 1.40, Regular Flavoured hot chocolate - Caramel - 2.60",4.00,CASH,
11/11/2020 08:46,Doncaster,Christiana Bohnert," Speciality Tea - Peppermint - 1.30,  Cortado - 2.05, Regular Americano - 1.95",5.30,CARD,56988883048966
11/11/2020 08:47,Doncaster,Vildan Erbay,"Regular Filter coffee - 1.50, Regular Latte - 2.15,  Flavoured iced latte - Caramel - 2.75, Large Flavoured latte - Hazelnut - 2.85",9.25,CARD,034904610319436
11/11/2020 08:49,Doncaster,Levi Laurent,"Regular Chai latte - 2.30, Regular Filter coffee - 1.50,  Speciality Tea - Camomile - 1.30, Regular Flavoured hot chocolate - Vanilla - 2.60,  Flavoured iced latte - Vanilla - 2.75",10.45,CASH,
11/11/2020 08:50,Doncaster,Felix Harris,"Regular Flavoured hot chocolate - Vanilla - 2.60, Large Cappuccino - 2.45",5.05,CASH,
11/11/2020 08:51,Doncaster,Maurizio Leclercq,"Regular Latte - 2.15, Large Filter coffee - 1.80,  Frappes - Chocolate Cookie - 2.75",6.70,CASH,
11/11/2020 08:53,Doncaster,Jane Douglas," Babyccino - 0.00,  Glass of milk - 0.70, Large Flavoured hot chocolate - Vanilla - 2.90",3.60,CARD,3870962533337839
11/11/2020 08:54,Doncaster,Theo Andersen,"Regular Flavoured latte - Vanilla - 2.55",2.55,CASH,
11/11/2020 08:56,Doncaster,Regina Hunter," Cortado - 2.05,  Smoothies - Berry Beautiful - 2.00,  Speciality Tea - Darjeeling - 1.30",5.35,CARD,4783828983812814
11/11/2020 08:57,Doncaster,Alexandra Berger,"Large Flavoured hot chocolate - Caramel - 2.90",2.90,CARD,76302150086995
11/11/2020 08:58,Doncaster,Marcus Lee,"Large Americano - 2.25, Regular Flavoured latte - Vanilla - 2.55, Regular Latte - 2.15,  Cortado - 2.05",9.00,CASH,
11/11/2020 09:00,Doncaster,Albino Melo," Speciality Tea - Darjeeling - 1.30",1.30,CARD,2193966365928325
11/11/2020 09:01,Doncaster,Arturo Gonzalez,"Large Luxury hot chocolate - 2.70,  Flat white - 2.15,  Speciality Tea - English breakfast - 1.30,  Flavoured iced latte - Caramel - 2.75",8.90,CARD,6011595342486245
11/11/2020 09:02,Doncaster,Vernon Rice,"Large Flavoured latte - Caramel - 2.85",2.85,CASH,
11/11/2020 09:04,Doncaster,Paloma Rocha," Speciality Tea - Green - 1.30,  Frappes - Strawberries & Cream - 2.75, Large Flavoured latte - Vanilla - 2.85",6.90,CARD,280706537278373
11/11/2020 09:05,Doncaster,Gladys Johnston," Cortado - 2.05, Regular Flavoured latte - Caramel - 2.55,  Smoothies - Berry Beautiful - 2.00, Regular Flavoured hot chocolate - Caramel - 2.60, Regular Flavoured hot chocolate - Vanilla - 2.60",11.80,CASH,
11/11/2020 09:06,Doncaster,Natalie Wood," Smoothies - Glowing Greens - 2.00,  Red label tea - 1.20, Regular Luxury hot chocolate - 2.40,  Frappes - Coffee - 2.75",8.35,CASH,
11/11/2020 09:08,Doncaster,Emil Joki," Speciality Tea - Green - 1.30, Large Flavoured latte - Hazelnut - 2.85,  Cortado - 2.05",6.20,CASH,
11/11/2020 09:09,Doncaster,Liva Rasmussen," Speciality Tea - Earl Grey - 1.30,  Iced americano - 2.15",3.45,CASH,
11/11/2020 09:10,Doncaster,Henny Borsheim," Flavoured iced latte - Vanilla - 2.75, Regular Cappuccino - 2.15,  Speciality Tea - Green - 1.30",6.20,CARD,6011486050432982
11/11/2020 09:11,Doncaster,Damas Lopes,"Regular Filter coffee - 1.50",1.50,CARD,5128903091920697
11/11/2020 09:13,Doncaster,Ingried Mittag,"Regular Espresso - 1.50, Large Flavoured hot chocolate - Hazelnut - 2.90, Large Hot chocolate - 2.90,  Hot chocolate - 1.40",8.70,CASH,
11/11/2020 09:14,Doncaster,Kenan Yorulmaz," Speciality Tea - Green - 1.30, Large Hot chocolate - 2.90,  Glass of milk - 0.70, Regular Luxury hot chocolate - 2.40",7.30,CASH,
11/11/2020 09:15,Doncaster,Gerry Peters,"Large Flavoured hot chocolate - Vanilla - 2.90, Large Filter coffee - 1.80,  Glass of milk - 0.70,  Frappes - Strawberries & Cream - 2.75",8.15,CARD,6011061322047654
11/11/2020 09:17,Doncaster,Nathaniel Cooper,"Regular Flavoured latte - Caramel - 2.55,  Smoothies - Glowing Greens - 2.00,  Mocha - 2.30,  Flavoured iced latte - Hazelnut - 2.75, Regular Latte - 2.15",11.75,CARD,2864188331913417
11/11/2020 09:18,Doncaster,Arthur Kelly," Speciality Tea - Green - 1.30",1.30,CARD,6011646113796609
11/11/2020 09:19,Doncaster,Albert Ramirez,"Large Flavoured hot chocolate - Hazelnut - 2.90",2.90,CARD,3792309113335
11/11/2020 09:21,Doncaster,Arlo Anderson," Frappes - Strawberries & Cream - 2.75, Large Flavoured latte - Hazelnut - 2.85,  Smoothies - Glowing Greens - 2.00",7.60,CASH,
11/11/2020 09:22,Doncaster,Edith Garza,"Regular Filter coffee - 1.50, Large Filter coffee - 1.80, Large Flavoured hot chocolate - Vanilla - 2.90, Regular Flavoured latte - Vanilla - 2.55,  Smoothies - Glowing Greens - 2.00",10.75,CASH,
11/11/2020 09:23,Doncaster,Andy Wege," Mocha - 2.30,  Cortado - 2.05",4.35,CASH,
11/11/2020 09:24,Doncaster,Margarido Nogueira," Speciality Tea - Camomile - 1.30,  Speciality Tea - Peppermint - 1.30",2.60,CASH,
11/11/2020 09:26,Doncaster,Hugo Evans," Speciality Tea - Darjeeling - 1.30, Large Latte - 2.45,  Hot chocolate - 1.40",5.15,CASH,
11/11/2020 09:27,Doncaster,Isla Johnson," Red label tea - 1.20, Regular Flavoured latte - Hazelnut - 2.55,  Frappes - Chocolate Cookie - 2.75",6.50,CASH,
11/11/2020 09:28,Doncaster,Hannah Gauthier,"Large Latte - 2.45",2.45,CARD,8472483314056
11/11/2020 09:30,Doncaster,Gwendolyn Mitchell,"Regular Flavoured latte - Caramel - 2.55, Regular Latte - 2.15,  Flavoured iced latte - Caramel - 2.75,  Speciality Tea - Camomile - 1.30",8.75,CASH,
11/11/2020 09:31,Doncaster,Eugene Pearson," Mocha - 2.30, Large Cappuccino - 2.45",4.75,CARD,6011766596921396
11/11/2020 09:32,Doncaster,Freja Jensen,"Large Filter coffee - 1.80,  Mocha - 2.30",4.10,CASH,
11/11/2020 09:34,Doncaster,Sofia Anderson,"Large Flavoured hot chocolate - Caramel - 2.90, Regular Americano - 1.95,  Iced latte - 2.35,  Flavoured iced latte - Caramel - 2.75,  Mocha - 2.30",12.25,CARD,03086874886449507
11/11/2020 09:35,Doncaster,Katharine Buschmann," Speciality Tea - Green - 1.30,  Speciality Tea - Peppermint - 1.30",2.60,CARD,9647347364760216
11/11/2020 09:36,Doncaster,Melissa Chapman,"Regular Espresso - 1.50, Regular Espresso - 1.50",3.00,CASH,
11/11/2020 09:38,Doncaster,Lana Rodriguez,"Large Latte - 2.45, Large Flavoured hot chocolate - Hazelnut - 2.90,  Iced latte - 2.35",7.70,CASH,
11/11/2020 09:39,Doncaster,Patsy Gilbert,"Regular Flavoured latte - Caramel - 2.55, Regular Flavoured hot chocolate - Hazelnut - 2.60, Large Flavoured hot chocolate - Hazelnut - 2.90",8.05,CASH,
11/11/2020 09:40,Doncaster,Ruby Campos,"Regular Flavoured hot chocolate - Vanilla - 2.60, Regular Chai latte - 2.30, Regular Flavoured hot chocolate - Caramel - 2.60, Large Flavoured latte - Caramel - 2.85, Large Filter coffee - 1.80",12.15,CARD,7540179853735138
11/11/2020 09:41,Doncaster,Zachary Harris," Frappes - Chocolate Cookie - 2.75, Large Latte - 2.45,  Smoothies - Berry Beautiful - 2.00,  Smoothies - Carrot Kick - 2.00",9.20,CASH,
11/11/2020 09:43,Doncaster,Margarete Bourgeois," Glass of milk - 0.70,  Frappes - Strawberries & Cream - 2.75",3.45,CARD,6011239553502662
11/11/2020 09:44,Doncaster,Abigail Lavigne," Red label tea - 1.20, Regular Flavoured latte - Gingerbread - 2.55",3.75,CARD,493254885482430
11/11/2020 09:45,Doncaster,Oliver Salmela," Hot chocolate - 1.40,  Speciality Tea - Camomile - 1.30,  Frappes - Coffee - 2.75,  Babyccino - 0.00, Regular Americano - 1.95",7.40,CASH,
11/11/2020 09:47,Doncaster,Daniel Pelletier," Mocha - 2.30",2.30,CASH,
11/11/2020 09:48,Doncaster,Konsta Lahti,"Large Flavoured hot chocolate - Hazelnut - 2.90,  Speciality Tea - English breakfast - 1.30, Large Chai latte - 2.60, Regular Chai latte - 2.30,  Speciality Tea - Green - 1.30",10.40,CARD,6011193063170872
11/11/2020 09:49,Doncaster,Eleanor Collins,"Large Latte - 2.45",2.45,CASH,
11/11/2020 09:51,Doncaster,Janine Lacroix,"Large Flavoured latte - Hazelnut - 2.85,  Speciality Tea - Fruit - 1.30",4.15,CASH,
11/11/2020 09:52,Doncaster,Leticia Blanc,"Large Cappuccino - 2.45",2.45,CASH,
11/11/2020 09:53,Doncaster,Purificacion Carrasco,"Regular Flavoured latte - Hazelnut - 2.55,  Speciality Tea - Earl Grey - 1.30,  Speciality Tea - Camomile - 1.30",5.15,CASH,
11/11/2020 09:54,Doncaster,Louis Knight," Mocha - 2.30, Large Hot chocolate - 2.90, Large Espresso - 1.80,  Flavoured iced latte - Vanilla - 2.75",9.75,CASH,
11/11/2020 09:56,Doncaster,Pihla Palo," Flavoured iced latte - Caramel - 2.75, Regular Latte - 2.15,  Frappes - Chocolate Cookie - 2.75,  Flavoured iced latte - Vanilla - 2.75",10.40,CASH,
11/11/2020 09:57,Doncaster,Walter Charles,"Regular Americano - 1.95,  Red label tea - 1.20, Regular Cappuccino - 2.15,  Frappes - Strawberries & Cream - 2.75, Large Filter coffee - 1.80",9.85,CARD,6011627670285220
11/11/2020 09:58,Doncaster,Margarete Bourgeois," Speciality Tea - Green - 1.30, Regular Flavoured hot chocolate - Hazelnut - 2.60,  Flavoured iced latte - Hazelnut - 2.75,  Speciality Tea - Darjeeling - 1.30",7.95,CASH,
11/11/2020 10:00,Doncaster,Owen Taylor," Smoothies - Berry Beautiful - 2.00, Regular Latte - 2.15",4.15,CARD,858064286757234
11/11/2020 10:00,Doncaster,Leo Jackson,"Large Espresso - 1.80, Regular Cappuccino - 2.15,  Glass of milk - 0.70",4.65,CARD,688275638024998
11/11/2020 10:01,Doncaster,Hasan Heggheim,"Regular Luxury hot chocolate - 2.40",2.40,CARD,22081440255124093
11/11/2020 10:02,Doncaster,Deborah Howard," Cortado - 2.05,  Mocha - 2.30,  Speciality Tea - Fruit - 1.30",5.65,CARD,6011263945306391
11/11/2020 10:02,Doncaster,Logan Berry,"Large Cappuccino - 2.45",2.45,CASH,
11/11/2020 10:03,Doncaster,Carlo Mercier,"Regular Latte - 2.15, Large Flavoured latte - Gingerbread - 2.85,  Flat white - 2.15",7.15,CARD,6011118602510533
11/11/2020 10:03,Doncaster,Fernando Gil,"Regular Flavoured hot chocolate - Vanilla - 2.60,  Flavoured iced latte - Hazelnut - 2.75",5.35,CARD,6011814693466484
11/11/2020 10:04,Doncaster,Batur Kutlay," Smoothies - Carrot Kick - 2.00,  Flavoured iced latte - Caramel - 2.75",4.75,CARD,9692709701464670
11/11/2020 10:05,Doncaster,Joel Dixon," Smoothies - Glowing Greens - 2.00,  Flavoured iced latte - Vanilla - 2.75,  Speciality Tea - Peppermint - 1.30, Regular Flavoured latte - Gingerbread - 2.55",8.60,CARD,7832803785912
11/11/2020 10:05,Doncaster,Theunis Ankone," Smoothies - Carrot Kick - 2.00",2.00,CARD,2822696331491125
11/11/2020 10:06,Doncaster,Domingo Rojas," Frappes - Coffee - 2.75, Regular Filter coffee - 1.50, Large Espresso - 1.80, Large Hot chocolate - 2.90",8.95,CARD,2316538613426277
11/11/2020 10:06,Doncaster,Sheryl Wells," Flavoured iced latte - Caramel - 2.75,  Speciality Tea - Green - 1.30,  Smoothies - Berry Beautiful - 2.00,  Smoothies - Glowing Greens - 2.00",8.05,CASH,
11/11/2020 10:07,Doncaster,Neea Paavola," Speciality Tea - Green - 1.30",1.30,CASH,
11/11/2020 10:08,Doncaster,Jonathan Williamson," Mocha - 2.30, Large Filter coffee - 1.80",4.10,CARD,6011511506849901
11/11/2020 10:08,Doncaster,Sam Willis," Speciality Tea - Fruit - 1.30",1.30,CASH,
11/11/2020 10:09,Doncaster,Amalie Kristensen," Frappes - Chocolate Cookie - 2.75, Regular Chai latte - 2.30, Regular Flavoured latte - Gingerbread - 2.55,  Flat white - 2.15, Regular Americano - 1.95",11.70,CARD,4294704580436594
11/11/2020 10:09,Doncaster,Line Robert,"Regular Filter coffee - 1.50",1.50,CARD,2101712094352
11/11/2020 10:10,Doncaster,Fabien Rodriguez," Smoothies - Berry Beautiful - 2.00,  Smoothies - Carrot Kick - 2.00,  Flavoured iced latte - Hazelnut - 2.75",6.75,CARD,6011426720919354
11/11/2020 10:11,Doncaster,Joel Linna,"Large Americano - 2.25",2.25,CARD,2529694101601471
11/11/2020 10:11,Doncaster,Nadia Karlson,"Regular Flavoured latte - Caramel - 2.55,  Mocha - 2.30",4.85,CASH,
11/11/2020 10:12,Doncaster,Florence Macdonald,"Regular Flavoured hot chocolate - Vanilla - 2.60,  Babyccino - 0.00",2.60,CARD,1934388947695357
11/11/2020 10:12,Doncaster,Carsta Pinto,"Regular Flavoured latte - Hazelnut - 2.55,  Speciality Tea - Darjeeling - 1.30",3.85,CARD,0657184354035174
11/11/2020 10:13,Doncaster,Grazia Simon," Mocha - 2.30",2.30,CASH,
11/11/2020 10:14,Doncaster,Alain Berger," Speciality Tea - Earl Grey - 1.30,  Flavoured iced latte - Caramel - 2.75,  Flat white - 2.15,  Speciality Tea - Camomile - 1.30",7.50,CARD,7154628192986
11/11/2020 10:14,Doncaster,Frankie Young,"Regular Filter coffee - 1.50,  Speciality Tea - Peppermint - 1.30",2.80,CARD,7558942532157211
11/11/2020 10:15,Doncaster,Vivian Hegge," Speciality Tea - Fruit - 1.30",1.30,CARD,2653477035056737
11/11/2020 10:15,Doncaster,Bradley Morris," Speciality Tea - Darjeeling - 1.30,  Flavoured iced latte - Hazelnut - 2.75,  Babyccino - 0.00",4.05,CASH,
11/11/2020 10:16,Doncaster,Herbert Welch,"Large Filter coffee - 1.80,  Speciality Tea - Green - 1.30,  Smoothies - Glowing Greens - 2.00,  Speciality Tea - Camomile - 1.30",6.40,CASH,
11/11/2020 10:17,Doncaster,Cecilie Nielsen,"Regular Hot chocolate - 2.20,  Speciality Tea - Camomile - 1.30",3.50,CARD,893195907662345
11/11/2020 10:17,Doncaster,Minttu Nevala,"Large Flavoured latte - Gingerbread - 2.85, Large Flavoured hot chocolate - Vanilla - 2.90,  Flat white - 2.15, Regular Luxury hot chocolate - 2.40",10.30,CASH,
11/11/2020 10:18,Doncaster,Levi Kumar,"Regular Flavoured latte - Vanilla - 2.55",2.55,CARD,84792948247765193
11/11/2020 10:18,Doncaster,Rasmus Wirta,"Regular Flavoured latte - Caramel - 2.55,  Smoothies - Carrot Kick - 2.00",4.55,CASH,
11/11/2020 10:19,Doncaster,Randall Barnes," Hot chocolate - 1.40, Regular Espresso - 1.50, Regular Hot chocolate - 2.20",5.10,CASH,
11/11/2020 10:20,Doncaster,Magdo Barros," Speciality Tea - Earl Grey - 1.30,  Speciality Tea - Darjeeling - 1.30,  Smoothies - Glowing Greens - 2.00,  Speciality Tea - Peppermint - 1.30, Large Flavoured hot chocolate - Vanilla - 2.90",8.80,CARD,6011371216647160
11/11/2020 10:20,Doncaster,Pedro Rodriguez," Frappes - Chocolate Cookie - 2.75, Large Filter coffee - 1.80",4.55,CARD,3369853435999
11/11/2020 10:21,Doncaster,Aatu Seppanen,"Large Flavoured latte - Caramel - 2.85",2.85,CARD,677808110084270
11/11/2020 10:21,Doncaster,Emi Hagenaars," Cortado - 2.05",2.05,CARD,3375543830479
11/11/2020 10:22,Doncaster,Aleksi Hatala," Iced americano - 2.15, Regular Filter coffee - 1.50",3.65,CASH,
11/11/2020 10:23,Doncaster,Michelle Stephens," Speciality Tea - Fruit - 1.30,  Smoothies - Carrot Kick - 2.00,  Babyccino - 0.00",3.30,CASH,
11/11/2020 10:23,Doncaster,Dylan Williams," Flavoured iced latte - Caramel - 2.75,  Frappes - Coffee - 2.75, Regular Filter coffee - 1.50",7.00,CARD,864835453632644
11/11/2020 10:24,Doncaster,Ken Adams," Speciality Tea - English breakfast - 1.30,  Speciality Tea - English breakfast - 1.30,  Flat white - 2.15, Regular Latte - 2.15,  Frappes - Strawberries & Cream - 2.75",9.65,CARD,7515374898206
11/11/2020 10:24,Doncaster,Lukas Colin," Speciality Tea - Green - 1.30, Large Flavoured hot chocolate - Vanilla - 2.90,  Hot chocolate - 1.40",5.60,CASH,
11/11/2020 10:25,Doncaster,Hanna Jennings," Smoothies - Carrot Kick - 2.00",2.00,CASH,
11/11/2020 10:26,Doncaster,Steffany Kosterman,"Large Cappuccino - 2.45,  Smoothies - Berry Beautiful - 2.00,  Babyccino - 0.00",4.45,CARD,6011769066087257
11/11/2020 10:26,Doncaster,Vicky Watson," Speciality Tea - Camomile - 1.30,  Iced americano - 2.15, Regular Latte - 2.15,  Hot chocolate - 1.40,  Speciality Tea - Green - 1.30",8.30,CASH,
11/11/2020 10:27,Doncaster,Cooper Moore," Flavoured iced latte - Hazelnut - 2.75,  Glass of milk - 0.70, Large Flavoured latte - Caramel - 2.85, Large Espresso - 1.80, Large Flavoured latte - Gingerbread - 2.85",10.95,CASH,
11/11/2020 10:27,Doncaster,Marcello Bertrand,"Regular Latte - 2.15,  Speciality Tea - Earl Grey - 1.30, Regular Flavoured hot chocolate - Hazelnut - 2.60",6.05,CASH,
11/11/2020 10:28,Doncaster,Floyd Mitchelle,"Regular Americano - 1.95, Regular Americano - 1.95,  Red label tea - 1.20, Large Chai latte - 2.60,  Flat white - 2.15",9.85,CARD,06634357593544725
11/11/2020 10:29,Doncaster,Carly Ammerlaan," Speciality Tea - Green - 1.30,  Flat white - 2.15,  Babyccino - 0.00, Large Flavoured hot chocolate - Vanilla - 2.90",6.35,CARD,551807231914567
11/11/2020 10:29,Doncaster,Susanne Phillips," Iced americano - 2.15,  Glass of milk - 0.70,  Iced americano - 2.15, Regular Hot chocolate - 2.20,  Flavoured iced latte - Caramel - 2.75",9.95,CARD,1746288240509765
11/11/2020 10:30,Doncaster,Rachel Horton," Babyccino - 0.00, Regular Cappuccino - 2.15,  Flavoured iced latte - Vanilla - 2.75, Large Cappuccino - 2.45,  Speciality Tea - Darjeeling - 1.30",8.65,CARD,6011707685214459
11/11/2020 10:30,Doncaster,Ramon Peters,"Regular Latte - 2.15,  Speciality Tea - Earl Grey - 1.30, Regular Cappuccino - 2.15,  Smoothies - Carrot Kick - 2.00,  Frappes - Coffee - 2.75",10.35,CASH,
11/11/2020 10:31,Doncaster,Vida Ellingsen,"Large Flavoured latte - Caramel - 2.85,  Speciality Tea - Peppermint - 1.30,  Smoothies - Glowing Greens - 2.00,  Iced americano - 2.15",8.30,CARD,6488334166107307
11/11/2020 10:32,Doncaster,Peter Murphy," Iced americano - 2.15, Large Flavoured hot chocolate - Caramel - 2.90, Regular Filter coffee - 1.50, Regular Espresso - 1.50,  Frappes - Strawberries & Cream - 2.75",10.80,CARD,6011909648862459
11/11/2020 10:32,Doncaster,Vilho Halonen," Smoothies - Berry Beautiful - 2.00",2.00,CARD,093500854305739
11/11/2020 10:33,Doncaster,Eline Aasland,"Regular Filter coffee - 1.50, Large Latte - 2.45, Regular Flavoured hot chocolate - Hazelnut - 2.60, Large Flavoured latte - Hazelnut - 2.85,  Mocha - 2.30",11.70,CARD,6011467308156891
11/11/2020 10:33,Doncaster,Aidan Chen," Flat white - 2.15,  Speciality Tea - Camomile - 1.30, Regular Hot chocolate - 2.20",5.65,CARD,27905922715969020
11/11/2020 10:34,Doncaster,Kathy Butler," Speciality Tea - Peppermint - 1.30",1.30,CARD,67740563824940071
11/11/2020 10:35,Doncaster,Tristan Ambrose,"Regular Luxury hot chocolate - 2.40,  Speciality Tea - Camomile - 1.30",3.70,CASH,
11/11/2020 10:35,Doncaster,Roberto Collins,"Large Flavoured hot chocolate - Hazelnut - 2.90, Regular Flavoured latte - Caramel - 2.55",5.45,CASH,
11/11/2020 10:36,Doncaster,Bridget Ramos,"Regular Filter coffee - 1.50,  Speciality Tea - Fruit - 1.30, Large Flavoured latte - Caramel - 2.85",5.65,CASH,
11/11/2020 10:36,Doncaster,Adam Kristensen," Flavoured iced latte - Vanilla - 2.75, Large Flavoured latte - Caramel - 2.85,  Hot chocolate - 1.40",7.00,CARD,6011410946994925
11/11/2020 10:37,Doncaster,Sharon Adams,"Large Flavoured latte - Hazelnut - 2.85,  Frappes - Coffee - 2.75,  Flavoured iced latte - Caramel - 2.75,  Speciality Tea - Green - 1.30, Large Flavoured latte - Gingerbread - 2.85",12.50,CASH,
11/11/2020 10:38,Doncaster,Tobias Paulsen," Babyccino - 0.00, Large Espresso - 1.80,  Frappes - Strawberries & Cream - 2.75,  Red label tea - 1.20,  Flat white - 2.15",7.90,CARD,4419651612221440
11/11/2020 10:38,Doncaster,Alberto Peters," Speciality Tea - Camomile - 1.30",1.30,CASH,
11/11/2020 10:39,Doncaster,Nalan Duygulu," Red label tea - 1.20,  Frappes - Coffee - 2.75, Large Flavoured latte - Hazelnut - 2.85, Large Flavoured hot chocolate - Hazelnut - 2.90,  Flavoured iced latte - Hazelnut - 2.75",12.45,CARD,6011844417640355
11/11/2020 10:39,Doncaster,Isaac Porter," Speciality Tea - Earl Grey - 1.30,  Speciality Tea - Darjeeling - 1.30, Large Espresso - 1.80",4.40,CASH,
11/11/2020 10:40,Doncaster,Fatih Alyanak," Flavoured iced latte - Caramel - 2.75, Regular Filter coffee - 1.50",4.25,CASH,
11/11/2020 10:41,Doncaster,Gabriel Ellis," Iced latte - 2.35,  Flavoured iced latte - Caramel - 2.75,  Speciality Tea - Darjeeling - 1.30",6.40,CARD,7970047377826450
11/11/2020 10:41,Doncaster,Edgar Leroux,"Large Flavoured hot chocolate - Hazelnut - 2.90, Regular Chai latte - 2.30, Regular Flavoured latte - Gingerbread - 2.55",7.75,CARD,7923168992588
11/11/2020 10:42,Doncaster,Mille Kristensen,"Large Cappuccino - 2.45, Regular Hot chocolate - 2.20,  Smoothies - Berry Beautiful - 2.00,  Flavoured iced latte - Caramel - 2.75,  Smoothies - Berry Beautiful - 2.00",11.40,CASH,
11/11/2020 10:42,Doncaster,Roy Lucas," Red label tea - 1.20,  Frappes - Coffee - 2.75, Large Filter coffee - 1.80, Large Espresso - 1.80",7.55,CASH,
11/11/2020 10:43,Doncaster,Jordan Porter," Flavoured iced latte - Hazelnut - 2.75,  Speciality Tea - Camomile - 1.30",4.05,CARD,750514450237575
11/11/2020 10:44,Doncaster,Marshall Hill," Speciality Tea - Green - 1.30, Regular Chai latte - 2.30, Regular Chai latte - 2.30,  Iced latte - 2.35,  Frappes - Strawberries & Cream - 2.75",11.00,CARD,9288603477337087
11/11/2020 10:44,Doncaster,Emmi Mayer,"Large Flavoured hot chocolate - Vanilla - 2.90,  Iced americano - 2.15",5.05,CARD,0754095580727
11/11/2020 10:45,Doncaster,Isaac Diez,"Regular Flavoured latte - Hazelnut - 2.55,  Flavoured iced latte - Hazelnut - 2.75, Large Hot chocolate - 2.90",8.20,CASH,
11/11/2020 10:45,Doncaster,Adem Pekkan,"Large Flavoured latte - Gingerbread - 2.85",2.85,CARD,7036083464372150
11/11/2020 10:46,Doncaster,Ylva Gilberg,"Regular Flavoured hot chocolate - Vanilla - 2.60",2.60,CARD,241537858446624
11/11/2020 10:47,Doncaster,Ivaldo Barbosa," Flat white - 2.15,  Iced latte - 2.35, Large Flavoured hot chocolate - Vanilla - 2.90",7.40,CASH,
11/11/2020 10:47,Doncaster,Sofia Ouellet,"Regular Flavoured latte - Caramel - 2.55, Large Flavoured latte - Caramel - 2.85, Regular Flavoured hot chocolate - Vanilla - 2.60,  Smoothies - Carrot Kick - 2.00",10.00,CARD,6011956457727616
11/11/2020 10:48,Doncaster,Mohamed Ramirez," Cortado - 2.05,  Frappes - Chocolate Cookie - 2.75,  Speciality Tea - Peppermint - 1.30, Large Filter coffee - 1.80",7.90,CASH,
11/11/2020 10:48,Doncaster,Lisa Bennett,"Regular Flavoured latte - Vanilla - 2.55, Large Cappuccino - 2.45, Regular Flavoured latte - Caramel - 2.55",7.55,CARD,6011170943153096
11/11/2020 10:49,Doncaster,Maurice Evans," Speciality Tea - Darjeeling - 1.30, Large Flavoured latte - Hazelnut - 2.85",4.15,CARD,297487638851891
11/11/2020 10:50,Doncaster,Lilly Roberts," Hot chocolate - 1.40,  Babyccino - 0.00, Large Flavoured latte - Gingerbread - 2.85,  Frappes - Coffee - 2.75,  Speciality Tea - Green - 1.30",8.30,CARD,75996188483921248
11/11/2020 10:50,Doncaster,Darrell Ferguson," Red label tea - 1.20,  Speciality Tea - Earl Grey - 1.30,  Flavoured iced latte - Vanilla - 2.75, Regular Americano - 1.95",7.20,CASH,
11/11/2020 10:51,Doncaster,Gabe Horton,"Regular Espresso - 1.50, Regular Filter coffee - 1.50",3.00,CARD,9571139185396346
11/11/2020 10:51,Doncaster,Edgar Runde,"Regular Luxury hot chocolate - 2.40, Large Flavoured hot chocolate - Vanilla - 2.90, Regular Flavoured latte - Caramel - 2.55, Regular Flavoured hot chocolate - Caramel - 2.60",10.45,CASH,
11/11/2020 10:52,Doncaster,Agapito Oliveira,"Large Flavoured hot chocolate - Hazelnut - 2.90,  Glass of milk - 0.70,  Speciality Tea - Green - 1.30, Large Luxury hot chocolate - 2.70",7.60,CARD,387738341125419
11/11/2020 10:53,Doncaster,Dwight Roberts,"Regular Filter coffee - 1.50,  Flat white - 2.15,  Glass of milk - 0.70,  Smoothies - Carrot Kick - 2.00",6.35,CASH,
11/11/2020 10:53,Doncaster,Rick Moreno,"Regular Latte - 2.15, Large Chai latte - 2.60,  Iced latte - 2.35,  Iced americano - 2.15",9.25,CASH,
11/11/2020 10:54,Doncaster,Charlie Fortin," Smoothies - Glowing Greens - 2.00, Large Flavoured hot chocolate - Vanilla - 2.90, Regular Filter coffee - 1.50, Regular Flavoured hot chocolate - Vanilla - 2.60",9.00,CARD,1722107313154514
11/11/2020 10:54,Doncaster,Mia Moore," Flavoured iced latte - Vanilla - 2.75,  Flat white - 2.15,  Smoothies - Carrot Kick - 2.00,  Smoothies - Berry Beautiful - 2.00",8.90,CASH,
11/11/2020 10:55,Doncaster,Kimberly Silva," Glass of milk - 0.70, Large Flavoured latte - Caramel - 2.85,  Speciality Tea - Earl Grey - 1.30, Regular Flavoured latte - Caramel - 2.55",7.40,CARD,8117845939981
11/11/2020 10:56,Doncaster,Richard Shelton,"Large Flavoured hot chocolate - Vanilla - 2.90, Regular Chai latte - 2.30,  Frappes - Strawberries & Cream - 2.75,  Speciality Tea - Green - 1.30,  Flavoured iced latte - Vanilla - 2.75",12.00,CARD,435519324487827
11/11/2020 10:56,Doncaster,Siiri Jarvi,"Large Flavoured hot chocolate - Caramel - 2.90",2.90,CARD,9537378957621
11/11/2020 10:57,Doncaster,Alice Gauthier," Speciality Tea - Darjeeling - 1.30,  Smoothies - Carrot Kick - 2.00,  Flavoured iced latte - Hazelnut - 2.75",6.05,CASH,
11/11/2020 10:57,Doncaster,Leyla Ottem," Hot chocolate - 1.40,  Speciality Tea - Peppermint - 1.30,  Speciality Tea - Fruit - 1.30,  Cortado - 2.05,  Speciality Tea - Peppermint - 1.30",7.35,CARD,66960489884707048
11/11/2020 10:58,Doncaster,Hannah Garrett,"Large Flavoured latte - Hazelnut - 2.85,  Speciality Tea - Fruit - 1.30,  Speciality Tea - Camomile - 1.30,  Frappes - Chocolate Cookie - 2.75,  Hot chocolate - 1.40",9.60,CASH,
11/11/2020 10:59,Doncaster,Deborah Lawson," Speciality Tea - Camomile - 1.30",1.30,CARD,6011742017939900
11/11/2020 10:59,Doncaster,Melvin Fleury," Speciality Tea - English breakfast - 1.30,  Iced americano - 2.15, Large Chai latte - 2.60, Regular Flavoured latte - Vanilla - 2.55",8.60,CASH,
11/11/2020 11:00,Doncaster,Ann Gibson,"Regular Flavoured latte - Caramel - 2.55, Regular Flavoured hot chocolate - Caramel - 2.60, Large Flavoured hot chocolate - Hazelnut - 2.90",8.05,CARD,39091423732160348
11/11/2020 11:03,Doncaster,Elizabeth Evans," Babyccino - 0.00,  Speciality Tea - Darjeeling - 1.30, Regular Filter coffee - 1.50,  Iced americano - 2.15",4.95,CARD,6011925891191222
11/11/2020 11:05,Doncaster,Thea Kristensen,"Large Flavoured latte - Caramel - 2.85, Regular Americano - 1.95, Large Chai latte - 2.60,  Speciality Tea - Earl Grey - 1.30",8.70,CASH,
11/11/2020 11:08,Doncaster,Tobias Madsen," Babyccino - 0.00,  Frappes - Chocolate Cookie - 2.75,  Frappes - Strawberries & Cream - 2.75,  Speciality Tea - English breakfast - 1.30, Large Filter coffee - 1.80",8.60,CARD,1011657475542800
11/11/2020 11:11,Doncaster,Maria Andersen,"Regular Flavoured hot chocolate - Vanilla - 2.60, Regular Flavoured hot chocolate - Caramel - 2.60, Regular Cappuccino - 2.15,  Speciality Tea - English breakfast - 1.30, Large Flavoured latte - Caramel - 2.85",11.50,CARD,2118289957018848
11/11/2020 11:14,Doncaster,Heather White," Iced americano - 2.15",2.15,CARD,1739851981556033
11/11/2020 11:17,Doncaster,Tony Patterson," Frappes - Chocolate Cookie - 2.75, Regular Latte - 2.15,  Speciality Tea - Green - 1.30, Regular Flavoured hot chocolate - Caramel - 2.60",8.80,CARD,7712522778536422
11/11/2020 11:20,Doncaster,Darin Mannes," Smoothies - Berry Beautiful - 2.00,  Flavoured iced latte - Caramel - 2.75",4.75,CARD,5195009900910
11/11/2020 11:23,Doncaster,Jasmine Lavigne,"Regular Latte - 2.15, Large Hot chocolate - 2.90,  Speciality Tea - Earl Grey - 1.30",6.35,CASH,
11/11/2020 11:25,Doncaster,Marcelle Francois," Babyccino - 0.00,  Smoothies - Carrot Kick - 2.00",2.00,CARD,905009849296220
11/11/2020 11:28,Doncaster,Umut Kutlay,"Regular Americano - 1.95",1.95,CASH,
11/11/2020 11:31,Doncaster,Ruth Gerner," Mocha - 2.30",2.30,CARD,8698741704884813
11/11/2020 11:34,Doncaster,Ann Hayes," Flavoured iced latte - Caramel - 2.75",2.75,CASH,
11/11/2020 11:37,Doncaster,Olivia Wilson," Speciality Tea - Fruit - 1.30,  Smoothies - Glowing Greens - 2.00, Large Chai latte - 2.60,  Speciality Tea - Earl Grey - 1.30",7.20,CASH,
11/11/2020 11:40,Doncaster,Giulia Thomas,"Large Flavoured latte - Caramel - 2.85",2.85,CARD,1036483869710527
11/11/2020 11:43,Doncaster,Ryder Moore," Frappes - Coffee - 2.75, Large Espresso - 1.80, Regular Chai latte - 2.30, Large Espresso - 1.80,  Frappes - Chocolate Cookie - 2.75",11.40,CARD,9580168785199092
11/11/2020 11:45,Doncaster,Tina Alexander," Cortado - 2.05, Regular Flavoured latte - Caramel - 2.55,  Hot chocolate - 1.40",6.00,CARD,0210340132411200
11/11/2020 11:48,Doncaster,Herbert Hill,"Regular Filter coffee - 1.50,  Smoothies - Carrot Kick - 2.00",3.50,CASH,
11/11/2020 11:51,Doncaster,Rose Andersen,"Large Flavoured hot chocolate - Hazelnut - 2.90,  Speciality Tea - Camomile - 1.30,  Flavoured iced latte - Caramel - 2.75, Regular Latte - 2.15,  Speciality Tea - Camomile - 1.30",10.40,CASH,
11/11/2020 11:54,Doncaster,Rafael Gil," Speciality Tea - Earl Grey - 1.30,  Speciality Tea - Camomile - 1.30",2.60,CARD,6011548402831110
11/11/2020 11:57,Doncaster,Hannah Roy,"Large Flavoured hot chocolate - Hazelnut - 2.90,  Flavoured iced latte - Caramel - 2.75, Large Cappuccino - 2.45,  Frappes - Chocolate Cookie - 2.75,  Speciality Tea - Fruit - 1.30",12.15,CASH,
11/11/2020 12:00,Doncaster,Capucine Lemaire," Babyccino - 0.00, Regular Chai latte - 2.30,  Speciality Tea - English breakfast - 1.30",3.60,CASH,
11/11/2020 12:01,Doncaster,Barb Lopez," Frappes - Chocolate Cookie - 2.75, Large Flavoured latte - Caramel - 2.85, Large Flavoured hot chocolate - Hazelnut - 2.90,  Cortado - 2.05,  Iced latte - 2.35",12.90,CASH,
11/11/2020 12:01,Doncaster,Amanda Johnston," Smoothies - Glowing Greens - 2.00,  Iced latte - 2.35, Regular Filter coffee - 1.50",5.85,CASH,
11/11/2020 12:02,Doncaster,Klara Thue," Speciality Tea - English breakfast - 1.30,  Frappes - Chocolate Cookie - 2.75, Regular Filter coffee - 1.50, Regular Hot chocolate - 2.20",7.75,CASH,
11/11/2020 12:03,Doncaster,Monica Moreau," Glass of milk - 0.70",.70,CARD,4029112370368150
11/11/2020 12:04,Doncaster,Keila Oliveira,"Regular Chai latte - 2.30",2.30,CARD,5762649953523276
11/11/2020 12:05,Doncaster,Duane Brewer,"Large Flavoured latte - Vanilla - 2.85",2.85,CARD,9531677286460975
11/11/2020 12:06,Doncaster,Lotta Brobakken,"Regular Latte - 2.15, Large Cappuccino - 2.45,  Speciality Tea - Earl Grey - 1.30,  Speciality Tea - Fruit - 1.30",7.20,CARD,5308030008542
11/11/2020 12:07,Doncaster,Mikael Kurtti," Glass of milk - 0.70,  Speciality Tea - Fruit - 1.30, Regular Latte - 2.15,  Flat white - 2.15,  Iced americano - 2.15",8.45,CARD,5820321675244291
11/11/2020 12:08,Doncaster,Alba Flores,"Regular Flavoured hot chocolate - Caramel - 2.60,  Smoothies - Berry Beautiful - 2.00, Regular Espresso - 1.50, Large Flavoured latte - Caramel - 2.85,  Flat white - 2.15",11.10,CARD,0706006360342622
11/11/2020 12:09,Doncaster,Andrea Soto," Speciality Tea - Darjeeling - 1.30, Regular Flavoured hot chocolate - Hazelnut - 2.60,  Flavoured iced latte - Hazelnut - 2.75,  Frappes - Strawberries & Cream - 2.75, Large Flavoured hot chocolate - Caramel - 2.90",12.30,CASH,
11/11/2020 12:10,Doncaster,Barry Armstrong,"Large Flavoured latte - Hazelnut - 2.85,  Smoothies - Berry Beautiful - 2.00, Large Flavoured latte - Caramel - 2.85",7.70,CASH,
11/11/2020 12:10,Doncaster,Saana Rintala,"Regular Flavoured latte - Caramel - 2.55",2.55,CASH,
11/11/2020 12:11,Doncaster,Malik Roy,"Regular Latte - 2.15, Regular Cappuccino - 2.15, Large Flavoured hot chocolate - Vanilla - 2.90",7.20,CASH,
11/11/2020 12:12,Doncaster,Gerald Perkins," Flat white - 2.15,  Iced latte - 2.35, Regular Filter coffee - 1.50,  Babyccino - 0.00,  Flavoured iced latte - Vanilla - 2.75",8.75,CASH,
11/11/2020 12:13,Doncaster,Iwan Vidal,"Large Luxury hot chocolate - 2.70,  Speciality Tea - Darjeeling - 1.30,  Speciality Tea - Green - 1.30",5.30,CARD,6011742420744800
11/11/2020 12:14,Doncaster,Ronald Sanders," Iced latte - 2.35,  Hot chocolate - 1.40, Large Americano - 2.25, Regular Flavoured hot chocolate - Hazelnut - 2.60",8.60,CARD,6011710190438059
11/11/2020 12:15,Doncaster,Natalie Lopez," Frappes - Strawberries & Cream - 2.75,  Speciality Tea - Green - 1.30, Large Flavoured hot chocolate - Hazelnut - 2.90",6.95,CASH,
11/11/2020 12:16,Doncaster,Ellen Osullivan," Flavoured iced latte - Caramel - 2.75, Large Flavoured latte - Hazelnut - 2.85",5.60,CASH,
11/11/2020 12:17,Doncaster,Enora Renard," Speciality Tea - Green - 1.30",1.30,CARD,1641779414831380
11/11/2020 12:18,Doncaster,Ivan Roberts," Smoothies - Glowing Greens - 2.00",2.00,CARD,7104913801232777
11/11/2020 12:19,Doncaster,Lilly Johnson,"Regular Flavoured latte - Vanilla - 2.55,  Speciality Tea - Fruit - 1.30",3.85,CARD,9967829503850374
11/11/2020 12:19,Doncaster,Maeva Abraham," Speciality Tea - Green - 1.30, Regular Cappuccino - 2.15, Regular Flavoured latte - Caramel - 2.55,  Flavoured iced latte - Caramel - 2.75, Regular Hot chocolate - 2.20",10.95,CARD,1514959356227
11/11/2020 12:20,Doncaster,Lilo Vater,"Large Espresso - 1.80,  Speciality Tea - Camomile - 1.30, Regular Flavoured latte - Caramel - 2.55,  Mocha - 2.30,  Red label tea - 1.20",9.15,CARD,714778372156450
11/11/2020 12:21,Doncaster,Niilo Makinen,"Large Flavoured hot chocolate - Vanilla - 2.90,  Frappes - Chocolate Cookie - 2.75,  Speciality Tea - Peppermint - 1.30,  Frappes - Strawberries & Cream - 2.75, Regular Flavoured latte - Caramel - 2.55",12.25,CARD,2569415867104
11/11/2020 12:22,Doncaster,Sanna Lindquist," Speciality Tea - Fruit - 1.30, Large Flavoured latte - Caramel - 2.85, Regular Flavoured latte - Gingerbread - 2.55,  Frappes - Chocolate Cookie - 2.75, Regular Flavoured latte - Hazelnut - 2.55",12.00,CASH,
11/11/2020 12:23,Doncaster,Jackson Martin,"Regular Flavoured latte - Vanilla - 2.55,  Smoothies - Glowing Greens - 2.00,  Flavoured iced latte - Vanilla - 2.75,  Speciality Tea - Earl Grey - 1.30, Regular Flavoured hot chocolate - Caramel - 2.60",11.20,CARD,6011565706853416
11/11/2020 12:24,Doncaster,Sofia Hansen," Red label tea - 1.20,  Iced americano - 2.15,  Babyccino - 0.00",3.35,CASH,
11/11/2020 12:25,Doncaster,Benjamin Kristensen,"Regular Chai latte - 2.30, Regular Hot chocolate - 2.20, Regular Flavoured latte - Vanilla - 2.55, Large Chai latte - 2.60,  Frappes - Chocolate Cookie - 2.75",12.40,CASH,
11/11/2020 12:26,Doncaster,Ulrikke Lindgren,"Large Hot chocolate - 2.90",2.90,CASH,
11/11/2020 12:27,Doncaster,Luca Roux,"Large Flavoured hot chocolate - Vanilla - 2.90, Regular Chai latte - 2.30",5.20,CASH,
11/11/2020 12:27,Doncaster,Valentin Delgado,"Regular Flavoured latte - Vanilla - 2.55,  Speciality Tea - Darjeeling - 1.30,  Red label tea - 1.20,  Iced latte - 2.35,  Babyccino - 0.00",7.40,CASH,
11/11/2020 12:28,Doncaster,Aron Gautier," Speciality Tea - Green - 1.30,  Cortado - 2.05,  Flavoured iced latte - Hazelnut - 2.75, Regular Flavoured latte - Caramel - 2.55,  Iced americano - 2.15",10.80,CARD,1807296252155
11/11/2020 12:29,Doncaster,Emilie Fortin," Red label tea - 1.20,  Speciality Tea - Darjeeling - 1.30, Large Chai latte - 2.60",5.10,CARD,0645122397392764
11/11/2020 12:30,Doncaster,Alexandra Nguyen," Speciality Tea - Darjeeling - 1.30,  Speciality Tea - Fruit - 1.30",2.60,CARD,821151397803457
11/11/2020 12:31,Doncaster,Lea Christensen," Smoothies - Glowing Greens - 2.00, Large Filter coffee - 1.80, Regular Cappuccino - 2.15",5.95,CASH,
11/11/2020 12:32,Doncaster,Clarence Horton,"Large Flavoured latte - Caramel - 2.85",2.85,CASH,
11/11/2020 12:33,Doncaster,Joseph Kittilsen," Frappes - Chocolate Cookie - 2.75,  Smoothies - Carrot Kick - 2.00,  Frappes - Strawberries & Cream - 2.75, Large Luxury hot chocolate - 2.70",10.20,CASH,
11/11/2020 12:34,Doncaster,Linda Obrien,"Regular Flavoured hot chocolate - Vanilla - 2.60, Regular Flavoured latte - Hazelnut - 2.55, Large Flavoured latte - Hazelnut - 2.85, Regular Flavoured hot chocolate - Vanilla - 2.60, Large Flavoured latte - Caramel - 2.85",13.45,CASH,
11/11/2020 12:35,Doncaster,Elena Vazquez," Glass of milk - 0.70, Large Flavoured latte - Caramel - 2.85,  Iced latte - 2.35",5.90,CARD,2823233571507
11/11/2020 12:36,Doncaster,Caleb Moore," Speciality Tea - Green - 1.30,  Speciality Tea - Darjeeling - 1.30,  Iced americano - 2.15,  Red label tea - 1.20",5.95,CASH,
11/11/2020 12:36,Doncaster,Nerea Morales,"Regular Cappuccino - 2.15, Regular Espresso - 1.50,  Smoothies - Glowing Greens - 2.00",5.65,CARD,8189824259700
11/11/2020 12:37,Doncaster,Storm Nielsen," Smoothies - Berry Beautiful - 2.00,  Smoothies - Glowing Greens - 2.00,  Flavoured iced latte - Vanilla - 2.75,  Cortado - 2.05, Large Flavoured hot chocolate - Hazelnut - 2.90",11.70,CARD,1998573039448
11/11/2020 12:38,Doncaster,Lucette Legrand," Flavoured iced latte - Caramel - 2.75",2.75,CASH,
11/11/2020 12:39,Doncaster,Patricia Hicks," Hot chocolate - 1.40, Regular Flavoured latte - Hazelnut - 2.55, Regular Filter coffee - 1.50,  Speciality Tea - English breakfast - 1.30, Large Flavoured hot chocolate - Vanilla - 2.90",9.65,CARD,50116691667272094
11/11/2020 12:40,Doncaster,Lauri Korpela,"Large Filter coffee - 1.80, Large Filter coffee - 1.80,  Flat white - 2.15, Large Flavoured hot chocolate - Hazelnut - 2.90",8.65,CARD,8385713291209838
11/11/2020 12:41,Doncaster,Ezra Edwards," Speciality Tea - English breakfast - 1.30,  Flavoured iced latte - Hazelnut - 2.75,  Flavoured iced latte - Hazelnut - 2.75,  Frappes - Coffee - 2.75",9.55,CASH,
11/11/2020 12:42,Doncaster,Susanne Carlson,"Large Flavoured hot chocolate - Hazelnut - 2.90",2.90,CARD,44407784405527825
11/11/2020 12:43,Doncaster,Willow Wright,"Regular Flavoured hot chocolate - Hazelnut - 2.60, Large Luxury hot chocolate - 2.70,  Smoothies - Berry Beautiful - 2.00",7.30,CASH,
11/11/2020 12:44,Doncaster,Samuel Watkins," Frappes - Coffee - 2.75",2.75,CARD,19562866629378516
11/11/2020 12:44,Doncaster,Sancler Moura,"Regular Luxury hot chocolate - 2.40",2.40,CASH,
11/11/2020 12:45,Doncaster,Elmar Rousseau," Smoothies - Carrot Kick - 2.00",2.00,CASH,
11/11/2020 12:46,Doncaster,Theo Walker,"Large Flavoured hot chocolate - Vanilla - 2.90, Large Americano - 2.25, Regular Hot chocolate - 2.20",7.35,CASH,
11/11/2020 12:47,Doncaster,Alexandra Robinson,"Large Flavoured hot chocolate - Caramel - 2.90, Regular Flavoured latte - Caramel - 2.55",5.45,CARD,6011065233114228
11/11/2020 12:48,Doncaster,Alexandra Martin," Flavoured iced latte - Hazelnut - 2.75",2.75,CARD,5027894922790936
11/11/2020 12:49,Doncaster,Blake Bouchard," Glass of milk - 0.70,  Speciality Tea - English breakfast - 1.30",2.00,CARD,2173190278365
11/11/2020 12:50,Doncaster,Juho Laitinen," Speciality Tea - English breakfast - 1.30,  Speciality Tea - Green - 1.30, Regular Cappuccino - 2.15, Large Flavoured hot chocolate - Caramel - 2.90,  Speciality Tea - Camomile - 1.30",8.95,CASH,
11/11/2020 12:51,Doncaster,Bernice Jensen," Smoothies - Carrot Kick - 2.00,  Iced americano - 2.15,  Babyccino - 0.00, Regular Flavoured hot chocolate - Hazelnut - 2.60",6.75,CARD,3363554862694
11/11/2020 12:52,Doncaster,Tobias Mortensen,"Large Flavoured latte - Gingerbread - 2.85,  Speciality Tea - Fruit - 1.30,  Hot chocolate - 1.40",5.55,CASH,
11/11/2020 12:53,Doncaster,Kathy Fisher," Babyccino - 0.00, Large Flavoured latte - Gingerbread - 2.85",2.85,CASH,
11/11/2020 12:53,Doncaster,Tyrone Morgan,"Regular Latte - 2.15, Large Flavoured latte - Gingerbread - 2.85, Regular Flavoured hot chocolate - Vanilla - 2.60",7.60,CARD,36719033928577
11/11/2020 12:54,Doncaster,Constance Rodriguez,"Regular Flavoured hot chocolate - Vanilla - 2.60, Regular Chai latte - 2.30",4.90,CARD,7338996592673678
11/11/2020 12:55,Doncaster,Murat Polat," Speciality Tea - Darjeeling - 1.30, Large Espresso - 1.80",3.10,CASH,
11/11/2020 12:56,Doncaster,Johann Lecomte,"Regular Americano - 1.95,  Red label tea - 1.20",3.15,CARD,6011754288447529
11/11/2020 12:57,Doncaster,Birgitt Huber,"Large Flavoured hot chocolate - Vanilla - 2.90",2.90,CASH,
11/11/2020 12:58,Doncaster,Jayden Chen," Cortado - 2.05,  Flavoured iced latte - Hazelnut - 2.75,  Smoothies - Carrot Kick - 2.00, Large Flavoured hot chocolate - Caramel - 2.90",9.70,CARD,1175840757049713
11/11/2020 12:59,Doncaster,Edwin Mills,"Large Filter coffee - 1.80,  Babyccino - 0.00, Regular Cappuccino - 2.15",3.95,CASH,
11/11/2020 13:00,Doncaster,Mackenzie Cooper," Frappes - Coffee - 2.75",2.75,CASH,
11/11/2020 13:00,Doncaster,Cindy Rothe," Speciality Tea - Green - 1.30,  Flavoured iced latte - Caramel - 2.75,  Speciality Tea - Camomile - 1.30, Large Latte - 2.45",7.80,CASH,
11/11/2020 13:01,Doncaster,Anthony Kelley,"Regular Flavoured hot chocolate - Caramel - 2.60,  Frappes - Coffee - 2.75",5.35,CASH,
11/11/2020 13:02,Doncaster,Lena Robert," Speciality Tea - Fruit - 1.30, Large Espresso - 1.80,  Speciality Tea - Camomile - 1.30",4.40,CASH,
11/11/2020 13:03,Doncaster,Ariel Hegdal,"Regular Latte - 2.15,  Smoothies - Berry Beautiful - 2.00,  Iced latte - 2.35,  Speciality Tea - Darjeeling - 1.30,  Speciality Tea - Earl Grey - 1.30",9.10,CARD,037124244383673
11/11/2020 13:04,Doncaster,Florence Chow,"Regular Flavoured hot chocolate - Caramel - 2.60, Large Flavoured latte - Caramel - 2.85,  Mocha - 2.30",7.75,CARD,919195686261560
11/11/2020 13:04,Doncaster,Ben Craig,"Regular Flavoured hot chocolate - Vanilla - 2.60,  Smoothies - Glowing Greens - 2.00, Regular Flavoured latte - Caramel - 2.55,  Babyccino - 0.00, Regular Flavoured latte - Hazelnut - 2.55",9.70,CARD,8659123235936868
11/11/2020 13:05,Doncaster,Ulrike Andre," Speciality Tea - Fruit - 1.30, Regular Cappuccino - 2.15",3.45,CARD,77899313483369240
11/11/2020 13:06,Doncaster,Arben Girard,"Regular Filter coffee - 1.50, Large Flavoured latte - Caramel - 2.85,  Hot chocolate - 1.40",5.75,CARD,1046437960611740
11/11/2020 13:07,Doncaster,Angel Myers," Smoothies - Glowing Greens - 2.00, Regular Chai latte - 2.30",4.30,CARD,9328428090254617
11/11/2020 13:08,Doncaster,Ornella Moulin," Smoothies - Berry Beautiful - 2.00,  Speciality Tea - Camomile - 1.30",3.30,CASH,
11/11/2020 13:08,Doncaster,Florence Johnson,"Large Flavoured hot chocolate - Vanilla - 2.90",2.90,CARD,451913216350084
11/11/2020 13:09,Doncaster,Tammy Murray,"Large Latte - 2.45, Large Filter coffee - 1.80,  Iced latte - 2.35, Large Filter coffee - 1.80",8.40,CARD,5024061134590499
11/11/2020 13:10,Doncaster,Benta Lima," Mocha - 2.30, Large Flavoured hot chocolate - Vanilla - 2.90,  Glass of milk - 0.70",5.90,CARD,6011698289997599
11/11/2020 13:11,Doncaster,Aada Lepisto," Speciality Tea - Camomile - 1.30",1.30,CASH,
11/11/2020 13:12,Doncaster,Don Harper," Smoothies - Glowing Greens - 2.00, Large Cappuccino - 2.45",4.45,CARD,971195338409383
11/11/2020 13:12,Doncaster,Eliana Beens," Red label tea - 1.20",1.20,CARD,1081753708379191
11/11/2020 13:13,Doncaster,Tristan Brar,"Large Cappuccino - 2.45,  Iced americano - 2.15,  Smoothies - Berry Beautiful - 2.00, Large Americano - 2.25",8.85,CARD,44876585038701224
11/11/2020 13:14,Doncaster,Warren Hicks,"Large Flavoured hot chocolate - Hazelnut - 2.90",2.90,CASH,
11/11/2020 13:15,Doncaster,Bastian Peterse,"Large Cappuccino - 2.45",2.45,CARD,4364181743313952
11/11/2020 13:16,Doncaster,Jeanne Leclerc,"Large Luxury hot chocolate - 2.70",2.70,CARD,546568380531900
11/11/2020 13:16,Doncaster,Luis Mendez,"Regular Flavoured latte - Hazelnut - 2.55,  Flat white - 2.15,  Smoothies - Berry Beautiful - 2.00,  Speciality Tea - Darjeeling - 1.30",8.00,CASH,
11/11/2020 13:17,Doncaster,Leon Fowler," Flat white - 2.15, Large Cappuccino - 2.45,  Flavoured iced latte - Vanilla - 2.75,  Flavoured iced latte - Hazelnut - 2.75",10.10,CARD,2585624646258391
11/11/2020 13:18,Doncaster,Igor Lilletvedt,"Regular Latte - 2.15,  Speciality Tea - Earl Grey - 1.30, Large Flavoured latte - Vanilla - 2.85,  Flavoured iced latte - Hazelnut - 2.75",9.05,CARD,3851981229896526
11/11/2020 13:19,Doncaster,Phillip Henderson," Speciality Tea - Earl Grey - 1.30",1.30,CASH,
11/11/2020 13:20,Doncaster,Arron Freeman," Speciality Tea - Camomile - 1.30,  Flavoured iced latte - Vanilla - 2.75,  Speciality Tea - Darjeeling - 1.30",5.35,CASH,
11/11/2020 13:20,Doncaster,Kaitlin Morris,"Large Filter coffee - 1.80, Regular Chai latte - 2.30, Large Flavoured hot chocolate - Hazelnut - 2.90,  Frappes - Chocolate Cookie - 2.75",9.75,CARD,5832166924916485
11/11/2020 13:21,Doncaster,Samantha Watkins," Flavoured iced latte - Vanilla - 2.75, Regular Flavoured latte - Caramel - 2.55,  Speciality Tea - Earl Grey - 1.30,  Speciality Tea - Peppermint - 1.30, Regular Luxury hot chocolate - 2.40",10.30,CASH,
11/11/2020 13:22,Doncaster,Joel Flores," Speciality Tea - Green - 1.30, Regular Flavoured hot chocolate - Vanilla - 2.60, Regular Flavoured latte - Gingerbread - 2.55",6.45,CARD,8855270720836
11/11/2020 13:23,Doncaster,Alexandre Nogueira," Flat white - 2.15, Large Flavoured latte - Vanilla - 2.85",5.00,CASH,
11/11/2020 13:24,Doncaster,Neea Hanka,"Large Flavoured latte - Caramel - 2.85",2.85,CARD,9169868411926500
11/11/2020 13:24,Doncaster,Bertram Christensen,"Regular Chai latte - 2.30, Regular Americano - 1.95, Large Cappuccino - 2.45,  Speciality Tea - English breakfast - 1.30,  Cortado - 2.05",10.05,CASH,
11/11/2020 13:25,Doncaster,Liam Wang," Speciality Tea - Fruit - 1.30,  Speciality Tea - Darjeeling - 1.30, Regular Espresso - 1.50, Large Flavoured hot chocolate - Vanilla - 2.90, Regular Filter coffee - 1.50",8.50,CARD,6011573396673246
11/11/2020 13:26,Doncaster,Marilyn Washington,"Large Flavoured hot chocolate - Vanilla - 2.90,  Flat white - 2.15,  Iced latte - 2.35",7.40,CASH,
11/11/2020 13:27,Doncaster,Johnni Fields,"Large Filter coffee - 1.80,  Red label tea - 1.20,  Frappes - Strawberries & Cream - 2.75, Large Latte - 2.45, Large Flavoured latte - Caramel - 2.85",11.05,CARD,620582602902304
11/11/2020 13:28,Doncaster,Harm Warnke," Frappes - Coffee - 2.75, Regular Hot chocolate - 2.20,  Iced latte - 2.35,  Speciality Tea - Camomile - 1.30",8.60,CARD,6876257144676
11/11/2020 13:28,Doncaster,Mason Campbell,"Large Flavoured latte - Vanilla - 2.85,  Speciality Tea - Darjeeling - 1.30,  Smoothies - Carrot Kick - 2.00",6.15,CASH,
11/11/2020 13:29,Doncaster,Jozeph Baarssen,"Large Hot chocolate - 2.90,  Frappes - Chocolate Cookie - 2.75,  Speciality Tea - Darjeeling - 1.30,  Flavoured iced latte - Caramel - 2.75",9.70,CASH,
11/11/2020 13:30,Doncaster,Ariana Daleng,"Regular Flavoured hot chocolate - Caramel - 2.60, Large Flavoured hot chocolate - Hazelnut - 2.90,  Flavoured iced latte - Caramel - 2.75,  Iced latte - 2.35",10.60,CASH,
11/11/2020 13:31,Doncaster,Yasmin Harbo," Flavoured iced latte - Hazelnut - 2.75, Large Flavoured hot chocolate - Vanilla - 2.90,  Speciality Tea - Green - 1.30,  Smoothies - Glowing Greens - 2.00",8.95,CARD,6011959173684701
11/11/2020 13:32,Doncaster,Sofia Kowalski," Frappes - Strawberries & Cream - 2.75,  Speciality Tea - English breakfast - 1.30",4.05,CASH,
11/11/2020 13:32,Doncaster,Samantha Montgomery,"Large Americano - 2.25,  Flavoured iced latte - Caramel - 2.75,  Iced latte - 2.35,  Babyccino - 0.00",7.35,CARD,4676297756879033
11/11/2020 13:33,Doncaster,Zachary Craig,"Regular Latte - 2.15",2.15,CARD,3344019724900
11/11/2020 13:34,Doncaster,Lola Garnier,"Large Filter coffee - 1.80,  Babyccino - 0.00, Regular Flavoured latte - Hazelnut - 2.55,  Frappes - Chocolate Cookie - 2.75",7.10,CARD,3458273362564482
11/11/2020 13:35,Doncaster,Mathew Simmons,"Regular Hot chocolate - 2.20, Regular Flavoured hot chocolate - Hazelnut - 2.60, Large Flavoured latte - Caramel - 2.85,  Cortado - 2.05",9.70,CARD,6011841565215022
11/11/2020 13:36,Doncaster,Caroline Christensen," Frappes - Chocolate Cookie - 2.75,  Flavoured iced latte - Vanilla - 2.75, Regular Flavoured latte - Hazelnut - 2.55",8.05,CARD,5220927797574
11/11/2020 13:36,Doncaster,Suzanne Vasquez," Smoothies - Berry Beautiful - 2.00, Regular Flavoured hot chocolate - Caramel - 2.60, Large Flavoured latte - Caramel - 2.85,  Speciality Tea - English breakfast - 1.30",8.75,CARD,462917685026265
11/11/2020 13:37,Doncaster,Ramon Jesus," Hot chocolate - 1.40",1.40,CARD,822525601766073
11/11/2020 13:38,Doncaster,Claire Sanders,"Regular Flavoured hot chocolate - Vanilla - 2.60",2.60,CASH,
11/11/2020 13:39,Doncaster,Alicia Walker," Mocha - 2.30, Large Flavoured hot chocolate - Hazelnut - 2.90, Regular Cappuccino - 2.15, Regular Cappuccino - 2.15",9.50,CARD,8465904232592858
11/11/2020 13:40,Doncaster,Alejandro Alvarez," Flavoured iced latte - Vanilla - 2.75",2.75,CASH,
11/11/2020 13:40,Doncaster,Kevin Abele," Flavoured iced latte - Hazelnut - 2.75",2.75,CASH,
11/11/2020 13:41,Doncaster,Mason Cox," Iced americano - 2.15",2.15,CASH,
11/11/2020 13:42,Doncaster,Beatriz Gallego,"Large Flavoured latte - Gingerbread - 2.85,  Speciality Tea - Camomile - 1.30, Large Chai latte - 2.60, Regular Flavoured latte - Gingerbread - 2.55, Regular Flavoured latte - Caramel - 2.55",11.85,CARD,336061356471714
11/11/2020 13:43,Doncaster,Rebecca Macrae," Speciality Tea - Peppermint - 1.30,  Frappes - Strawberries & Cream - 2.75,  Frappes - Coffee - 2.75",6.80,CARD,4564644734934482
11/11/2020 13:44,Doncaster,Luukas Lepisto," Speciality Tea - Peppermint - 1.30,  Speciality Tea - English breakfast - 1.30,  Red label tea - 1.20",3.80,CASH,
11/11/2020 13:44,Doncaster,Carrie Russell," Speciality Tea - Earl Grey - 1.30, Large Chai latte - 2.60",3.90,CASH,
11/11/2020 13:45,Doncaster,Younes Heim,"Large Latte - 2.45, Large Flavoured latte - Gingerbread - 2.85,  Glass of milk - 0.70, Large Latte - 2.45,  Iced latte - 2.35",10.80,CARD,9871024717531
11/11/2020 13:46,Doncaster,Sophie Cruz," Smoothies - Glowing Greens - 2.00, Regular Flavoured latte - Hazelnut - 2.55, Regular Hot chocolate - 2.20, Large Hot chocolate - 2.90,  Speciality Tea - Peppermint - 1.30",10.95,CASH,
11/11/2020 13:47,Doncaster,Alex Vasquez," Speciality Tea - Camomile - 1.30,  Flavoured iced latte - Hazelnut - 2.75,  Flavoured iced latte - Caramel - 2.75",6.80,CARD,0143255421620645
11/11/2020 13:48,Doncaster,Carl Taylor," Smoothies - Carrot Kick - 2.00,  Speciality Tea - Camomile - 1.30, Regular Latte - 2.15,  Mocha - 2.30,  Iced americano - 2.15",9.90,CARD,6011178718110380
11/11/2020 13:48,Doncaster,Alexandra Howell,"Regular Latte - 2.15, Large Latte - 2.45, Regular Flavoured latte - Vanilla - 2.55,  Smoothies - Carrot Kick - 2.00",9.15,CARD,8977330005269697
11/11/2020 13:49,Doncaster,Gabriel Morin," Speciality Tea - Earl Grey - 1.30",1.30,CARD,085282552602406
11/11/2020 13:50,Doncaster,Caroline Howard,"Large Flavoured latte - Caramel - 2.85",2.85,CASH,
11/11/2020 13:51,Doncaster,Ray Fleming," Speciality Tea - Green - 1.30, Large Cappuccino - 2.45",3.75,CARD,835221194521823
11/11/2020 13:52,Doncaster,Houdaifa Stijns,"Regular Flavoured latte - Gingerbread - 2.55, Large Flavoured hot chocolate - Hazelnut - 2.90, Large Flavoured latte - Caramel - 2.85",8.30,CASH,
11/11/2020 13:52,Doncaster,Franklino Novaes,"Regular Filter coffee - 1.50, Regular Cappuccino - 2.15,  Flat white - 2.15, Large Filter coffee - 1.80, Regular Latte - 2.15",9.75,CASH,
11/11/2020 13:53,Doncaster,Meghan Reyes," Flavoured iced latte - Hazelnut - 2.75, Regular Chai latte - 2.30,  Cortado - 2.05",7.10,CASH,
11/11/2020 13:54,Doncaster,Antonio Rogers,"Large Chai latte - 2.60,  Flat white - 2.15,  Speciality Tea - Darjeeling - 1.30,  Speciality Tea - Camomile - 1.30,  Smoothies - Carrot Kick - 2.00",9.35,CARD,6998630238163912
11/11/2020 13:55,Doncaster,Victoria Lucas," Iced americano - 2.15, Large Hot chocolate - 2.90, Large Flavoured latte - Caramel - 2.85",7.90,CARD,848565635981418
11/11/2020 13:56,Doncaster,Erna Moraes,"Large Filter coffee - 1.80",1.80,CASH,
11/11/2020 13:56,Doncaster,Mark Porter,"Regular Flavoured latte - Gingerbread - 2.55,  Speciality Tea - Green - 1.30,  Babyccino - 0.00",3.85,CASH,
11/11/2020 13:57,Doncaster,Sina Viana," Mocha - 2.30,  Smoothies - Carrot Kick - 2.00,  Cortado - 2.05,  Babyccino - 0.00",6.35,CARD,2393826421108002
11/11/2020 13:58,Doncaster,Josef Walker,"Large Flavoured hot chocolate - Hazelnut - 2.90, Large Flavoured hot chocolate - Vanilla - 2.90, Large Flavoured latte - Hazelnut - 2.85,  Flat white - 2.15",10.80,CASH,
11/11/2020 13:59,Doncaster,Silje Andersen," Speciality Tea - Darjeeling - 1.30,  Speciality Tea - Darjeeling - 1.30, Regular Hot chocolate - 2.20",4.80,CASH,
11/11/2020 14:00,Doncaster,Raymonde Dupont,"Regular Filter coffee - 1.50,  Flavoured iced latte - Vanilla - 2.75",4.25,CASH,
11/11/2020 14:00,Doncaster,Irene Molitor,"Large Filter coffee - 1.80,  Speciality Tea - Peppermint - 1.30",3.10,CARD,6011284366685650
11/11/2020 14:01,Doncaster,Isabel Martin,"Large Filter coffee - 1.80, Regular Flavoured hot chocolate - Caramel - 2.60",4.40,CARD,6011117783346810
11/11/2020 14:02,Doncaster,Stella Jimenez," Flavoured iced latte - Vanilla - 2.75,  Speciality Tea - Camomile - 1.30,  Flavoured iced latte - Caramel - 2.75",6.80,CARD,5416095896128749
11/11/2020 14:03,Doncaster,Pauline Reynolds," Speciality Tea - Earl Grey - 1.30, Regular Flavoured latte - Hazelnut - 2.55,  Speciality Tea - Darjeeling - 1.30, Large Flavoured hot chocolate - Vanilla - 2.90",8.05,CASH,
11/11/2020 14:04,Doncaster,Eemil Ylitalo,"Regular Latte - 2.15, Large Espresso - 1.80,  Speciality Tea - Green - 1.30",5.25,CARD,329394401168815
11/11/2020 14:04,Doncaster,Alexandra Green,"Large Espresso - 1.80,  Red label tea - 1.20",3.00,CASH,
11/11/2020 14:05,Doncaster,Daniele Rolland,"Large Flavoured hot chocolate - Vanilla - 2.90,  Babyccino - 0.00, Large Flavoured latte - Caramel - 2.85, Regular Flavoured latte - Hazelnut - 2.55,  Flavoured iced latte - Vanilla - 2.75",11.05,CASH,
11/11/2020 14:06,Doncaster,Bradley Carlson," Flavoured iced latte - Hazelnut - 2.75",2.75,CARD,7770452576390330
11/11/2020 14:07,Doncaster,Carol Nichols,"Large Flavoured hot chocolate - Hazelnut - 2.90, Regular Filter coffee - 1.50, Large Luxury hot chocolate - 2.70,  Cortado - 2.05,  Flat white - 2.15",11.30,CARD,6011737318257431
11/11/2020 14:08,Doncaster,Ella Wong," Flavoured iced latte - Hazelnut - 2.75,  Frappes - Coffee - 2.75,  Flavoured iced latte - Vanilla - 2.75,  Frappes - Coffee - 2.75, Regular Flavoured hot chocolate - Vanilla - 2.60",13.60,CARD,81452171680979465
11/11/2020 14:08,Doncaster,Igor Dias," Flavoured iced latte - Caramel - 2.75,  Smoothies - Carrot Kick - 2.00, Large Flavoured hot chocolate - Caramel - 2.90, Large Flavoured latte - Caramel - 2.85",10.50,CASH,
11/11/2020 14:09,Doncaster,Johnny Graves,"Regular Cappuccino - 2.15, Large Flavoured hot chocolate - Vanilla - 2.90,  Babyccino - 0.00,  Glass of milk - 0.70, Large Flavoured latte - Vanilla - 2.85",8.60,CASH,
11/11/2020 14:10,Doncaster,Paula Weaver," Speciality Tea - Camomile - 1.30,  Red label tea - 1.20, Regular Flavoured hot chocolate - Vanilla - 2.60",5.10,CASH,
11/11/2020 14:11,Doncaster,Ugo Perrin," Hot chocolate - 1.40,  Glass of milk - 0.70, Regular Flavoured latte - Caramel - 2.55,  Speciality Tea - Earl Grey - 1.30,  Iced americano - 2.15",8.10,CARD,7447031781946
11/11/2020 14:12,Doncaster,Isabella Pearson," Frappes - Chocolate Cookie - 2.75,  Smoothies - Glowing Greens - 2.00,  Frappes - Strawberries & Cream - 2.75",7.50,CARD,6011202208228930
11/11/2020 14:12,Doncaster,Louis Brown," Flat white - 2.15",2.15,CARD,7637057872993623
11/11/2020 14:13,Doncaster,Terrence Romero," Speciality Tea - Green - 1.30,  Speciality Tea - Green - 1.30, Large Chai latte - 2.60",5.20,CASH,
11/11/2020 14:14,Doncaster,Judy Vargas," Iced americano - 2.15",2.15,CARD,6011937170168627
11/11/2020 14:15,Doncaster,Toivo Korpi," Flavoured iced latte - Vanilla - 2.75,  Glass of milk - 0.70, Regular Latte - 2.15, Large Flavoured latte - Vanilla - 2.85,  Smoothies - Berry Beautiful - 2.00",10.45,CARD,6011366840326258
11/11/2020 14:15,Doncaster,Eren Erez," Flavoured iced latte - Vanilla - 2.75, Regular Flavoured latte - Vanilla - 2.55, Regular Filter coffee - 1.50,  Red label tea - 1.20, Large Latte - 2.45",10.45,CARD,3752522715147
11/11/2020 14:16,Doncaster,William Singh," Speciality Tea - Peppermint - 1.30,  Speciality Tea - Earl Grey - 1.30,  Flat white - 2.15, Regular Latte - 2.15,  Speciality Tea - Green - 1.30",8.20,CARD,738116531829346
11/11/2020 14:17,Doncaster,Cristina Morales,"Large Cappuccino - 2.45, Regular Chai latte - 2.30,  Speciality Tea - Darjeeling - 1.30,  Frappes - Coffee - 2.75",8.80,CASH,
11/11/2020 14:18,Doncaster,Anthony Barnaby," Speciality Tea - Camomile - 1.30, Large Latte - 2.45,  Iced americano - 2.15",5.90,CARD,1758332297979470
11/11/2020 14:19,Doncaster,Zakariya Walstad," Speciality Tea - English breakfast - 1.30, Regular Hot chocolate - 2.20,  Speciality Tea - Darjeeling - 1.30,  Speciality Tea - Green - 1.30, Regular Flavoured hot chocolate - Caramel - 2.60",8.70,CASH,
11/11/2020 14:19,Doncaster,Kamil Schulze,"Regular Filter coffee - 1.50,  Frappes - Coffee - 2.75,  Flat white - 2.15,  Speciality Tea - Fruit - 1.30",7.70,CASH,
11/11/2020 14:20,Doncaster,Ethan Pelletier," Smoothies - Berry Beautiful - 2.00,  Smoothies - Glowing Greens - 2.00, Regular Flavoured latte - Caramel - 2.55,  Smoothies - Carrot Kick - 2.00",8.55,CASH,
11/11/2020 14:21,Doncaster,Johan Christensen," Flat white - 2.15,  Speciality Tea - English breakfast - 1.30,  Red label tea - 1.20",4.65,CASH,
11/11/2020 14:22,Doncaster,Pirmin Morin,"Large Chai latte - 2.60, Regular Cappuccino - 2.15, Large Flavoured hot chocolate - Vanilla - 2.90",7.65,CASH,
11/11/2020 14:23,Doncaster,Peetu Makela," Red label tea - 1.20,  Speciality Tea - Darjeeling - 1.30,  Flat white - 2.15",4.65,CARD,0387950066072066
11/11/2020 14:23,Doncaster,Boye Koops," Speciality Tea - Camomile - 1.30, Regular Latte - 2.15,  Flavoured iced latte - Hazelnut - 2.75",6.20,CASH,
11/11/2020 14:24,Doncaster,Rosemary Black,"Regular Flavoured latte - Gingerbread - 2.55, Large Cappuccino - 2.45,  Speciality Tea - Green - 1.30, Large Chai latte - 2.60, Large Flavoured latte - Caramel - 2.85",11.75,CARD,6330591639091452
11/11/2020 14:25,Doncaster,Eli Lee,"Regular Flavoured hot chocolate - Hazelnut - 2.60",2.60,CASH,
11/11/2020 14:26,Doncaster,Stephen Crawford,"Large Latte - 2.45",2.45,CASH,
11/11/2020 14:27,Doncaster,Sarah Brooks,"Regular Flavoured latte - Gingerbread - 2.55",2.55,CASH,
11/11/2020 14:27,Doncaster,Anastasia Mund," Smoothies - Berry Beautiful - 2.00,  Speciality Tea - Green - 1.30, Large Americano - 2.25,  Speciality Tea - Peppermint - 1.30,  Speciality Tea - Camomile - 1.30",8.15,CARD,1850444769771322
11/11/2020 14:28,Doncaster,Minttu Couri," Smoothies - Carrot Kick - 2.00,  Speciality Tea - Green - 1.30,  Flat white - 2.15, Large Flavoured latte - Gingerbread - 2.85,  Speciality Tea - Earl Grey - 1.30",9.60,CASH,
11/11/2020 14:29,Doncaster,Dener Cavalcanti," Flavoured iced latte - Vanilla - 2.75,  Smoothies - Carrot Kick - 2.00,  Speciality Tea - Earl Grey - 1.30",6.05,CARD,8884845705460385
11/11/2020 14:30,Doncaster,Louis Steward,"Regular Flavoured latte - Caramel - 2.55,  Babyccino - 0.00, Large Filter coffee - 1.80",4.35,CASH,
11/11/2020 14:30,Doncaster,Garance David,"Large Cappuccino - 2.45",2.45,CASH,
11/11/2020 14:31,Doncaster,Dominic Slawa," Cortado - 2.05,  Speciality Tea - English breakfast - 1.30,  Babyccino - 0.00",3.35,CARD,4937879824119
11/11/2020 14:32,Doncaster,Ivan Verwaaijen," Speciality Tea - Darjeeling - 1.30,  Smoothies - Carrot Kick - 2.00, Regular Flavoured hot chocolate - Hazelnut - 2.60",5.90,CARD,0307594360998968
11/11/2020 14:33,Doncaster,Erin Richards," Frappes - Coffee - 2.75",2.75,CARD,50869749779608744
11/11/2020 14:34,Doncaster,Noralie Saidi," Hot chocolate - 1.40,  Flat white - 2.15",3.55,CARD,6011377690904121
11/11/2020 14:34,Doncaster,Venla Koskela," Speciality Tea - Peppermint - 1.30, Regular Flavoured latte - Hazelnut - 2.55,  Flavoured iced latte - Hazelnut - 2.75,  Red label tea - 1.20",7.80,CARD,895539031551490
11/11/2020 14:35,Doncaster,Ethan Morin,"Large Flavoured hot chocolate - Caramel - 2.90, Regular Luxury hot chocolate - 2.40,  Babyccino - 0.00,  Glass of milk - 0.70, Large Flavoured hot chocolate - Vanilla - 2.90",8.90,CASH,
11/11/2020 14:36,Doncaster,Kevin Leroy,"Regular Latte - 2.15,  Speciality Tea - English breakfast - 1.30,  Flat white - 2.15,  Frappes - Strawberries & Cream - 2.75,  Flat white - 2.15",10.50,CARD,9158785589205281
11/11/2020 14:37,Doncaster,Viivi Seppanen,"Regular Filter coffee - 1.50,  Glass of milk - 0.70,  Iced americano - 2.15",4.35,CARD,6011239197523329
11/11/2020 14:38,Doncaster,Hanna Olson,"Regular Americano - 1.95,  Speciality Tea - Camomile - 1.30,  Speciality Tea - Camomile - 1.30",4.55,CARD,0557427667463
11/11/2020 14:38,Doncaster,Frauke Oster,"Large Flavoured latte - Gingerbread - 2.85,  Frappes - Coffee - 2.75",5.60,CARD,31327000403834
11/11/2020 14:39,Doncaster,Lachlan Patel," Speciality Tea - English breakfast - 1.30, Large Flavoured latte - Caramel - 2.85, Large Flavoured latte - Caramel - 2.85,  Cortado - 2.05,  Iced latte - 2.35",11.40,CARD,8020163382607312
11/11/2020 14:40,Doncaster,Ethan Holt,"Regular Luxury hot chocolate - 2.40,  Mocha - 2.30, Large Flavoured latte - Gingerbread - 2.85, Large Flavoured latte - Caramel - 2.85, Regular Flavoured hot chocolate - Vanilla - 2.60",13.00,CARD,3817882931944583
11/11/2020 14:41,Doncaster,Aapo Jarvela,"Regular Flavoured latte - Caramel - 2.55, Regular Hot chocolate - 2.20,  Flat white - 2.15",6.90,CASH,
11/11/2020 14:42,Doncaster,Adam Lowe," Iced americano - 2.15, Regular Americano - 1.95, Regular Flavoured hot chocolate - Hazelnut - 2.60,  Glass of milk - 0.70",7.40,CASH,
11/11/2020 14:42,Doncaster,Sandro Gautier,"Regular Filter coffee - 1.50,  Red label tea - 1.20,  Frappes - Coffee - 2.75,  Flavoured iced latte - Hazelnut - 2.75",8.20,CASH,
11/11/2020 14:43,Doncaster,Mia Jackson,"Large Cappuccino - 2.45, Large Cappuccino - 2.45",4.90,CASH,
11/11/2020 14:44,Doncaster,Susana Garrido," Speciality Tea - Green - 1.30,  Flavoured iced latte - Vanilla - 2.75",4.05,CARD,9167629714864
11/11/2020 14:45,Doncaster,Billy Wright," Smoothies - Carrot Kick - 2.00, Regular Flavoured hot chocolate - Caramel - 2.60, Regular Latte - 2.15, Large Flavoured latte - Gingerbread - 2.85,  Speciality Tea - Camomile - 1.30",10.90,CARD,6011435425796511
11/11/2020 14:45,Doncaster,Paul Walters," Smoothies - Carrot Kick - 2.00, Regular Flavoured latte - Vanilla - 2.55",4.55,CASH,
11/11/2020 14:46,Doncaster,Augusto Moura," Speciality Tea - Earl Grey - 1.30",1.30,CASH,
11/11/2020 14:47,Doncaster,Tanya Arnold,"Regular Flavoured hot chocolate - Vanilla - 2.60, Large Flavoured latte - Caramel - 2.85",5.45,CARD,5047585275315
11/11/2020 14:48,Doncaster,Antoine French," Speciality Tea - Camomile - 1.30",1.30,CASH,
11/11/2020 14:49,Doncaster,Nathaniel Hervik," Speciality Tea - Green - 1.30, Regular Cappuccino - 2.15, Regular Cappuccino - 2.15",5.60,CASH,
11/11/2020 14:49,Doncaster,Antonio Boyd,"Regular Flavoured latte - Vanilla - 2.55, Large Flavoured latte - Caramel - 2.85",5.40,CASH,
11/11/2020 14:50,Doncaster,Alistair Pennings," Smoothies - Glowing Greens - 2.00,  Speciality Tea - Green - 1.30, Large Flavoured latte - Caramel - 2.85",6.15,CASH,
11/11/2020 14:51,Doncaster,Rolinka Kuijt," Mocha - 2.30",2.30,CASH,
11/11/2020 14:52,Doncaster,Ezra Jackson," Speciality Tea - Earl Grey - 1.30",1.30,CARD,6011976028304822
11/11/2020 14:53,Doncaster,William Madsen," Smoothies - Carrot Kick - 2.00, Large Chai latte - 2.60,  Babyccino - 0.00",4.60,CASH,
11/11/2020 14:53,Doncaster,Charles Campbell," Iced americano - 2.15,  Flavoured iced latte - Vanilla - 2.75,  Speciality Tea - Green - 1.30, Large Luxury hot chocolate - 2.70, Regular Luxury hot chocolate - 2.40",11.30,CASH,
11/11/2020 14:54,Doncaster,Shaya Maatman,"Regular Flavoured latte - Gingerbread - 2.55, Regular Americano - 1.95",4.50,CASH,
11/11/2020 14:55,Doncaster,Maja Lemoine," Speciality Tea - Peppermint - 1.30,  Iced latte - 2.35,  Red label tea - 1.20,  Red label tea - 1.20",6.05,CARD,3632986428249
11/11/2020 14:56,Doncaster,Ernest Bradley,"Regular Flavoured latte - Hazelnut - 2.55",2.55,CASH,
11/11/2020 14:57,Doncaster,Jacira Rezende," Smoothies - Glowing Greens - 2.00,  Speciality Tea - Green - 1.30,  Frappes - Coffee - 2.75,  Speciality Tea - Peppermint - 1.30,  Flavoured iced latte - Vanilla - 2.75",10.10,CARD,411039636262740
11/11/2020 14:57,Doncaster,Ekrem Kolk," Glass of milk - 0.70, Large Flavoured latte - Vanilla - 2.85, Large Filter coffee - 1.80,  Flavoured iced latte - Hazelnut - 2.75,  Speciality Tea - Fruit - 1.30",9.40,CASH,
11/11/2020 14:58,Doncaster,Miguel Suarez," Babyccino - 0.00,  Smoothies - Berry Beautiful - 2.00,  Frappes - Coffee - 2.75,  Speciality Tea - English breakfast - 1.30",6.05,CARD,2071725352254033
11/11/2020 14:59,Doncaster,Mila Riviere," Smoothies - Berry Beautiful - 2.00",2.00,CASH,
11/11/2020 15:00,Doncaster,Benjamin Fortin," Speciality Tea - Darjeeling - 1.30",1.30,CARD,99934285887008734
11/11/2020 15:02,Doncaster,Addison French,"Regular Flavoured hot chocolate - Vanilla - 2.60, Regular Cappuccino - 2.15, Large Cappuccino - 2.45,  Flavoured iced latte - Hazelnut - 2.75, Regular Flavoured latte - Caramel - 2.55",12.50,CARD,6011118344139637
11/11/2020 15:04,Doncaster,Justine Roy," Flavoured iced latte - Caramel - 2.75, Large Latte - 2.45,  Hot chocolate - 1.40, Large Luxury hot chocolate - 2.70,  Speciality Tea - Darjeeling - 1.30",10.60,CASH,
11/11/2020 15:06,Doncaster,Eleanor Lord," Speciality Tea - Fruit - 1.30,  Smoothies - Glowing Greens - 2.00",3.30,CARD,476101809339740
11/11/2020 15:08,Doncaster,Ryder Margaret,"Regular Latte - 2.15",2.15,CASH,
11/11/2020 15:10,Doncaster,Ahmed Knapp,"Large Hot chocolate - 2.90",2.90,CASH,
11/11/2020 15:13,Doncaster,Elijah Clarke,"Large Flavoured hot chocolate - Caramel - 2.90",2.90,CASH,
11/11/2020 15:15,Doncaster,Tristan Hoffman," Frappes - Chocolate Cookie - 2.75, Large Flavoured latte - Gingerbread - 2.85,  Babyccino - 0.00,  Flavoured iced latte - Vanilla - 2.75",8.35,CASH,
11/11/2020 15:17,Doncaster,Vilma Heinonen," Smoothies - Berry Beautiful - 2.00, Regular Flavoured hot chocolate - Vanilla - 2.60",4.60,CASH,
11/11/2020 15:19,Doncaster,Reginald Long,"Regular Flavoured hot chocolate - Caramel - 2.60,  Iced latte - 2.35,  Cortado - 2.05,  Flavoured iced latte - Vanilla - 2.75,  Speciality Tea - Peppermint - 1.30",11.05,CARD,1309812593111
11/11/2020 15:21,Doncaster,Raymond Bell," Frappes - Coffee - 2.75, Large Latte - 2.45,  Iced americano - 2.15",7.35,CARD,23980273813668
11/11/2020 15:23,Doncaster,Madison Smith," Smoothies - Glowing Greens - 2.00,  Speciality Tea - Green - 1.30",3.30,CASH,
11/11/2020 15:25,Doncaster,Valdemar Rasmussen,"Regular Espresso - 1.50, Large Flavoured hot chocolate - Caramel - 2.90",4.40,CARD,1010882379577003
11/11/2020 15:28,Doncaster,Joel Davidson," Speciality Tea - Darjeeling - 1.30,  Hot chocolate - 1.40,  Speciality Tea - Earl Grey - 1.30,  Speciality Tea - Green - 1.30",5.30,CARD,7011543431626122
11/11/2020 15:30,Doncaster,Elias Heino,"Large Flavoured latte - Caramel - 2.85,  Flavoured iced latte - Vanilla - 2.75",5.60,CARD,208575376405146
11/11/2020 15:32,Doncaster,Stefanie Sanchez," Mocha - 2.30, Regular Luxury hot chocolate - 2.40,  Speciality Tea - Darjeeling - 1.30",6.00,CASH,
11/11/2020 15:34,Doncaster,Rafael Garnier," Speciality Tea - Darjeeling - 1.30,  Speciality Tea - Darjeeling - 1.30, Large Hot chocolate - 2.90",5.50,CARD,3512776698191157
11/11/2020 15:36,Doncaster,Murat Abadan," Smoothies - Glowing Greens - 2.00, Large Flavoured hot chocolate - Hazelnut - 2.90",4.90,CASH,
11/11/2020 15:38,Doncaster,Nathaniel Lewis,"Regular Flavoured latte - Vanilla - 2.55,  Iced americano - 2.15,  Smoothies - Carrot Kick - 2.00, Regular Flavoured latte - Gingerbread - 2.55",9.25,CASH,
11/11/2020 15:40,Doncaster,Maeva Slawa," Speciality Tea - English breakfast - 1.30,  Smoothies - Carrot Kick - 2.00,  Babyccino - 0.00, Regular Flavoured hot chocolate - Vanilla - 2.60, Large Latte - 2.45",8.35,CARD,3501969510136
11/11/2020 15:43,Doncaster,Eetu Kurtti," Mocha - 2.30, Regular Flavoured latte - Hazelnut - 2.55, Large Chai latte - 2.60,  Flavoured iced latte - Hazelnut - 2.75",10.20,CASH,
11/11/2020 15:45,Doncaster,Lisa Henderson,"Regular Latte - 2.15",2.15,CASH,
11/11/2020 15:47,Doncaster,Hailey Wilson,"Large Flavoured hot chocolate - Vanilla - 2.90,  Red label tea - 1.20,  Flavoured iced latte - Caramel - 2.75, Regular Americano - 1.95, Regular Flavoured latte - Vanilla - 2.55",11.35,CARD,3099930675809
11/11/2020 15:49,Doncaster,Prado Novaes," Speciality Tea - Fruit - 1.30,  Frappes - Strawberries & Cream - 2.75",4.05,CARD,4525648720407
11/11/2020 15:51,Doncaster,Zachary Williams," Speciality Tea - Darjeeling - 1.30,  Iced americano - 2.15, Regular Americano - 1.95,  Flavoured iced latte - Caramel - 2.75",8.15,CARD,51798531041276289
11/11/2020 15:53,Doncaster,Javier Kling,"Regular Luxury hot chocolate - 2.40,  Smoothies - Glowing Greens - 2.00",4.40,CASH,
11/11/2020 15:55,Doncaster,Peetu Suomi,"Regular Luxury hot chocolate - 2.40",2.40,CARD,4765227150126628
11/11/2020 15:58,Doncaster,Cristian Gallego,"Large Cappuccino - 2.45,  Speciality Tea - Darjeeling - 1.30",3.75,CASH,
11/11/2020 16:00,Doncaster,Carter Fortin,"Large Flavoured latte - Vanilla - 2.85,  Iced latte - 2.35, Large Flavoured hot chocolate - Caramel - 2.90",8.10,CARD,7729184882240362
11/11/2020 16:01,Doncaster,Juliette Liu,"Large Flavoured latte - Vanilla - 2.85,  Mocha - 2.30,  Speciality Tea - Fruit - 1.30",6.45,CARD,1097576412216502
11/11/2020 16:02,Doncaster,Clara Christensen," Mocha - 2.30, Regular Flavoured hot chocolate - Vanilla - 2.60,  Flavoured iced latte - Vanilla - 2.75, Large Cappuccino - 2.45",10.10,CASH,
11/11/2020 16:04,Doncaster,Joel Maunu," Flat white - 2.15",2.15,CARD,644027798778372
11/11/2020 16:05,Doncaster,John Vidal,"Large Flavoured latte - Caramel - 2.85,  Hot chocolate - 1.40",4.25,CARD,704523350680424
11/11/2020 16:07,Doncaster,Harry Hunt," Red label tea - 1.20,  Flavoured iced latte - Caramel - 2.75",3.95,CASH,
11/11/2020 16:08,Doncaster,Vilma Rintala," Mocha - 2.30, Large Latte - 2.45",4.75,CARD,5938868222424959
11/11/2020 16:09,Doncaster,Malik Aanes,"Regular Luxury hot chocolate - 2.40,  Smoothies - Carrot Kick - 2.00,  Speciality Tea - Camomile - 1.30,  Frappes - Coffee - 2.75",8.45,CARD,80816982747551203
11/11/2020 16:11,Doncaster,Wade Wright,"Regular Hot chocolate - 2.20,  Speciality Tea - Earl Grey - 1.30, Large Filter coffee - 1.80, Large Chai latte - 2.60,  Frappes - Strawberries & Cream - 2.75",10.65,CARD,0760368698043
11/11/2020 16:12,Doncaster,Ottokar Walz," Speciality Tea - Fruit - 1.30,  Speciality Tea - Darjeeling - 1.30",2.60,CASH,
11/11/2020 16:14,Doncaster,Elio Giraud," Smoothies - Carrot Kick - 2.00",2.00,CARD,1224829185016112
11/11/2020 16:15,Doncaster,Kyle Stewart," Smoothies - Carrot Kick - 2.00",2.00,CASH,
11/11/2020 16:16,Doncaster,Annemiek Ebbers," Speciality Tea - Green - 1.30,  Glass of milk - 0.70, Regular Hot chocolate - 2.20",4.20,CASH,
11/11/2020 16:18,Doncaster,Hector Aubert,"Regular Flavoured latte - Vanilla - 2.55, Regular Flavoured latte - Caramel - 2.55",5.10,CASH,
11/11/2020 16:19,Doncaster,Fiene Waltmans," Red label tea - 1.20,  Smoothies - Carrot Kick - 2.00,  Smoothies - Glowing Greens - 2.00, Regular Filter coffee - 1.50,  Flat white - 2.15",8.85,CARD,2046072207583
11/11/2020 16:21,Doncaster,Sammy James," Smoothies - Carrot Kick - 2.00",2.00,CASH,
11/11/2020 16:22,Doncaster,Alice Roger,"Large Flavoured latte - Caramel - 2.85,  Red label tea - 1.20",4.05,CASH,
11/11/2020 16:23,Doncaster,Susanna Burton," Speciality Tea - Green - 1.30,  Flat white - 2.15,  Speciality Tea - Fruit - 1.30,  Flavoured iced latte - Vanilla - 2.75",7.50,CASH,
11/11/2020 16:25,Doncaster,Janis Gerard," Flavoured iced latte - Vanilla - 2.75",2.75,CASH,
11/11/2020 16:26,Doncaster,Brandy Barnett,"Large Flavoured hot chocolate - Vanilla - 2.90, Regular Espresso - 1.50,  Smoothies - Berry Beautiful - 2.00",6.40,CASH,
11/11/2020 16:28,Doncaster,Stina Roberg,"Regular Latte - 2.15,  Speciality Tea - Green - 1.30",3.45,CASH,
11/11/2020 16:29,Doncaster,Raul Fleming,"Regular Flavoured latte - Hazelnut - 2.55,  Speciality Tea - Camomile - 1.30,  Iced latte - 2.35, Regular Flavoured hot chocolate - Vanilla - 2.60",8.80,CASH,
11/11/2020 16:30,Doncaster,Amelia Martin," Red label tea - 1.20, Regular Espresso - 1.50,  Red label tea - 1.20,  Smoothies - Carrot Kick - 2.00",5.90,CASH,
11/11/2020 16:32,Doncaster,Liva Andersen,"Regular Cappuccino - 2.15,  Smoothies - Carrot Kick - 2.00",4.15,CASH,
11/11/2020 16:33,Doncaster,Jonathan Gordon," Smoothies - Carrot Kick - 2.00,  Glass of milk - 0.70, Large Filter coffee - 1.80",4.50,CASH,
11/11/2020 16:35,Doncaster,Alexis Patel," Smoothies - Carrot Kick - 2.00,  Smoothies - Berry Beautiful - 2.00",4.00,CARD,2041304806744804
11/11/2020 16:36,Doncaster,Edward Walker,"Regular Chai latte - 2.30,  Frappes - Strawberries & Cream - 2.75, Regular Hot chocolate - 2.20",7.25,CASH,
11/11/2020 16:37,Doncaster,Kathy Bell," Mocha - 2.30,  Flavoured iced latte - Vanilla - 2.75,  Red label tea - 1.20",6.25,CARD,4041414988815411
11/11/2020 16:39,Doncaster,Isabel Nieto,"Regular Flavoured latte - Gingerbread - 2.55",2.55,CARD,96403764320711
11/11/2020 16:40,Doncaster,Tracey Reyes," Speciality Tea - Darjeeling - 1.30, Regular Americano - 1.95, Large Flavoured latte - Caramel - 2.85",6.10,CASH,
11/11/2020 16:42,Doncaster,Kasper Kinnunen,"Large Hot chocolate - 2.90, Large Cappuccino - 2.45,  Frappes - Strawberries & Cream - 2.75,  Speciality Tea - Camomile - 1.30",9.40,CARD,8775493786891
11/11/2020 16:43,Doncaster,Lola Reed,"Regular Cappuccino - 2.15",2.15,CASH,
11/11/2020 16:44,Doncaster,Osman Rey," Hot chocolate - 1.40",1.40,CARD,0170658044677716
11/11/2020 16:46,Doncaster,Anna Johnson," Speciality Tea - Fruit - 1.30, Large Latte - 2.45",3.75,CASH,
11/11/2020 16:47,Doncaster,Lise Bjerkvik," Iced latte - 2.35, Large Cappuccino - 2.45",4.80,CARD,1488209192778
11/11/2020 16:49,Doncaster,Alfred Rose,"Large Flavoured latte - Caramel - 2.85,  Hot chocolate - 1.40",4.25,CARD,5747314583565672
11/11/2020 16:50,Doncaster,Miro Lepisto,"Regular Hot chocolate - 2.20, Regular Flavoured hot chocolate - Hazelnut - 2.60",4.80,CARD,0456418728701
11/11/2020 16:51,Doncaster,Jimi Juntunen," Flat white - 2.15, Regular Flavoured latte - Caramel - 2.55, Regular Espresso - 1.50, Large Latte - 2.45, Large Cappuccino - 2.45",11.10,CASH,
11/11/2020 16:53,Doncaster,Valentin Carmona," Red label tea - 1.20, Regular Luxury hot chocolate - 2.40,  Babyccino - 0.00, Regular Flavoured hot chocolate - Vanilla - 2.60, Large Flavoured latte - Gingerbread - 2.85",9.05,CASH,
11/11/2020 16:54,Doncaster,Rosa Vicente,"Large Latte - 2.45,  Iced latte - 2.35, Regular Espresso - 1.50, Regular Flavoured hot chocolate - Vanilla - 2.60,  Speciality Tea - Darjeeling - 1.30",10.20,CASH,
11/11/2020 16:55,Doncaster,Frederik Thomsen," Flat white - 2.15",2.15,CASH,
11/11/2020 16:57,Doncaster,Taliciana Santos," Frappes - Coffee - 2.75,  Flavoured iced latte - Hazelnut - 2.75",5.50,CASH,
11/11/2020 16:58,Doncaster,Vivan Harris," Flavoured iced latte - Hazelnut - 2.75, Large Flavoured hot chocolate - Hazelnut - 2.90,  Speciality Tea - Green - 1.30,  Speciality Tea - Green - 1.30, Large Espresso - 1.80",10.05,CARD,966103679298807
