10/11/2020 08:02,Hafsa Utsi," Hot chocolate - 1.40,  Frappes - Chocolate Cookie - 2.75,  Speciality Tea - Darjeeling - 1.30,  Frappes - Coffee - 2.75",8.20,CARD,6011075613183444
10/11/2020 08:02,Molly Meyer,"Regular Filter coffee - 1.50,  Cortado - 2.05, Large Cappuccino - 2.45",6.00,CARD,9407761146459633
10/11/2020 08:03,Susan Burton," Flavoured iced latte - Hazelnut - 2.75,  Iced americano - 2.15",4.90,CARD,010889547563316
10/11/2020 08:04,Tristan Poulsen," Cortado - 2.05,  Cortado - 2.05,  Smoothies - Berry Beautiful - 2.00,  Speciality Tea - Peppermint - 1.30,  Frappes - Chocolate Cookie - 2.75",10.15,CARD,6884522014140
10/11/2020 08:05,Jenny Carlson," Smoothies - Berry Beautiful - 2.00,  Glass of milk - 0.70, Large Latte - 2.45, Regular Flavoured latte - Caramel - 2.55,  Speciality Tea - Earl Grey - 1.30",9.00,CASH,
10/11/2020 08:06,Donna Hart,"Large Flavoured hot chocolate - Vanilla - 2.90,  Glass of milk - 0.70,  Smoothies - Berry Beautiful - 2.00,  Iced americano - 2.15",7.75,CASH,
10/11/2020 08:06,Kaya Kunter," Mocha - 2.30, Large Flavoured hot chocolate - Hazelnut - 2.90,  Frappes - Strawberries & Cream - 2.75,  Cortado - 2.05,  Hot chocolate - 1.40",11.40,CARD,7554021677353481
10/11/2020 08:07,Angel Fernandez," Glass of milk - 0.70, Regular Americano - 1.95,  Flavoured iced latte - Hazelnut - 2.75, Large Cappuccino - 2.45",7.85,CARD,3079676006834640
10/11/2020 08:08,Robert Marshall,"Regular Flavoured latte - Gingerbread - 2.55,  Red label tea - 1.20, Large Flavoured latte - Hazelnut - 2.85",6.60,CARD,243251273832225
10/11/2020 08:09,Valerio Martinez," Smoothies - Carrot Kick - 2.00",2.00,CARD,1394418350923417
10/11/2020 08:10,Isabella Dixon," Speciality Tea - Earl Grey - 1.30, Large Flavoured latte - Vanilla - 2.85",4.15,CARD,683247377611808
10/11/2020 08:10,Adrian Reynolds," Frappes - Coffee - 2.75,  Speciality Tea - Peppermint - 1.30,  Frappes - Strawberries & Cream - 2.75,  Flavoured iced latte - Hazelnut - 2.75",9.55,CARD,6011846435543444
10/11/2020 08:11,Rebecca Freeman," Speciality Tea - Green - 1.30, Regular Latte - 2.15, Large Luxury hot chocolate - 2.70,  Smoothies - Glowing Greens - 2.00",8.15,CARD,3132764361818104
10/11/2020 08:12,Ruben Lawrence," Glass of milk - 0.70",.70,CARD,6287758424401649
10/11/2020 08:13,Nathan Chow," Hot chocolate - 1.40,  Babyccino - 0.00, Regular Hot chocolate - 2.20",3.60,CARD,2719254115659577
10/11/2020 08:14,Cildo Ribeiro," Frappes - Chocolate Cookie - 2.75,  Speciality Tea - Camomile - 1.30, Large Americano - 2.25, Regular Espresso - 1.50,  Speciality Tea - Camomile - 1.30",9.10,CARD,1224624662723
10/11/2020 08:14,Ayse Guillaume," Flavoured iced latte - Hazelnut - 2.75,  Flavoured iced latte - Caramel - 2.75,  Cortado - 2.05, Regular Luxury hot chocolate - 2.40",9.95,CARD,4542191968986030
10/11/2020 08:15,Miranda Richard,"Large Cappuccino - 2.45, Regular Filter coffee - 1.50,  Cortado - 2.05",6.00,CASH,
10/11/2020 08:16,Darryl Welch,"Regular Flavoured latte - Vanilla - 2.55,  Smoothies - Carrot Kick - 2.00,  Flavoured iced latte - Hazelnut - 2.75,  Speciality Tea - Camomile - 1.30,  Iced latte - 2.35",10.95,CARD,6011541597501456
10/11/2020 08:17,Carmine Hasse,"Large Americano - 2.25, Regular Flavoured hot chocolate - Vanilla - 2.60,  Flat white - 2.15,  Speciality Tea - Green - 1.30, Large Flavoured latte - Caramel - 2.85",11.15,CARD,1812184755502
10/11/2020 08:18,Becky Phillips,"Large Luxury hot chocolate - 2.70,  Speciality Tea - Fruit - 1.30",4.00,CARD,1556355519286458
10/11/2020 08:19,Gavin Burton," Speciality Tea - Peppermint - 1.30,  Speciality Tea - Fruit - 1.30",2.60,CARD,6011116725737129
10/11/2020 08:19,Rui Richard,"Regular Flavoured hot chocolate - Caramel - 2.60,  Flavoured iced latte - Vanilla - 2.75",5.35,CASH,
10/11/2020 08:20,Mille Pedersen," Frappes - Coffee - 2.75",2.75,CASH,
10/11/2020 08:21,Debra Cunningham," Mocha - 2.30, Regular Flavoured latte - Gingerbread - 2.55,  Frappes - Strawberries & Cream - 2.75",7.60,CARD,08461528161577
10/11/2020 08:22,Nick Butler," Flavoured iced latte - Caramel - 2.75, Large Flavoured latte - Caramel - 2.85,  Speciality Tea - Peppermint - 1.30,  Flavoured iced latte - Hazelnut - 2.75, Large Hot chocolate - 2.90",12.55,CARD,6011209220645554
10/11/2020 08:23,Ted Woods," Flavoured iced latte - Caramel - 2.75, Large Cappuccino - 2.45,  Speciality Tea - Peppermint - 1.30, Regular Flavoured hot chocolate - Caramel - 2.60",9.10,CARD,16526160056548
10/11/2020 08:23,Jille Kemmeren,"Regular Latte - 2.15",2.15,CARD,0801644890586
10/11/2020 08:24,Bernard Morel," Hot chocolate - 1.40,  Speciality Tea - English breakfast - 1.30, Regular Americano - 1.95, Regular Flavoured hot chocolate - Hazelnut - 2.60,  Speciality Tea - Peppermint - 1.30",8.55,CASH,
10/11/2020 08:25,Valtteri Sippola," Iced americano - 2.15,  Cortado - 2.05, Regular Luxury hot chocolate - 2.40,  Frappes - Strawberries & Cream - 2.75,  Cortado - 2.05",11.40,CARD,8534690775753122
10/11/2020 08:26,Valerij Mayer," Iced latte - 2.35,  Cortado - 2.05,  Speciality Tea - Green - 1.30, Regular Flavoured latte - Gingerbread - 2.55,  Babyccino - 0.00",8.25,CARD,797465671279655
10/11/2020 08:27,Alexander Kelm," Hot chocolate - 1.40, Large Hot chocolate - 2.90,  Frappes - Strawberries & Cream - 2.75",7.05,CASH,
10/11/2020 08:27,Gilano Steenbakkers," Red label tea - 1.20,  Smoothies - Carrot Kick - 2.00",3.20,CARD,2780928550948
10/11/2020 08:28,Bryan Carpenter," Frappes - Strawberries & Cream - 2.75,  Frappes - Strawberries & Cream - 2.75, Large Flavoured latte - Gingerbread - 2.85",8.35,CARD,9854090578148
10/11/2020 08:29,Andy Hunter," Speciality Tea - Camomile - 1.30, Large Flavoured latte - Hazelnut - 2.85",4.15,CARD,67679732953100
10/11/2020 08:30,Benjamin Martin,"Large Espresso - 1.80,  Iced americano - 2.15",3.95,CASH,
10/11/2020 08:31,Brittany Stone,"Large Filter coffee - 1.80,  Smoothies - Glowing Greens - 2.00,  Speciality Tea - English breakfast - 1.30, Large Luxury hot chocolate - 2.70",7.80,CARD,1314441271990445
10/11/2020 08:32,Carmen Sagmo,"Large Americano - 2.25,  Flat white - 2.15,  Flavoured iced latte - Vanilla - 2.75",7.15,CARD,6011557656924417
10/11/2020 08:32,Theodore Smith," Smoothies - Berry Beautiful - 2.00",2.00,CASH,
10/11/2020 08:33,Sebastian Baker," Flavoured iced latte - Caramel - 2.75,  Speciality Tea - Earl Grey - 1.30",4.05,CASH,
10/11/2020 08:34,Ferdinand Thomas," Red label tea - 1.20, Regular Luxury hot chocolate - 2.40,  Flavoured iced latte - Hazelnut - 2.75",6.35,CASH,
10/11/2020 08:35,Viljami Valli,"Regular Flavoured hot chocolate - Vanilla - 2.60,  Iced latte - 2.35",4.95,CARD,6011191031795240
10/11/2020 08:36,Urien Ramos," Mocha - 2.30, Large Chai latte - 2.60,  Cortado - 2.05,  Speciality Tea - Earl Grey - 1.30,  Babyccino - 0.00",8.25,CASH,
10/11/2020 08:36,Sulene Peixoto,"Large Flavoured latte - Vanilla - 2.85, Large Americano - 2.25,  Babyccino - 0.00",5.10,CARD,4943485418867
10/11/2020 08:37,Maya Scott," Smoothies - Glowing Greens - 2.00,  Speciality Tea - Earl Grey - 1.30,  Iced latte - 2.35",5.65,CASH,
10/11/2020 08:38,Daniel Bergeron,"Large Flavoured latte - Hazelnut - 2.85",2.85,CARD,6011152832196227
10/11/2020 08:39,Elsa Pollari," Speciality Tea - Darjeeling - 1.30",1.30,CARD,1586429438532248
10/11/2020 08:40,Valentin Sanchez," Frappes - Coffee - 2.75,  Flavoured iced latte - Hazelnut - 2.75",5.50,CARD,1163987045478544
10/11/2020 08:40,Mareen Stoll," Frappes - Strawberries & Cream - 2.75,  Flat white - 2.15",4.90,CASH,
10/11/2020 08:41,Flavia Kamstra,"Regular Filter coffee - 1.50,  Smoothies - Carrot Kick - 2.00,  Glass of milk - 0.70, Large Chai latte - 2.60, Large Espresso - 1.80",8.60,CARD,3443722927432687
10/11/2020 08:42,Matilda Walker," Red label tea - 1.20, Regular Flavoured latte - Caramel - 2.55,  Smoothies - Glowing Greens - 2.00, Large Flavoured hot chocolate - Hazelnut - 2.90,  Frappes - Chocolate Cookie - 2.75",11.40,CARD,793332348641812
10/11/2020 08:43,Candice Louis," Speciality Tea - Fruit - 1.30,  Iced latte - 2.35, Regular Flavoured latte - Vanilla - 2.55,  Babyccino - 0.00",6.20,CASH,
10/11/2020 08:44,Didier Lefebvre," Frappes - Chocolate Cookie - 2.75",2.75,CARD,6455699029566078
10/11/2020 08:44,Dominykas Bruland," Smoothies - Carrot Kick - 2.00",2.00,CARD,4283943852766
10/11/2020 08:45,Alfred Washington,"Large Luxury hot chocolate - 2.70",2.70,CARD,733992183608972
10/11/2020 08:46,Primo Nascimento," Speciality Tea - Earl Grey - 1.30,  Babyccino - 0.00",1.30,CASH,
10/11/2020 08:47,Neusa Viana," Smoothies - Carrot Kick - 2.00",2.00,CARD,9711077233428
10/11/2020 08:48,Beatrice Claire,"Regular Luxury hot chocolate - 2.40,  Flavoured iced latte - Vanilla - 2.75,  Frappes - Chocolate Cookie - 2.75,  Frappes - Chocolate Cookie - 2.75,  Speciality Tea - Earl Grey - 1.30",11.95,CASH,
10/11/2020 08:49,Adam Poulsen," Frappes - Coffee - 2.75,  Smoothies - Glowing Greens - 2.00,  Smoothies - Berry Beautiful - 2.00, Large Flavoured latte - Gingerbread - 2.85",9.60,CARD,8038072939768457
10/11/2020 08:49,Peppi Ahola," Speciality Tea - Peppermint - 1.30,  Smoothies - Berry Beautiful - 2.00",3.30,CARD,6204929041316
10/11/2020 08:50,Sheila Crawford,"Large Flavoured latte - Vanilla - 2.85",2.85,CARD,6011439273567751
10/11/2020 08:51,Samuel Hanninen," Flavoured iced latte - Vanilla - 2.75, Large Flavoured hot chocolate - Caramel - 2.90, Regular Hot chocolate - 2.20, Large Hot chocolate - 2.90, Large Americano - 2.25",13.00,CARD,6011541861101016
10/11/2020 08:52,Deniz Kaya," Flavoured iced latte - Caramel - 2.75",2.75,CARD,2609545580451188
10/11/2020 08:53,Malthe Johansen," Speciality Tea - Green - 1.30",1.30,CARD,9308637928772892
10/11/2020 08:53,Wade Foster," Glass of milk - 0.70, Regular Americano - 1.95, Regular Hot chocolate - 2.20,  Speciality Tea - English breakfast - 1.30, Large Flavoured latte - Hazelnut - 2.85",9.00,CASH,
10/11/2020 08:54,Kasper Pakkala," Flavoured iced latte - Vanilla - 2.75",2.75,CARD,1260027529165775
10/11/2020 08:55,Carlos Castillo," Flat white - 2.15, Large Flavoured hot chocolate - Hazelnut - 2.90",5.05,CARD,8495793303452552
10/11/2020 08:56,Kjell Fossen,"Regular Filter coffee - 1.50,  Babyccino - 0.00",1.50,CARD,6011780687819807
10/11/2020 08:57,Veera Salminen," Speciality Tea - English breakfast - 1.30,  Speciality Tea - Fruit - 1.30,  Smoothies - Carrot Kick - 2.00,  Speciality Tea - Darjeeling - 1.30",5.90,CARD,6286707194356530
10/11/2020 08:57,Rose Dunn," Frappes - Strawberries & Cream - 2.75, Regular Chai latte - 2.30, Regular Latte - 2.15,  Speciality Tea - Darjeeling - 1.30",8.50,CASH,
10/11/2020 08:58,Mike Stone,"Regular Hot chocolate - 2.20",2.20,CASH,
10/11/2020 08:59,Andreas Christensen," Frappes - Chocolate Cookie - 2.75,  Hot chocolate - 1.40,  Speciality Tea - Green - 1.30,  Babyccino - 0.00,  Speciality Tea - Peppermint - 1.30",6.75,CARD,6309415041779135
10/11/2020 09:00,Gabriel Reyes," Frappes - Coffee - 2.75,  Iced americano - 2.15,  Hot chocolate - 1.40",6.30,CARD,0985207089099
10/11/2020 09:01,Brianna Jordan," Flavoured iced latte - Hazelnut - 2.75, Regular Espresso - 1.50,  Frappes - Strawberries & Cream - 2.75,  Cortado - 2.05, Regular Luxury hot chocolate - 2.40",11.45,CARD,83548769094725
10/11/2020 09:01,Ahmed Schmitt,"Large Cappuccino - 2.45,  Frappes - Chocolate Cookie - 2.75,  Frappes - Strawberries & Cream - 2.75,  Flavoured iced latte - Hazelnut - 2.75",10.70,CASH,
10/11/2020 09:02,Marlis Hielscher," Smoothies - Glowing Greens - 2.00,  Hot chocolate - 1.40, Large Flavoured hot chocolate - Vanilla - 2.90",6.30,CARD,0004844968817333
10/11/2020 09:03,Ilona Bogner," Red label tea - 1.20, Large Latte - 2.45,  Frappes - Chocolate Cookie - 2.75",6.40,CARD,6011850104977936
10/11/2020 09:04,Luc Hubert,"Regular Espresso - 1.50, Regular Chai latte - 2.30,  Mocha - 2.30,  Frappes - Strawberries & Cream - 2.75",8.85,CASH,
10/11/2020 09:05,Victor Mortensen," Red label tea - 1.20,  Speciality Tea - Earl Grey - 1.30",2.50,CASH,
10/11/2020 09:06,Malena Tandberg,"Large Americano - 2.25,  Speciality Tea - Camomile - 1.30",3.55,CASH,
10/11/2020 09:06,Juan Lucas," Speciality Tea - English breakfast - 1.30, Large Latte - 2.45, Large Flavoured latte - Vanilla - 2.85,  Glass of milk - 0.70",7.30,CARD,513548247145032
10/11/2020 09:07,Daisy Rogers,"Regular Flavoured hot chocolate - Hazelnut - 2.60,  Frappes - Chocolate Cookie - 2.75,  Frappes - Chocolate Cookie - 2.75",8.10,CARD,8014636618274404
10/11/2020 09:08,Henny Vevang,"Regular Flavoured hot chocolate - Caramel - 2.60,  Speciality Tea - English breakfast - 1.30",3.90,CASH,
10/11/2020 09:09,Hilla Saksa,"Large Luxury hot chocolate - 2.70,  Frappes - Chocolate Cookie - 2.75, Regular Flavoured hot chocolate - Vanilla - 2.60",8.05,CARD,0639791583200
10/11/2020 09:10,Rachel Stevens," Frappes - Chocolate Cookie - 2.75",2.75,CARD,498607450330183
10/11/2020 09:10,Logan Hernandez,"Large Flavoured hot chocolate - Hazelnut - 2.90, Regular Chai latte - 2.30",5.20,CARD,6011846888647892
10/11/2020 09:11,Neil Steward," Speciality Tea - Green - 1.30,  Cortado - 2.05, Large Flavoured latte - Caramel - 2.85",6.20,CARD,22537128502503148
10/11/2020 09:12,Vilma Saksa," Speciality Tea - Darjeeling - 1.30",1.30,CASH,
10/11/2020 09:13,Niklas Lampinen," Glass of milk - 0.70, Regular Flavoured latte - Hazelnut - 2.55, Regular Cappuccino - 2.15,  Flavoured iced latte - Hazelnut - 2.75,  Frappes - Coffee - 2.75",10.90,CARD,4114078558904676
10/11/2020 09:14,Joan Benitez," Speciality Tea - Darjeeling - 1.30",1.30,CARD,295280828716979
10/11/2020 09:14,Adrian Gutierrez," Frappes - Chocolate Cookie - 2.75, Large Hot chocolate - 2.90, Large Latte - 2.45,  Cortado - 2.05",10.15,CARD,5422327230553
10/11/2020 09:15,Julie Collins," Iced latte - 2.35,  Speciality Tea - Green - 1.30,  Frappes - Chocolate Cookie - 2.75, Regular Luxury hot chocolate - 2.40, Large Americano - 2.25",11.05,CARD,057566217079499
10/11/2020 09:16,Miriam Shelton,"Large Hot chocolate - 2.90",2.90,CASH,
10/11/2020 09:17,Emma Mortensen,"Large Espresso - 1.80, Large Filter coffee - 1.80, Regular Flavoured latte - Hazelnut - 2.55",6.15,CASH,
10/11/2020 09:18,Kurt Dufour,"Large Chai latte - 2.60, Regular Flavoured latte - Caramel - 2.55, Large Luxury hot chocolate - 2.70,  Mocha - 2.30",10.15,CARD,5591542769526377
10/11/2020 09:19,Benjamin Petersen," Cortado - 2.05, Large Americano - 2.25",4.30,CASH,
10/11/2020 09:19,Toby Wilson," Flavoured iced latte - Hazelnut - 2.75, Regular Flavoured hot chocolate - Vanilla - 2.60",5.35,CARD,4125925516154
10/11/2020 09:20,Trisha Hoeve," Speciality Tea - Peppermint - 1.30,  Frappes - Chocolate Cookie - 2.75, Regular Espresso - 1.50",5.55,CARD,515713201312817
10/11/2020 09:21,Norah Lopez," Speciality Tea - Camomile - 1.30, Regular Flavoured hot chocolate - Hazelnut - 2.60",3.90,CARD,8151129521796237
10/11/2020 09:22,Kitty George," Iced americano - 2.15, Regular Americano - 1.95",4.10,CARD,4572021357198718
10/11/2020 09:23,Vidar Helland,"Large Flavoured latte - Gingerbread - 2.85",2.85,CARD,4283024722209887
10/11/2020 09:23,Eetu Rajala,"Large Hot chocolate - 2.90, Large Americano - 2.25,  Speciality Tea - Camomile - 1.30,  Frappes - Strawberries & Cream - 2.75",9.20,CASH,
10/11/2020 09:24,Charles Williams," Flavoured iced latte - Hazelnut - 2.75,  Hot chocolate - 1.40,  Speciality Tea - Earl Grey - 1.30,  Speciality Tea - English breakfast - 1.30",6.75,CARD,1523158940965
10/11/2020 09:25,Sara Lehtinen," Cortado - 2.05, Large Flavoured latte - Vanilla - 2.85, Large Luxury hot chocolate - 2.70",7.60,CASH,
10/11/2020 09:26,Lois Freeman,"Large Flavoured hot chocolate - Hazelnut - 2.90,  Flavoured iced latte - Hazelnut - 2.75,  Speciality Tea - Peppermint - 1.30,  Flavoured iced latte - Caramel - 2.75,  Smoothies - Glowing Greens - 2.00",11.70,CASH,
10/11/2020 09:27,Tom Rousseau," Iced americano - 2.15,  Cortado - 2.05, Regular Cappuccino - 2.15, Large Americano - 2.25",8.60,CARD,8027646170441241
10/11/2020 09:27,Faith Montgomery," Iced latte - 2.35, Large Hot chocolate - 2.90,  Flavoured iced latte - Caramel - 2.75,  Speciality Tea - Peppermint - 1.30",9.30,CASH,
10/11/2020 09:28,Grayson Harris," Smoothies - Glowing Greens - 2.00",2.00,CARD,1924573780912
10/11/2020 09:29,Leon Vasquez," Flavoured iced latte - Hazelnut - 2.75",2.75,CARD,514286291682149
10/11/2020 09:30,Eduardo Walker," Flavoured iced latte - Vanilla - 2.75, Large Hot chocolate - 2.90,  Flavoured iced latte - Hazelnut - 2.75,  Speciality Tea - Darjeeling - 1.30, Large Flavoured hot chocolate - Vanilla - 2.90",12.60,CARD,6872178505199114
10/11/2020 09:31,Pinja Keto," Speciality Tea - Fruit - 1.30,  Flat white - 2.15",3.45,CARD,073084798693689
10/11/2020 09:31,Romarico Sales,"Large Cappuccino - 2.45, Regular Americano - 1.95",4.40,CASH,
10/11/2020 09:32,Olivier Singh," Frappes - Chocolate Cookie - 2.75,  Frappes - Coffee - 2.75,  Frappes - Chocolate Cookie - 2.75",8.25,CARD,674611582148988
10/11/2020 09:33,James Silva," Flavoured iced latte - Hazelnut - 2.75, Regular Latte - 2.15,  Speciality Tea - Fruit - 1.30, Regular Americano - 1.95,  Frappes - Chocolate Cookie - 2.75",10.90,CARD,197059666223121
10/11/2020 09:34,Pablo Guillot,"Large Flavoured hot chocolate - Caramel - 2.90, Large Chai latte - 2.60, Large Americano - 2.25,  Cortado - 2.05, Regular Americano - 1.95",11.75,CASH,
10/11/2020 09:35,Ryder Bouchard,"Large Flavoured hot chocolate - Hazelnut - 2.90,  Speciality Tea - Peppermint - 1.30",4.20,CASH,
10/11/2020 09:36,Vilma Kristiansen," Mocha - 2.30",2.30,CARD,986476346505496
10/11/2020 09:36,Nella Ketola," Speciality Tea - Peppermint - 1.30",1.30,CARD,200856181787873
10/11/2020 09:37,Loubna Kusters," Babyccino - 0.00",.0,CARD,2508281072767325
10/11/2020 09:38,Judy Jacobs,"Large Flavoured hot chocolate - Hazelnut - 2.90,  Speciality Tea - Green - 1.30,  Frappes - Strawberries & Cream - 2.75, Regular Flavoured hot chocolate - Vanilla - 2.60,  Glass of milk - 0.70",10.25,CARD,6011520138204409
10/11/2020 09:39,Gabriel Smith,"Regular Flavoured latte - Hazelnut - 2.55",2.55,CARD,3939310841185664
10/11/2020 09:40,Venla Manni,"Large Americano - 2.25,  Frappes - Coffee - 2.75, Large Flavoured hot chocolate - Caramel - 2.90",7.90,CARD,120679633436653
10/11/2020 09:40,Valerij Flohr," Frappes - Strawberries & Cream - 2.75,  Speciality Tea - Camomile - 1.30",4.05,CASH,
10/11/2020 09:41,Maya Ouellet," Frappes - Coffee - 2.75,  Flat white - 2.15,  Flavoured iced latte - Hazelnut - 2.75, Large Flavoured latte - Vanilla - 2.85",10.50,CARD,168114233023949
10/11/2020 09:42,Luis Vincent," Flavoured iced latte - Vanilla - 2.75, Large Flavoured hot chocolate - Hazelnut - 2.90,  Speciality Tea - Peppermint - 1.30,  Speciality Tea - Fruit - 1.30,  Red label tea - 1.20",9.45,CARD,241714000173190
10/11/2020 09:43,Vilma Ulvund,"Large Flavoured latte - Vanilla - 2.85,  Speciality Tea - Camomile - 1.30,  Speciality Tea - Earl Grey - 1.30",5.45,CARD,6011346018033444
10/11/2020 09:44,Norma Wright," Smoothies - Glowing Greens - 2.00,  Frappes - Coffee - 2.75,  Smoothies - Glowing Greens - 2.00, Regular Flavoured latte - Gingerbread - 2.55,  Hot chocolate - 1.40",10.70,CARD,1210548063794683
10/11/2020 09:44,Gamze Fidom,"Regular Chai latte - 2.30",2.30,CARD,1132478530946464
10/11/2020 09:45,Andrew Owens," Frappes - Chocolate Cookie - 2.75,  Speciality Tea - English breakfast - 1.30, Regular Espresso - 1.50,  Smoothies - Berry Beautiful - 2.00",7.55,CARD,0121614545262
10/11/2020 09:46,Felix Knight,"Large Flavoured latte - Caramel - 2.85,  Babyccino - 0.00,  Cortado - 2.05",4.90,CARD,2382443529424832
10/11/2020 09:47,Alexander Wilson," Speciality Tea - Fruit - 1.30, Large Latte - 2.45, Large Americano - 2.25",6.00,CARD,1677822680703818
10/11/2020 09:48,Izzie Rice," Speciality Tea - Darjeeling - 1.30",1.30,CASH,
10/11/2020 09:49,Olanda Rodrigues,"Regular Flavoured hot chocolate - Hazelnut - 2.60, Regular Flavoured latte - Hazelnut - 2.55,  Frappes - Chocolate Cookie - 2.75",7.90,CARD,3757830951986
10/11/2020 09:49,Annabelle Patel," Speciality Tea - Peppermint - 1.30, Regular Espresso - 1.50,  Flavoured iced latte - Hazelnut - 2.75",5.55,CARD,8572572499740805
10/11/2020 09:50,Charlie Gagnon," Iced americano - 2.15, Large Flavoured hot chocolate - Vanilla - 2.90, Large Espresso - 1.80",6.85,CARD,44519785403531822
10/11/2020 09:51,Eli Martinez," Smoothies - Berry Beautiful - 2.00,  Speciality Tea - Earl Grey - 1.30",3.30,CASH,
10/11/2020 09:52,Willianne Zeelenberg,"Large Hot chocolate - 2.90,  Smoothies - Berry Beautiful - 2.00,  Mocha - 2.30, Large Latte - 2.45,  Hot chocolate - 1.40",11.05,CASH,
10/11/2020 09:53,Ruby Evans,"Large Hot chocolate - 2.90, Regular Flavoured latte - Gingerbread - 2.55,  Speciality Tea - Fruit - 1.30",6.75,CARD,3416519297880447
10/11/2020 09:53,Ariadna Campos," Smoothies - Glowing Greens - 2.00,  Frappes - Chocolate Cookie - 2.75",4.75,CARD,3596131884860
10/11/2020 09:54,Lucas Mortensen,"Regular Espresso - 1.50,  Flavoured iced latte - Caramel - 2.75,  Speciality Tea - Camomile - 1.30, Large Flavoured latte - Hazelnut - 2.85,  Babyccino - 0.00",8.40,CASH,
10/11/2020 09:55,Ruben Pauls," Mocha - 2.30, Regular Flavoured latte - Hazelnut - 2.55, Regular Flavoured hot chocolate - Caramel - 2.60, Large Americano - 2.25, Regular Cappuccino - 2.15",11.85,CASH,
10/11/2020 09:56,Brandy Green," Speciality Tea - English breakfast - 1.30, Large Hot chocolate - 2.90, Regular Filter coffee - 1.50,  Smoothies - Carrot Kick - 2.00",7.70,CARD,6049237113677602
10/11/2020 09:57,Mia Wade,"Regular Flavoured latte - Vanilla - 2.55,  Speciality Tea - Camomile - 1.30",3.85,CASH,
10/11/2020 09:57,Quentin Bertrand," Smoothies - Berry Beautiful - 2.00,  Iced americano - 2.15,  Glass of milk - 0.70,  Speciality Tea - Earl Grey - 1.30,  Speciality Tea - Camomile - 1.30",7.45,CARD,0766407292682
10/11/2020 09:58,Josefina Reyes,"Large Flavoured latte - Vanilla - 2.85,  Frappes - Chocolate Cookie - 2.75",5.60,CARD,931785424817705
10/11/2020 09:59,Kayla Edwards," Speciality Tea - Green - 1.30,  Smoothies - Carrot Kick - 2.00,  Flavoured iced latte - Hazelnut - 2.75",6.05,CARD,445276645735348
10/11/2020 10:00,Seine Gootjes," Iced americano - 2.15,  Speciality Tea - Green - 1.30,  Frappes - Strawberries & Cream - 2.75,  Flavoured iced latte - Hazelnut - 2.75, Large Flavoured hot chocolate - Vanilla - 2.90",11.85,CARD,4392547664470748
10/11/2020 10:00,Emilia Gonzalez," Speciality Tea - Fruit - 1.30,  Flavoured iced latte - Vanilla - 2.75",4.05,CASH,
10/11/2020 10:01,Jane Lewis," Red label tea - 1.20",1.20,CARD,823986132216451
10/11/2020 10:02,Meral Durmaz," Speciality Tea - Peppermint - 1.30,  Cortado - 2.05,  Speciality Tea - Fruit - 1.30,  Speciality Tea - Peppermint - 1.30, Regular Flavoured hot chocolate - Vanilla - 2.60",8.55,CASH,
10/11/2020 10:02,Raquel Flores," Speciality Tea - Peppermint - 1.30",1.30,CASH,
10/11/2020 10:03,Wyatt Vargas," Iced americano - 2.15, Large Filter coffee - 1.80",3.95,CARD,6418076378462
10/11/2020 10:04,Nixon King," Babyccino - 0.00,  Smoothies - Carrot Kick - 2.00",2.00,CARD,923921146789861
10/11/2020 10:04,Sebastian Hansen,"Regular Cappuccino - 2.15,  Speciality Tea - Peppermint - 1.30,  Flavoured iced latte - Vanilla - 2.75,  Iced americano - 2.15",8.35,CARD,6011505762277119
10/11/2020 10:05,Mario Nelson," Flavoured iced latte - Hazelnut - 2.75,  Speciality Tea - English breakfast - 1.30,  Flavoured iced latte - Hazelnut - 2.75, Regular Flavoured latte - Vanilla - 2.55",9.35,CARD,8345564426780
10/11/2020 10:05,Mikkel Rasmussen," Speciality Tea - Fruit - 1.30",1.30,CARD,0974031953757469
10/11/2020 10:06,Nicklas Jensen," Babyccino - 0.00,  Frappes - Chocolate Cookie - 2.75, Regular Espresso - 1.50, Regular Flavoured latte - Hazelnut - 2.55,  Flat white - 2.15",8.95,CARD,0926338082602
10/11/2020 10:07,Connie Byrd," Frappes - Coffee - 2.75, Large Cappuccino - 2.45,  Babyccino - 0.00, Large Hot chocolate - 2.90,  Speciality Tea - Peppermint - 1.30",9.40,CASH,
10/11/2020 10:07,Tamer Bergsma," Speciality Tea - Earl Grey - 1.30,  Speciality Tea - Darjeeling - 1.30,  Smoothies - Berry Beautiful - 2.00",4.60,CASH,
10/11/2020 10:08,Gary Cunningham," Glass of milk - 0.70, Large Espresso - 1.80, Large Flavoured latte - Vanilla - 2.85",5.35,CARD,4174113778227579
10/11/2020 10:08,Karsten Mezger," Red label tea - 1.20,  Babyccino - 0.00,  Speciality Tea - Earl Grey - 1.30,  Babyccino - 0.00",2.50,CARD,8857790485318457
10/11/2020 10:09,Alexander Pedersen," Speciality Tea - Peppermint - 1.30,  Iced americano - 2.15, Large Flavoured hot chocolate - Caramel - 2.90",6.35,CASH,
10/11/2020 10:10,Eugenia Rubio," Smoothies - Carrot Kick - 2.00,  Flavoured iced latte - Vanilla - 2.75",4.75,CARD,4199413122988967
10/11/2020 10:10,Mathilda Fure," Speciality Tea - Camomile - 1.30",1.30,CARD,5453432356465
10/11/2020 10:11,Ljubica Stolle," Speciality Tea - Green - 1.30,  Iced americano - 2.15, Regular Flavoured latte - Caramel - 2.55,  Smoothies - Glowing Greens - 2.00",8.00,CASH,
10/11/2020 10:11,Felix Hamnes," Flavoured iced latte - Hazelnut - 2.75,  Flavoured iced latte - Hazelnut - 2.75",5.50,CASH,
10/11/2020 10:12,Corey Freeman," Babyccino - 0.00,  Frappes - Strawberries & Cream - 2.75,  Speciality Tea - Darjeeling - 1.30,  Mocha - 2.30",6.35,CARD,0111820063909658
10/11/2020 10:13,Virgil Johnston,"Regular Americano - 1.95, Large Americano - 2.25",4.20,CARD,0873158181265603
10/11/2020 10:13,Julian Gilbert," Speciality Tea - Green - 1.30, Regular Flavoured latte - Vanilla - 2.55,  Flavoured iced latte - Vanilla - 2.75,  Speciality Tea - Fruit - 1.30,  Cortado - 2.05",9.95,CASH,
10/11/2020 10:14,Konrad Herwig," Babyccino - 0.00",.0,CARD,0974669256131491
10/11/2020 10:15,Chinook Lemmen,"Regular Flavoured latte - Caramel - 2.55",2.55,CASH,
10/11/2020 10:15,Capucine Mercier,"Regular Americano - 1.95,  Frappes - Coffee - 2.75, Large Latte - 2.45,  Smoothies - Carrot Kick - 2.00, Large Chai latte - 2.60",11.75,CASH,
10/11/2020 10:16,Andy Weaver," Frappes - Strawberries & Cream - 2.75,  Smoothies - Berry Beautiful - 2.00",4.75,CARD,97486060578388955
10/11/2020 10:16,Becky Patterson,"Regular Flavoured hot chocolate - Caramel - 2.60, Regular Latte - 2.15,  Speciality Tea - Peppermint - 1.30,  Speciality Tea - Fruit - 1.30",7.35,CARD,766996104856701
10/11/2020 10:17,Hannah Louis," Flavoured iced latte - Hazelnut - 2.75, Large Flavoured latte - Hazelnut - 2.85, Regular Chai latte - 2.30,  Frappes - Coffee - 2.75",10.65,CARD,2696824492255
10/11/2020 10:18,Joseph Turner,"Regular Latte - 2.15, Regular Luxury hot chocolate - 2.40,  Flavoured iced latte - Vanilla - 2.75, Regular Flavoured hot chocolate - Hazelnut - 2.60, Regular Flavoured hot chocolate - Caramel - 2.60",12.50,CARD,6011378067421299
10/11/2020 10:18,Luukas Jokela,"Regular Filter coffee - 1.50,  Frappes - Strawberries & Cream - 2.75, Large Americano - 2.25",6.50,CASH,
10/11/2020 10:19,Esma Kuday," Iced americano - 2.15",2.15,CARD,5929180618283120
10/11/2020 10:19,Vincent Macdonald," Speciality Tea - Darjeeling - 1.30, Regular Flavoured latte - Caramel - 2.55,  Speciality Tea - Darjeeling - 1.30, Large Americano - 2.25,  Flavoured iced latte - Hazelnut - 2.75",10.15,CASH,
10/11/2020 10:20,Ahmet Balaban,"Large Flavoured latte - Caramel - 2.85, Large Flavoured latte - Vanilla - 2.85",5.70,CARD,4244326675906897
10/11/2020 10:21,Felicia Peters," Hot chocolate - 1.40,  Smoothies - Berry Beautiful - 2.00",3.40,CASH,
10/11/2020 10:21,Sofia Soler," Speciality Tea - Earl Grey - 1.30, Large Flavoured latte - Gingerbread - 2.85, Large Flavoured latte - Caramel - 2.85,  Cortado - 2.05",9.05,CASH,
10/11/2020 10:22,Roland Woods," Frappes - Chocolate Cookie - 2.75,  Flavoured iced latte - Hazelnut - 2.75",5.50,CASH,
10/11/2020 10:23,Daniel Petersen,"Large Chai latte - 2.60",2.60,CARD,0764453706911499
10/11/2020 10:23,Julia Armstrong," Speciality Tea - Peppermint - 1.30,  Frappes - Chocolate Cookie - 2.75",4.05,CASH,
10/11/2020 10:24,Salvador Romero," Speciality Tea - Darjeeling - 1.30,  Cortado - 2.05, Large Flavoured latte - Vanilla - 2.85,  Hot chocolate - 1.40",7.60,CARD,6011604794375347
10/11/2020 10:24,Jesse Wilson," Speciality Tea - Peppermint - 1.30,  Speciality Tea - Camomile - 1.30, Large Flavoured hot chocolate - Caramel - 2.90,  Flavoured iced latte - Hazelnut - 2.75",8.25,CASH,
10/11/2020 10:25,Luukas Mantyla,"Regular Flavoured hot chocolate - Caramel - 2.60, Regular Americano - 1.95,  Mocha - 2.30",6.85,CARD,6011673310615085
10/11/2020 10:26,Berthe Beuk," Frappes - Chocolate Cookie - 2.75,  Speciality Tea - Darjeeling - 1.30, Large Flavoured hot chocolate - Vanilla - 2.90, Large Flavoured latte - Gingerbread - 2.85",9.80,CARD,2805789561158
10/11/2020 10:26,Volkmar Zahn,"Regular Filter coffee - 1.50",1.50,CARD,94984469522107478
10/11/2020 10:27,Alvarino Caldeira,"Large Luxury hot chocolate - 2.70",2.70,CARD,21252279665123496
10/11/2020 10:27,Sanni Mantyla,"Regular Latte - 2.15, Large Flavoured latte - Vanilla - 2.85,  Smoothies - Glowing Greens - 2.00,  Speciality Tea - Peppermint - 1.30,  Speciality Tea - Fruit - 1.30",9.60,CARD,6011145893157408
10/11/2020 10:28,Bella Jones," Frappes - Chocolate Cookie - 2.75,  Frappes - Strawberries & Cream - 2.75,  Flat white - 2.15",7.65,CARD,6011281572799621
10/11/2020 10:29,Matthew Scott," Hot chocolate - 1.40",1.40,CASH,
10/11/2020 10:29,Marvin Craig,"Regular Flavoured latte - Hazelnut - 2.55",2.55,CASH,
10/11/2020 10:30,Eelis Heinonen," Red label tea - 1.20,  Frappes - Strawberries & Cream - 2.75,  Iced americano - 2.15,  Flavoured iced latte - Hazelnut - 2.75",8.85,CARD,1842350481815600
10/11/2020 10:30,Rafael Soto," Babyccino - 0.00",.0,CASH,
10/11/2020 10:31,Maddison Carter,"Regular Hot chocolate - 2.20, Regular Flavoured latte - Hazelnut - 2.55,  Hot chocolate - 1.40,  Frappes - Strawberries & Cream - 2.75,  Speciality Tea - Darjeeling - 1.30",10.20,CARD,8730007241987058
10/11/2020 10:32,Eemeli Haataja," Frappes - Strawberries & Cream - 2.75,  Speciality Tea - Fruit - 1.30,  Speciality Tea - Camomile - 1.30, Large Latte - 2.45,  Speciality Tea - English breakfast - 1.30",9.10,CARD,7778270852886478
10/11/2020 10:32,Mathias Dahm,"Large Flavoured latte - Hazelnut - 2.85,  Frappes - Chocolate Cookie - 2.75,  Frappes - Coffee - 2.75,  Smoothies - Glowing Greens - 2.00,  Speciality Tea - Peppermint - 1.30",11.65,CARD,7573874510215
10/11/2020 10:33,Malgorzata May,"Regular Chai latte - 2.30",2.30,CARD,8945886163335993
10/11/2020 10:34,Bobby Ferguson," Flavoured iced latte - Hazelnut - 2.75,  Cortado - 2.05, Regular Cappuccino - 2.15,  Mocha - 2.30,  Flavoured iced latte - Hazelnut - 2.75",12.00,CASH,
10/11/2020 10:34,Mary Roux," Speciality Tea - Earl Grey - 1.30",1.30,CARD,35910289732068055
10/11/2020 10:35,Margareta Saur," Frappes - Strawberries & Cream - 2.75,  Frappes - Strawberries & Cream - 2.75,  Speciality Tea - Earl Grey - 1.30,  Speciality Tea - Darjeeling - 1.30,  Flavoured iced latte - Caramel - 2.75",10.85,CARD,20285430059614945
10/11/2020 10:35,Douglas Woods," Babyccino - 0.00,  Speciality Tea - Peppermint - 1.30,  Frappes - Chocolate Cookie - 2.75",4.05,CASH,
10/11/2020 10:36,Emily Rey," Flavoured iced latte - Caramel - 2.75, Regular Flavoured latte - Hazelnut - 2.55,  Speciality Tea - Peppermint - 1.30,  Frappes - Strawberries & Cream - 2.75, Large Latte - 2.45",11.80,CARD,5737553142533761
10/11/2020 10:37,Frederikke Petersen," Flavoured iced latte - Vanilla - 2.75,  Speciality Tea - Camomile - 1.30,  Frappes - Chocolate Cookie - 2.75,  Glass of milk - 0.70,  Speciality Tea - Camomile - 1.30",8.80,CARD,6011566679476715
10/11/2020 10:37,Iina Jokinen," Cortado - 2.05",2.05,CASH,
10/11/2020 10:38,Matthew Clarke," Frappes - Strawberries & Cream - 2.75,  Flat white - 2.15,  Red label tea - 1.20,  Flavoured iced latte - Vanilla - 2.75, Regular Americano - 1.95",10.80,CARD,3743823622469598
10/11/2020 10:38,Chad Brooks," Hot chocolate - 1.40,  Frappes - Coffee - 2.75, Regular Americano - 1.95",6.10,CASH,
10/11/2020 10:39,Pihla Kauppila," Cortado - 2.05,  Babyccino - 0.00,  Iced latte - 2.35,  Flavoured iced latte - Caramel - 2.75",7.15,CARD,8461197479816270
10/11/2020 10:40,Lisa Holland,"Large Hot chocolate - 2.90",2.90,CASH,
10/11/2020 10:40,Isaac Dunn," Red label tea - 1.20",1.20,CARD,2659162066144512
10/11/2020 10:41,Carly Dolman," Speciality Tea - Camomile - 1.30,  Flavoured iced latte - Vanilla - 2.75,  Speciality Tea - Camomile - 1.30",5.35,CASH,
10/11/2020 10:41,Vitus Stolle," Mocha - 2.30, Large Americano - 2.25",4.55,CARD,7409147681377834
10/11/2020 10:42,Rafael Price," Iced americano - 2.15,  Flat white - 2.15, Regular Hot chocolate - 2.20, Regular Flavoured hot chocolate - Hazelnut - 2.60,  Frappes - Strawberries & Cream - 2.75",11.85,CASH,
10/11/2020 10:43,Isabel Davies," Speciality Tea - Peppermint - 1.30,  Iced americano - 2.15",3.45,CARD,0323656353202452
10/11/2020 10:43,Btissame Verver,"Regular Flavoured hot chocolate - Caramel - 2.60,  Flavoured iced latte - Hazelnut - 2.75",5.35,CARD,6189061747697092
10/11/2020 10:44,Brooke Chapman,"Regular Latte - 2.15,  Frappes - Coffee - 2.75, Regular Flavoured latte - Vanilla - 2.55,  Frappes - Coffee - 2.75",10.20,CARD,2867927520154608
10/11/2020 10:45,Ralph Chapman,"Regular Flavoured hot chocolate - Hazelnut - 2.60,  Speciality Tea - Darjeeling - 1.30, Large Flavoured latte - Vanilla - 2.85,  Speciality Tea - English breakfast - 1.30, Large Espresso - 1.80",9.85,CARD,6011993142351937
10/11/2020 10:45,Mathew Fleming,"Regular Americano - 1.95,  Frappes - Coffee - 2.75,  Flavoured iced latte - Vanilla - 2.75,  Frappes - Strawberries & Cream - 2.75",10.20,CARD,1253730853881291
10/11/2020 10:46,Helmi Lauri,"Regular Flavoured latte - Gingerbread - 2.55,  Flavoured iced latte - Hazelnut - 2.75,  Frappes - Strawberries & Cream - 2.75",8.05,CARD,0642089142822
10/11/2020 10:46,Jamie Reynolds," Flavoured iced latte - Hazelnut - 2.75,  Frappes - Chocolate Cookie - 2.75,  Flavoured iced latte - Caramel - 2.75,  Flavoured iced latte - Caramel - 2.75",11.00,CASH,
10/11/2020 10:47,Carlos Barbosa," Babyccino - 0.00, Large Flavoured latte - Gingerbread - 2.85,  Frappes - Coffee - 2.75,  Speciality Tea - Peppermint - 1.30, Large Hot chocolate - 2.90",9.80,CARD,029060144919709
10/11/2020 10:48,Charlie Martin," Glass of milk - 0.70, Regular Flavoured latte - Gingerbread - 2.55,  Red label tea - 1.20,  Mocha - 2.30, Regular Americano - 1.95",8.70,CARD,5597797116002085
10/11/2020 10:48,Ann Wigman," Speciality Tea - Earl Grey - 1.30,  Red label tea - 1.20,  Cortado - 2.05,  Iced latte - 2.35, Regular Flavoured latte - Vanilla - 2.55",9.45,CARD,7323783068445750
10/11/2020 10:49,Edda Marx," Flavoured iced latte - Hazelnut - 2.75,  Smoothies - Glowing Greens - 2.00",4.75,CASH,
10/11/2020 10:49,Mathias Olsen,"Large Flavoured hot chocolate - Caramel - 2.90,  Speciality Tea - Camomile - 1.30",4.20,CASH,
10/11/2020 10:50,Josephine Sylte," Speciality Tea - English breakfast - 1.30, Regular Hot chocolate - 2.20,  Speciality Tea - Peppermint - 1.30,  Glass of milk - 0.70,  Speciality Tea - Darjeeling - 1.30",6.80,CASH,
10/11/2020 10:51,Katherine Morales," Frappes - Chocolate Cookie - 2.75, Regular Flavoured hot chocolate - Caramel - 2.60, Regular Flavoured latte - Vanilla - 2.55,  Speciality Tea - Fruit - 1.30",9.20,CASH,
10/11/2020 10:51,Todd Robinson,"Regular Filter coffee - 1.50,  Smoothies - Berry Beautiful - 2.00",3.50,CARD,4852738423149014
10/11/2020 10:52,Elizabeth Schaefers,"Regular Flavoured latte - Hazelnut - 2.55,  Smoothies - Glowing Greens - 2.00, Regular Chai latte - 2.30",6.85,CASH,
10/11/2020 10:53,Aleksi Maunu," Frappes - Strawberries & Cream - 2.75",2.75,CASH,
10/11/2020 10:53,Tina Lucas,"Regular Flavoured latte - Caramel - 2.55,  Frappes - Strawberries & Cream - 2.75,  Speciality Tea - Camomile - 1.30",6.60,CASH,
10/11/2020 10:54,Tigo Koopmans," Red label tea - 1.20,  Smoothies - Glowing Greens - 2.00,  Hot chocolate - 1.40,  Frappes - Strawberries & Cream - 2.75",7.35,CASH,
10/11/2020 10:54,Rosalia Petit,"Large Filter coffee - 1.80,  Speciality Tea - Camomile - 1.30,  Smoothies - Glowing Greens - 2.00",5.10,CASH,
10/11/2020 10:55,Johan Petersen," Speciality Tea - Fruit - 1.30,  Speciality Tea - Green - 1.30, Regular Latte - 2.15, Regular Flavoured hot chocolate - Hazelnut - 2.60",7.35,CARD,5400853444176598
10/11/2020 10:56,Eelis Saarinen," Frappes - Strawberries & Cream - 2.75, Large Luxury hot chocolate - 2.70,  Flavoured iced latte - Vanilla - 2.75, Regular Espresso - 1.50",9.70,CASH,
10/11/2020 10:56,Ashton Chen," Speciality Tea - English breakfast - 1.30,  Speciality Tea - Fruit - 1.30,  Speciality Tea - Camomile - 1.30,  Mocha - 2.30,  Flavoured iced latte - Hazelnut - 2.75",8.95,CARD,425380175126966
10/11/2020 10:57,Gina Dixon," Babyccino - 0.00,  Speciality Tea - Darjeeling - 1.30,  Speciality Tea - Earl Grey - 1.30, Regular Filter coffee - 1.50,  Iced americano - 2.15",6.25,CARD,0902193460067505
10/11/2020 10:57,Alex Aubert,"Regular Flavoured latte - Hazelnut - 2.55, Regular Hot chocolate - 2.20,  Hot chocolate - 1.40",6.15,CARD,6011818489530556
10/11/2020 10:58,Allison White," Speciality Tea - Darjeeling - 1.30,  Iced latte - 2.35, Large Americano - 2.25,  Iced latte - 2.35, Regular Hot chocolate - 2.20",10.45,CARD,6548002550616726
10/11/2020 10:59,Otto Kotila,"Large Flavoured latte - Gingerbread - 2.85, Regular Flavoured latte - Hazelnut - 2.55,  Speciality Tea - English breakfast - 1.30,  Speciality Tea - Green - 1.30,  Cortado - 2.05",10.05,CARD,1778194759676611
10/11/2020 10:59,Brandy Reid,"Large Flavoured hot chocolate - Hazelnut - 2.90,  Frappes - Coffee - 2.75",5.65,CARD,6287690645166664
10/11/2020 11:00,Roope Lammi," Smoothies - Berry Beautiful - 2.00",2.00,CARD,0492005854336328
10/11/2020 11:01,Marick Hak," Hot chocolate - 1.40",1.40,CASH,
10/11/2020 11:02,Nicolas Esteban," Hot chocolate - 1.40",1.40,CARD,6011613361299621
10/11/2020 11:03,Same Fernandez," Cortado - 2.05,  Flavoured iced latte - Caramel - 2.75, Large Hot chocolate - 2.90, Large Flavoured latte - Hazelnut - 2.85",10.55,CARD,574260009891138
10/11/2020 11:05,Ramon Anderson,"Regular Flavoured latte - Vanilla - 2.55,  Speciality Tea - Peppermint - 1.30",3.85,CASH,
10/11/2020 11:06,Leevi Arola,"Regular Americano - 1.95, Regular Flavoured latte - Vanilla - 2.55, Large Cappuccino - 2.45",6.95,CARD,1496872097500224
10/11/2020 11:07,Allan Carlson,"Large Americano - 2.25",2.25,CASH,
10/11/2020 11:08,Sophie Fernandez,"Regular Americano - 1.95,  Hot chocolate - 1.40, Regular Filter coffee - 1.50",4.85,CARD,6778578153948858
10/11/2020 11:09,Ruben Benitez," Speciality Tea - Peppermint - 1.30",1.30,CARD,425302362077681
10/11/2020 11:10,Louise Foster,"Regular Flavoured hot chocolate - Vanilla - 2.60,  Speciality Tea - Earl Grey - 1.30",3.90,CASH,
10/11/2020 11:12,Jayda Hulsebosch," Speciality Tea - Peppermint - 1.30,  Speciality Tea - Camomile - 1.30",2.60,CARD,9311605961353410
10/11/2020 11:13,Emma Sakala," Speciality Tea - Fruit - 1.30,  Glass of milk - 0.70, Regular Flavoured hot chocolate - Caramel - 2.60,  Flat white - 2.15",6.75,CARD,1845157157185634
10/11/2020 11:14,Caroline Hansen,"Regular Americano - 1.95",1.95,CARD,4732005613413757
10/11/2020 11:15,Ronja Henry," Frappes - Coffee - 2.75,  Mocha - 2.30,  Frappes - Chocolate Cookie - 2.75, Regular Filter coffee - 1.50,  Flavoured iced latte - Caramel - 2.75",12.05,CASH,
10/11/2020 11:16,Derek Chapman," Frappes - Strawberries & Cream - 2.75, Regular Filter coffee - 1.50,  Frappes - Chocolate Cookie - 2.75,  Flat white - 2.15, Large Flavoured latte - Hazelnut - 2.85",12.00,CASH,
10/11/2020 11:17,Henry Zhang," Frappes - Coffee - 2.75, Regular Filter coffee - 1.50,  Speciality Tea - Green - 1.30,  Smoothies - Berry Beautiful - 2.00",7.55,CASH,
10/11/2020 11:19,Krista Joachim,"Large Chai latte - 2.60, Regular Chai latte - 2.30,  Flavoured iced latte - Vanilla - 2.75",7.65,CASH,
10/11/2020 11:20,Sylvia Price," Hot chocolate - 1.40, Large Hot chocolate - 2.90,  Frappes - Strawberries & Cream - 2.75",7.05,CARD,1452438737816251
10/11/2020 11:21,Nathan Vilhelmsen," Frappes - Strawberries & Cream - 2.75,  Speciality Tea - Earl Grey - 1.30,  Smoothies - Berry Beautiful - 2.00,  Speciality Tea - Camomile - 1.30, Regular Americano - 1.95",9.30,CASH,
10/11/2020 11:22,Florin Perez,"Regular Flavoured hot chocolate - Hazelnut - 2.60, Regular Hot chocolate - 2.20",4.80,CASH,
10/11/2020 11:23,Jordi Aguilar,"Regular Flavoured hot chocolate - Caramel - 2.60, Regular Filter coffee - 1.50, Large Flavoured hot chocolate - Vanilla - 2.90",7.00,CARD,2232615333205
10/11/2020 11:25,Justin Walker," Smoothies - Glowing Greens - 2.00, Large Flavoured hot chocolate - Caramel - 2.90,  Speciality Tea - Green - 1.30",6.20,CASH,
10/11/2020 11:26,Gilmar Wempe," Mocha - 2.30,  Speciality Tea - Peppermint - 1.30,  Flavoured iced latte - Caramel - 2.75,  Flavoured iced latte - Vanilla - 2.75, Regular Flavoured hot chocolate - Vanilla - 2.60",11.70,CASH,
10/11/2020 11:27,Silas Larsen," Speciality Tea - English breakfast - 1.30, Large Flavoured hot chocolate - Hazelnut - 2.90,  Smoothies - Glowing Greens - 2.00, Regular Hot chocolate - 2.20,  Speciality Tea - Peppermint - 1.30",9.70,CASH,
10/11/2020 11:28,Onni Ranta," Frappes - Chocolate Cookie - 2.75, Regular Americano - 1.95,  Babyccino - 0.00,  Speciality Tea - Darjeeling - 1.30,  Speciality Tea - English breakfast - 1.30",7.30,CARD,5868621737239171
10/11/2020 11:29,Elise Denis," Smoothies - Glowing Greens - 2.00,  Speciality Tea - Earl Grey - 1.30,  Smoothies - Glowing Greens - 2.00",5.30,CASH,
10/11/2020 11:30,Joshua Taylor,"Regular Americano - 1.95",1.95,CARD,5823618968171
10/11/2020 11:32,Serenity Meyer,"Large Flavoured latte - Vanilla - 2.85",2.85,CASH,
10/11/2020 11:33,Victor Lavigne," Smoothies - Carrot Kick - 2.00,  Mocha - 2.30,  Frappes - Chocolate Cookie - 2.75,  Frappes - Strawberries & Cream - 2.75",9.80,CARD,5764850708354
10/11/2020 11:34,Mae Rodriguez,"Large Cappuccino - 2.45,  Speciality Tea - Fruit - 1.30, Large Americano - 2.25",6.00,CASH,
10/11/2020 11:35,Louise Jennings," Speciality Tea - Green - 1.30,  Iced latte - 2.35,  Frappes - Chocolate Cookie - 2.75,  Frappes - Chocolate Cookie - 2.75, Regular Espresso - 1.50",10.65,CARD,6011964840299096
10/11/2020 11:36,Ava Durand,"Large Flavoured hot chocolate - Vanilla - 2.90,  Red label tea - 1.20, Large Hot chocolate - 2.90",7.00,CARD,9723869898215923
10/11/2020 11:37,Mercedes Dominguez," Frappes - Coffee - 2.75,  Smoothies - Glowing Greens - 2.00, Large Americano - 2.25",7.00,CARD,213037627354885
10/11/2020 11:39,Toby Lee,"Regular Americano - 1.95,  Frappes - Strawberries & Cream - 2.75,  Hot chocolate - 1.40",6.10,CARD,2794893403090
10/11/2020 11:40,Tim Hegre," Speciality Tea - Peppermint - 1.30,  Flavoured iced latte - Hazelnut - 2.75,  Frappes - Chocolate Cookie - 2.75,  Babyccino - 0.00,  Flavoured iced latte - Hazelnut - 2.75",9.55,CARD,7888194522366
10/11/2020 11:41,Juan Cabrera,"Large Flavoured hot chocolate - Hazelnut - 2.90, Large Flavoured hot chocolate - Vanilla - 2.90, Regular Luxury hot chocolate - 2.40",8.20,CARD,6011704133901433
10/11/2020 11:42,Silje Pedersen,"Regular Hot chocolate - 2.20,  Hot chocolate - 1.40,  Flavoured iced latte - Caramel - 2.75",6.35,CARD,8757703186678296
10/11/2020 11:43,Janina Maisch," Speciality Tea - Earl Grey - 1.30,  Red label tea - 1.20",2.50,CASH,
10/11/2020 11:45,Emily Fortin,"Large Americano - 2.25, Regular Luxury hot chocolate - 2.40, Regular Flavoured hot chocolate - Hazelnut - 2.60,  Speciality Tea - Peppermint - 1.30,  Frappes - Chocolate Cookie - 2.75",11.30,CARD,3861259619583
10/11/2020 11:46,Kerttu Mattila," Speciality Tea - Peppermint - 1.30,  Speciality Tea - Camomile - 1.30,  Speciality Tea - Camomile - 1.30,  Smoothies - Carrot Kick - 2.00",5.90,CARD,3216567370024906
10/11/2020 11:47,Andrea Langen," Smoothies - Glowing Greens - 2.00, Regular Hot chocolate - 2.20,  Flat white - 2.15",6.35,CARD,0322116760784660
10/11/2020 11:48,Cristina Treiber,"Large Latte - 2.45",2.45,CASH,
10/11/2020 11:49,Amanda Salmela," Speciality Tea - Green - 1.30,  Speciality Tea - English breakfast - 1.30, Large Flavoured latte - Gingerbread - 2.85",5.45,CASH,
10/11/2020 11:50,Hilla Mikkola," Smoothies - Berry Beautiful - 2.00, Large Flavoured latte - Vanilla - 2.85,  Speciality Tea - Green - 1.30, Large Flavoured hot chocolate - Vanilla - 2.90, Regular Flavoured latte - Caramel - 2.55",11.60,CARD,7066743545618105
10/11/2020 11:52,Sara Boyd," Red label tea - 1.20, Regular Hot chocolate - 2.20,  Frappes - Strawberries & Cream - 2.75,  Smoothies - Glowing Greens - 2.00",8.15,CARD,9272011570524284
10/11/2020 11:53,Lias Hermansen," Iced latte - 2.35, Large Hot chocolate - 2.90",5.25,CARD,7136254281151
10/11/2020 11:54,Carolyn Wilson," Frappes - Strawberries & Cream - 2.75,  Speciality Tea - Green - 1.30,  Babyccino - 0.00,  Frappes - Chocolate Cookie - 2.75",6.80,CARD,080918639762764
10/11/2020 11:55,Gabriel Michel," Speciality Tea - English breakfast - 1.30, Regular Flavoured hot chocolate - Hazelnut - 2.60,  Flavoured iced latte - Vanilla - 2.75, Large Americano - 2.25,  Hot chocolate - 1.40",10.30,CARD,1170167638392
10/11/2020 11:56,Matthew Bonnet," Speciality Tea - Darjeeling - 1.30,  Flavoured iced latte - Vanilla - 2.75",4.05,CARD,5510105383025076
10/11/2020 11:57,Leonardo Holmgren,"Large Flavoured hot chocolate - Caramel - 2.90",2.90,CASH,
10/11/2020 11:59,Rahaf Sletner," Frappes - Strawberries & Cream - 2.75,  Speciality Tea - Green - 1.30,  Flavoured iced latte - Hazelnut - 2.75,  Flavoured iced latte - Caramel - 2.75, Regular Flavoured latte - Gingerbread - 2.55",12.10,CARD,8479690455183483
10/11/2020 12:00,David Roberts,"Regular Latte - 2.15,  Speciality Tea - Green - 1.30",3.45,CARD,6011823506192949
10/11/2020 12:02,Marte Apeland," Speciality Tea - Peppermint - 1.30, Large Latte - 2.45, Large Hot chocolate - 2.90, Regular Flavoured latte - Gingerbread - 2.55,  Speciality Tea - Earl Grey - 1.30",10.50,CARD,1793821101574293
10/11/2020 12:03,Savannah Roberts," Frappes - Coffee - 2.75,  Speciality Tea - English breakfast - 1.30,  Iced americano - 2.15",6.20,CARD,851743583144130
10/11/2020 12:05,Courtney Owens," Speciality Tea - English breakfast - 1.30,  Red label tea - 1.20",2.50,CASH,
10/11/2020 12:07,Vincenza Olivier," Speciality Tea - Fruit - 1.30,  Flavoured iced latte - Hazelnut - 2.75,  Flavoured iced latte - Vanilla - 2.75",6.80,CARD,1821019790557
10/11/2020 12:08,Adem Alyanak,"Regular Americano - 1.95,  Red label tea - 1.20",3.15,CASH,
10/11/2020 12:10,Selma Olsen,"Regular Flavoured latte - Hazelnut - 2.55",2.55,CARD,5750114872791510
10/11/2020 12:12,Eugenia Wicke," Frappes - Strawberries & Cream - 2.75, Regular Espresso - 1.50,  Iced americano - 2.15",6.40,CARD,1150395987854143
10/11/2020 12:14,Gloria Nieto,"Large Filter coffee - 1.80,  Frappes - Chocolate Cookie - 2.75, Regular Cappuccino - 2.15, Large Flavoured latte - Gingerbread - 2.85",9.55,CARD,6789585107034
10/11/2020 12:15,Ragna Hustveit,"Regular Flavoured hot chocolate - Caramel - 2.60,  Cortado - 2.05,  Glass of milk - 0.70,  Smoothies - Carrot Kick - 2.00",7.35,CASH,
10/11/2020 12:17,Domingas Nogueira," Flavoured iced latte - Caramel - 2.75,  Smoothies - Glowing Greens - 2.00",4.75,CARD,6011851577610663
10/11/2020 12:19,Minnie Gutierrez," Speciality Tea - Darjeeling - 1.30, Regular Hot chocolate - 2.20,  Frappes - Strawberries & Cream - 2.75, Large Flavoured hot chocolate - Caramel - 2.90",9.15,CARD,7608391896989081
10/11/2020 12:20,Teresa Leon," Red label tea - 1.20, Large Hot chocolate - 2.90,  Frappes - Coffee - 2.75,  Speciality Tea - Earl Grey - 1.30",8.15,CARD,6011070971004494
10/11/2020 12:22,Patrik Fournier,"Large Chai latte - 2.60,  Smoothies - Glowing Greens - 2.00,  Speciality Tea - Peppermint - 1.30",5.90,CARD,040542414905422
10/11/2020 12:24,Jesse Simpson," Frappes - Strawberries & Cream - 2.75",2.75,CARD,5093856443547284
10/11/2020 12:26,Gaute Gjerde,"Large Filter coffee - 1.80,  Speciality Tea - Earl Grey - 1.30",3.10,CARD,3143082035172950
10/11/2020 12:27,Wulf Sieben," Speciality Tea - Earl Grey - 1.30",1.30,CASH,
10/11/2020 12:29,Vernon Cox," Speciality Tea - Fruit - 1.30,  Flavoured iced latte - Vanilla - 2.75,  Frappes - Chocolate Cookie - 2.75, Large Flavoured hot chocolate - Hazelnut - 2.90",9.70,CARD,1383319278178
10/11/2020 12:31,Amelie Dufour," Iced americano - 2.15,  Speciality Tea - Peppermint - 1.30,  Speciality Tea - Peppermint - 1.30",4.75,CASH,
10/11/2020 12:32,Maya King,"Regular Cappuccino - 2.15, Regular Flavoured latte - Gingerbread - 2.55,  Frappes - Strawberries & Cream - 2.75, Regular Cappuccino - 2.15,  Frappes - Strawberries & Cream - 2.75",12.35,CARD,6011598717697244
10/11/2020 12:34,Elijah Turner," Speciality Tea - Green - 1.30, Regular Flavoured latte - Hazelnut - 2.55,  Flavoured iced latte - Hazelnut - 2.75,  Speciality Tea - Peppermint - 1.30,  Flavoured iced latte - Caramel - 2.75",10.65,CARD,6011735592350213
10/11/2020 12:36,Landon Thompson,"Regular Flavoured latte - Vanilla - 2.55, Large Flavoured latte - Gingerbread - 2.85,  Frappes - Strawberries & Cream - 2.75,  Frappes - Strawberries & Cream - 2.75",10.90,CASH,
10/11/2020 12:38,Fianne Drost,"Regular Flavoured latte - Vanilla - 2.55,  Speciality Tea - Peppermint - 1.30, Regular Flavoured latte - Caramel - 2.55, Regular Flavoured hot chocolate - Caramel - 2.60",9.00,CASH,
10/11/2020 12:39,Mathieu Brunet," Red label tea - 1.20, Regular Flavoured hot chocolate - Caramel - 2.60, Regular Flavoured latte - Gingerbread - 2.55",6.35,CASH,
10/11/2020 12:41,Kerttu Salonen,"Large Latte - 2.45",2.45,CARD,6011379571887715
10/11/2020 12:43,Victor Rojas," Flat white - 2.15, Large Flavoured latte - Caramel - 2.85,  Cortado - 2.05",7.05,CARD,7996583645608
10/11/2020 12:44,Corentin Joly,"Large Flavoured hot chocolate - Caramel - 2.90,  Speciality Tea - English breakfast - 1.30, Large Filter coffee - 1.80, Regular Flavoured latte - Caramel - 2.55",8.55,CARD,5751324234392868
10/11/2020 12:46,Andrea Rasmussen,"Large Chai latte - 2.60,  Frappes - Strawberries & Cream - 2.75",5.35,CARD,91000818669339190
10/11/2020 12:48,Loura Meeuwissen," Speciality Tea - Earl Grey - 1.30,  Red label tea - 1.20",2.50,CASH,
10/11/2020 12:50,Lea Gagnon," Speciality Tea - Camomile - 1.30, Regular Flavoured latte - Caramel - 2.55, Regular Flavoured latte - Caramel - 2.55,  Iced americano - 2.15,  Speciality Tea - English breakfast - 1.30",9.85,CASH,
10/11/2020 12:51,Jeremy Mitchell," Hot chocolate - 1.40,  Frappes - Chocolate Cookie - 2.75,  Smoothies - Berry Beautiful - 2.00",6.15,CARD,0257193804459512
10/11/2020 12:53,Mona Elvenes," Smoothies - Carrot Kick - 2.00, Regular Flavoured latte - Caramel - 2.55, Regular Flavoured latte - Caramel - 2.55,  Iced americano - 2.15",9.25,CASH,
10/11/2020 12:55,Manon Fournier," Flavoured iced latte - Hazelnut - 2.75",2.75,CARD,0860103000926
10/11/2020 12:56,Isabelle Clarke," Flat white - 2.15",2.15,CASH,
10/11/2020 12:58,Benedikt Giraud," Cortado - 2.05",2.05,CASH,
10/11/2020 13:00,Ines Navarro," Speciality Tea - Earl Grey - 1.30,  Speciality Tea - Fruit - 1.30",2.60,CARD,7622944083785
10/11/2020 13:00,Osman Feijen,"Large Americano - 2.25,  Speciality Tea - Darjeeling - 1.30,  Flavoured iced latte - Hazelnut - 2.75,  Iced latte - 2.35",8.65,CARD,862576896062798
10/11/2020 13:01,Immo Opitz," Frappes - Coffee - 2.75",2.75,CARD,9679919861062145
10/11/2020 13:01,Liam Patel,"Large Flavoured hot chocolate - Hazelnut - 2.90,  Flavoured iced latte - Hazelnut - 2.75,  Speciality Tea - Fruit - 1.30, Large Hot chocolate - 2.90",9.85,CASH,
10/11/2020 13:02,Claudenice Martins,"Large Flavoured hot chocolate - Hazelnut - 2.90,  Flavoured iced latte - Vanilla - 2.75, Large Filter coffee - 1.80,  Speciality Tea - Peppermint - 1.30, Large Americano - 2.25",11.00,CARD,5780231144801525
10/11/2020 13:02,Iiris Pulli," Flat white - 2.15,  Glass of milk - 0.70,  Mocha - 2.30,  Speciality Tea - Fruit - 1.30, Regular Americano - 1.95",8.40,CASH,
10/11/2020 13:03,Ran Beunder," Flavoured iced latte - Caramel - 2.75,  Smoothies - Berry Beautiful - 2.00,  Cortado - 2.05, Large Flavoured hot chocolate - Hazelnut - 2.90,  Speciality Tea - Fruit - 1.30",11.00,CARD,6011672370254955
10/11/2020 13:04,Anthony Berger," Flavoured iced latte - Hazelnut - 2.75,  Glass of milk - 0.70,  Speciality Tea - Peppermint - 1.30",4.75,CARD,0939031318406592
10/11/2020 13:04,Leta Willis,"Large Flavoured latte - Gingerbread - 2.85",2.85,CARD,1077448282550
10/11/2020 13:05,Benjamin Madsen,"Regular Flavoured latte - Hazelnut - 2.55",2.55,CARD,6011464003333575
10/11/2020 13:05,Louella Baker,"Large Americano - 2.25,  Flat white - 2.15",4.40,CARD,6011406567689601
10/11/2020 13:06,Susie Rocha," Speciality Tea - Camomile - 1.30, Large Hot chocolate - 2.90",4.20,CARD,6011497062100125
10/11/2020 13:06,Michelle Grant," Speciality Tea - Green - 1.30",1.30,CARD,3248325278463802
10/11/2020 13:07,Ehrentraud Lehr," Frappes - Strawberries & Cream - 2.75,  Flavoured iced latte - Vanilla - 2.75,  Speciality Tea - English breakfast - 1.30",6.80,CARD,2456557107870579
10/11/2020 13:07,Sieglinde Egger," Speciality Tea - Peppermint - 1.30,  Frappes - Coffee - 2.75,  Flat white - 2.15",6.20,CARD,0409918792030
10/11/2020 13:08,Tommaso Roche,"Regular Flavoured latte - Hazelnut - 2.55",2.55,CARD,086700299225340
10/11/2020 13:08,Christina Torres," Frappes - Strawberries & Cream - 2.75",2.75,CARD,1357408086918172
10/11/2020 13:09,Christian Mortensen," Flavoured iced latte - Vanilla - 2.75,  Flavoured iced latte - Hazelnut - 2.75,  Flat white - 2.15,  Flavoured iced latte - Hazelnut - 2.75",10.40,CARD,6011548721315580
10/11/2020 13:09,Generosa Moura,"Regular Flavoured hot chocolate - Hazelnut - 2.60",2.60,CARD,1501571616742103
10/11/2020 13:10,Daryl May,"Large Filter coffee - 1.80,  Frappes - Strawberries & Cream - 2.75,  Speciality Tea - Earl Grey - 1.30, Large Americano - 2.25,  Smoothies - Glowing Greens - 2.00",10.10,CARD,6462625666317634
10/11/2020 13:10,Laurie Ross,"Regular Americano - 1.95,  Flavoured iced latte - Caramel - 2.75, Regular Flavoured hot chocolate - Vanilla - 2.60,  Smoothies - Carrot Kick - 2.00",9.30,CASH,
10/11/2020 13:11,Leander Fjermestad," Smoothies - Berry Beautiful - 2.00,  Hot chocolate - 1.40,  Speciality Tea - Peppermint - 1.30",4.70,CARD,2019147702190618
10/11/2020 13:11,Olivia Halonen," Glass of milk - 0.70, Large Flavoured latte - Gingerbread - 2.85, Large Cappuccino - 2.45,  Iced americano - 2.15",8.15,CASH,
10/11/2020 13:12,Nataniel Rovik," Frappes - Strawberries & Cream - 2.75,  Hot chocolate - 1.40,  Flavoured iced latte - Vanilla - 2.75, Large Americano - 2.25",9.15,CARD,480721863770549
10/11/2020 13:12,Sienna Patel," Speciality Tea - Green - 1.30,  Frappes - Chocolate Cookie - 2.75",4.05,CARD,3366249141683181
10/11/2020 13:13,Juri Stork,"Large Hot chocolate - 2.90,  Hot chocolate - 1.40,  Frappes - Strawberries & Cream - 2.75, Large Filter coffee - 1.80",8.85,CASH,
10/11/2020 13:13,Vincent Martin," Speciality Tea - Fruit - 1.30,  Flat white - 2.15,  Smoothies - Berry Beautiful - 2.00,  Iced latte - 2.35",7.80,CASH,
10/11/2020 13:14,Erika Webb,"Regular Americano - 1.95, Large Latte - 2.45",4.40,CASH,
10/11/2020 13:14,Ceylan Ekici,"Regular Americano - 1.95,  Speciality Tea - English breakfast - 1.30,  Speciality Tea - Darjeeling - 1.30, Large Flavoured hot chocolate - Caramel - 2.90",7.45,CASH,
10/11/2020 13:15,Philip Thomsen,"Large Flavoured hot chocolate - Caramel - 2.90, Large Espresso - 1.80",4.70,CASH,
10/11/2020 13:16,Lily Edwards," Speciality Tea - Peppermint - 1.30, Regular Cappuccino - 2.15",3.45,CASH,
10/11/2020 13:16,Ege Duygulu,"Regular Espresso - 1.50",1.50,CASH,
10/11/2020 13:17,Russell Hanson," Frappes - Chocolate Cookie - 2.75, Regular Espresso - 1.50",4.25,CARD,2564642451447293
10/11/2020 13:17,Carter Harcourt,"Regular Flavoured latte - Gingerbread - 2.55,  Flavoured iced latte - Vanilla - 2.75, Regular Flavoured latte - Gingerbread - 2.55",7.85,CARD,435554955087732
10/11/2020 13:18,Jorge Lowe,"Large Hot chocolate - 2.90,  Frappes - Chocolate Cookie - 2.75,  Flavoured iced latte - Hazelnut - 2.75",8.40,CARD,6011581573414710
10/11/2020 13:18,Alex Stanley,"Large Americano - 2.25,  Speciality Tea - Fruit - 1.30,  Speciality Tea - Peppermint - 1.30,  Iced latte - 2.35",7.20,CARD,377283294169752
10/11/2020 13:19,Giulia Caron," Flat white - 2.15,  Cortado - 2.05,  Mocha - 2.30,  Glass of milk - 0.70",7.20,CARD,0797640721721746
10/11/2020 13:19,Joyce Burke," Flavoured iced latte - Hazelnut - 2.75,  Flavoured iced latte - Hazelnut - 2.75,  Speciality Tea - Peppermint - 1.30,  Smoothies - Glowing Greens - 2.00",8.80,CARD,43447796578599786
10/11/2020 13:20,Tristan Johansen," Frappes - Coffee - 2.75,  Flavoured iced latte - Hazelnut - 2.75",5.50,CARD,9304949107629083
10/11/2020 13:20,Dinh Delfos," Speciality Tea - Peppermint - 1.30,  Flavoured iced latte - Hazelnut - 2.75,  Red label tea - 1.20,  Speciality Tea - Peppermint - 1.30",6.55,CARD,6011455312555934
10/11/2020 13:21,Catherine Hill," Iced americano - 2.15,  Frappes - Chocolate Cookie - 2.75,  Speciality Tea - Peppermint - 1.30,  Glass of milk - 0.70",6.90,CARD,3945230593135327
10/11/2020 13:21,Marcos Dominguez,"Large Espresso - 1.80, Regular Flavoured latte - Gingerbread - 2.55,  Flavoured iced latte - Hazelnut - 2.75",7.10,CARD,3455141667305
10/11/2020 13:22,Neil Jordan," Flat white - 2.15,  Flat white - 2.15, Regular Americano - 1.95,  Glass of milk - 0.70,  Speciality Tea - Peppermint - 1.30",8.25,CARD,0797463774233636
10/11/2020 13:22,Morena Pierre," Cortado - 2.05,  Speciality Tea - Camomile - 1.30,  Flavoured iced latte - Hazelnut - 2.75,  Flavoured iced latte - Hazelnut - 2.75, Large Americano - 2.25",11.10,CARD,3315341692825212
10/11/2020 13:23,Darren Ray," Babyccino - 0.00",.0,CARD,4530733810434681
10/11/2020 13:23,Kiara Muller," Flavoured iced latte - Hazelnut - 2.75,  Speciality Tea - Earl Grey - 1.30,  Speciality Tea - Earl Grey - 1.30, Regular Espresso - 1.50,  Hot chocolate - 1.40",8.25,CARD,4248541669553645
10/11/2020 13:24,Viivi Savela," Iced americano - 2.15,  Speciality Tea - English breakfast - 1.30,  Hot chocolate - 1.40, Regular Flavoured hot chocolate - Caramel - 2.60, Large Flavoured latte - Hazelnut - 2.85",10.30,CASH,
10/11/2020 13:24,Arttu Hautala," Hot chocolate - 1.40,  Speciality Tea - Darjeeling - 1.30, Regular Americano - 1.95",4.65,CARD,0833215426995335
10/11/2020 13:25,Tamara Payne,"Large Americano - 2.25,  Flavoured iced latte - Vanilla - 2.75, Regular Flavoured hot chocolate - Vanilla - 2.60",7.60,CARD,3498029431933
10/11/2020 13:25,Christian Moreno," Frappes - Coffee - 2.75,  Speciality Tea - Peppermint - 1.30,  Flavoured iced latte - Vanilla - 2.75,  Flavoured iced latte - Vanilla - 2.75",9.55,CASH,
10/11/2020 13:26,Ananda Barink,"Regular Luxury hot chocolate - 2.40,  Speciality Tea - Darjeeling - 1.30",3.70,CARD,6011872388623686
10/11/2020 13:26,Anania Vieira," Frappes - Coffee - 2.75,  Speciality Tea - English breakfast - 1.30,  Red label tea - 1.20",5.25,CASH,
10/11/2020 13:27,Ragna Reppe,"Regular Flavoured latte - Gingerbread - 2.55, Large Filter coffee - 1.80,  Flavoured iced latte - Caramel - 2.75",7.10,CASH,
10/11/2020 13:28,Vincent Scott," Speciality Tea - Darjeeling - 1.30, Regular Hot chocolate - 2.20",3.50,CASH,
10/11/2020 13:28,Lissi Strohmeier," Iced americano - 2.15,  Frappes - Coffee - 2.75",4.90,CARD,5294197070397609
10/11/2020 13:29,Walburga Bartl," Iced latte - 2.35,  Speciality Tea - Green - 1.30",3.65,CASH,
10/11/2020 13:29,Nicole Zauner," Smoothies - Carrot Kick - 2.00,  Frappes - Strawberries & Cream - 2.75,  Frappes - Strawberries & Cream - 2.75,  Red label tea - 1.20,  Flavoured iced latte - Hazelnut - 2.75",11.45,CARD,969950911385013
10/11/2020 13:30,Courtney Jackson," Speciality Tea - Earl Grey - 1.30, Large Flavoured hot chocolate - Vanilla - 2.90,  Speciality Tea - Peppermint - 1.30",5.50,CARD,7765813706203
10/11/2020 13:30,Loredana Roy,"Large Flavoured latte - Caramel - 2.85,  Speciality Tea - Fruit - 1.30,  Flavoured iced latte - Caramel - 2.75, Large Flavoured latte - Vanilla - 2.85",9.75,CARD,2593730766212829
10/11/2020 13:31,Alvaro Moreno,"Regular Filter coffee - 1.50, Large Filter coffee - 1.80,  Flavoured iced latte - Hazelnut - 2.75",6.05,CASH,
10/11/2020 13:31,Slimane Rombouts,"Regular Cappuccino - 2.15,  Flavoured iced latte - Hazelnut - 2.75,  Frappes - Strawberries & Cream - 2.75",7.65,CASH,
10/11/2020 13:32,Johanne Olsen," Smoothies - Carrot Kick - 2.00,  Frappes - Chocolate Cookie - 2.75, Regular Chai latte - 2.30",7.05,CARD,638033581230693
10/11/2020 13:32,Salvatore Hansel,"Large Flavoured hot chocolate - Caramel - 2.90",2.90,CASH,
10/11/2020 13:33,Daniela Torres," Flavoured iced latte - Caramel - 2.75, Regular Americano - 1.95,  Frappes - Chocolate Cookie - 2.75",7.45,CARD,9425727791788770
10/11/2020 13:33,Vincenzo Michel,"Large Latte - 2.45,  Speciality Tea - Peppermint - 1.30,  Speciality Tea - Peppermint - 1.30",5.05,CARD,6011292279625406
10/11/2020 13:34,Savannah Clarke,"Large Flavoured hot chocolate - Hazelnut - 2.90,  Frappes - Strawberries & Cream - 2.75",5.65,CARD,8534263102548028
10/11/2020 13:34,Cecil Jordan,"Regular Chai latte - 2.30,  Speciality Tea - Fruit - 1.30",3.60,CARD,6011959134279048
10/11/2020 13:35,Kay Payne,"Regular Flavoured latte - Caramel - 2.55, Regular Americano - 1.95",4.50,CARD,8061722380176045
10/11/2020 13:35,Sofia Christensen," Mocha - 2.30,  Smoothies - Berry Beautiful - 2.00,  Speciality Tea - Peppermint - 1.30",5.60,CASH,
10/11/2020 13:36,Nikoline Hermann," Red label tea - 1.20, Regular Flavoured hot chocolate - Vanilla - 2.60, Regular Flavoured latte - Vanilla - 2.55",6.35,CARD,3968474716193187
10/11/2020 13:36,Lewis Lowe," Red label tea - 1.20, Regular Flavoured hot chocolate - Caramel - 2.60",3.80,CASH,
10/11/2020 13:37,Elizabeth Martin,"Large Flavoured latte - Caramel - 2.85, Regular Flavoured hot chocolate - Hazelnut - 2.60",5.45,CARD,6011637521444172
10/11/2020 13:37,Lee Ryan," Frappes - Chocolate Cookie - 2.75",2.75,CARD,1271680062566365
10/11/2020 13:38,Marie Hunt,"Large Flavoured latte - Gingerbread - 2.85, Regular Luxury hot chocolate - 2.40,  Speciality Tea - Fruit - 1.30,  Iced latte - 2.35, Regular Americano - 1.95",10.85,CARD,80813379515879450
10/11/2020 13:38,Dolores Burke," Speciality Tea - English breakfast - 1.30,  Speciality Tea - Peppermint - 1.30",2.60,CARD,2967388302886
10/11/2020 13:39,Francis Roberts," Red label tea - 1.20",1.20,CARD,7841483929072952
10/11/2020 13:40,Armand Morel," Flavoured iced latte - Hazelnut - 2.75,  Speciality Tea - English breakfast - 1.30",4.05,CARD,6721475258570011
10/11/2020 13:40,Olivia Holland," Flavoured iced latte - Hazelnut - 2.75, Regular Flavoured hot chocolate - Vanilla - 2.60, Regular Chai latte - 2.30,  Cortado - 2.05,  Cortado - 2.05",11.75,CASH,
10/11/2020 13:41,Rasmus Lehtonen," Speciality Tea - Darjeeling - 1.30, Regular Flavoured hot chocolate - Vanilla - 2.60",3.90,CASH,
10/11/2020 13:41,Brooklyn Stone," Speciality Tea - Peppermint - 1.30,  Red label tea - 1.20, Large Flavoured latte - Hazelnut - 2.85, Regular Luxury hot chocolate - 2.40, Large Americano - 2.25",10.00,CARD,2402554491046547
10/11/2020 13:42,Justin Carr," Frappes - Strawberries & Cream - 2.75,  Flavoured iced latte - Caramel - 2.75,  Iced americano - 2.15",7.65,CARD,6011540522659023
10/11/2020 13:42,Owen Welch,"Regular Luxury hot chocolate - 2.40,  Speciality Tea - Camomile - 1.30, Large Filter coffee - 1.80",5.50,CASH,
10/11/2020 13:43,Emilio Diaz,"Regular Flavoured hot chocolate - Caramel - 2.60,  Glass of milk - 0.70",3.30,CASH,
10/11/2020 13:43,Angelica Dijkhof," Red label tea - 1.20,  Frappes - Chocolate Cookie - 2.75,  Speciality Tea - Fruit - 1.30",5.25,CARD,6011500888462428
10/11/2020 13:44,Gustav Reppe,"Regular Flavoured latte - Caramel - 2.55",2.55,CARD,54775181107714453
10/11/2020 13:44,Gerry Evans,"Large Flavoured hot chocolate - Hazelnut - 2.90, Regular Flavoured hot chocolate - Hazelnut - 2.60",5.50,CARD,6464655408588
10/11/2020 13:45,Tanya Vasquez,"Regular Americano - 1.95,  Speciality Tea - Peppermint - 1.30,  Hot chocolate - 1.40,  Speciality Tea - English breakfast - 1.30,  Speciality Tea - Darjeeling - 1.30",7.25,CARD,6011702128632104
10/11/2020 13:45,Martin Nelson," Smoothies - Glowing Greens - 2.00,  Iced americano - 2.15,  Smoothies - Carrot Kick - 2.00",6.15,CASH,
10/11/2020 13:46,Valon Deschamps," Smoothies - Glowing Greens - 2.00,  Flat white - 2.15, Regular Flavoured latte - Gingerbread - 2.55",6.70,CASH,
10/11/2020 13:46,Kayla Stewart,"Regular Flavoured hot chocolate - Vanilla - 2.60",2.60,CASH,
10/11/2020 13:47,Nanna Aam," Speciality Tea - Green - 1.30, Regular Hot chocolate - 2.20, Regular Flavoured latte - Caramel - 2.55,  Frappes - Chocolate Cookie - 2.75",8.80,CARD,8440611577644313
10/11/2020 13:47,Saana Wiita," Speciality Tea - English breakfast - 1.30,  Speciality Tea - Fruit - 1.30",2.60,CASH,
10/11/2020 13:48,Louisa Dufour," Frappes - Chocolate Cookie - 2.75",2.75,CARD,9667167882822
10/11/2020 13:48,Edgar Noel," Iced latte - 2.35,  Smoothies - Carrot Kick - 2.00, Regular Hot chocolate - 2.20, Regular Flavoured hot chocolate - Caramel - 2.60,  Flavoured iced latte - Hazelnut - 2.75",11.90,CARD,8220269187281119
10/11/2020 13:49,Sophie Young,"Large Flavoured hot chocolate - Caramel - 2.90, Large Americano - 2.25, Regular Luxury hot chocolate - 2.40",7.55,CARD,061251177346248
10/11/2020 13:49,Ragnhild With," Flavoured iced latte - Vanilla - 2.75, Large Latte - 2.45",5.20,CASH,
10/11/2020 13:50,Vilho Aho,"Regular Filter coffee - 1.50, Large Flavoured latte - Caramel - 2.85",4.35,CARD,99602500377423007
10/11/2020 13:50,James Zabel,"Large Filter coffee - 1.80",1.80,CARD,2223365307047
10/11/2020 13:51,Benjamin Leroux,"Regular Americano - 1.95,  Smoothies - Berry Beautiful - 2.00,  Speciality Tea - Green - 1.30",5.25,CARD,6011893193997518
10/11/2020 13:52,Kajsa Yri," Cortado - 2.05,  Flavoured iced latte - Caramel - 2.75,  Flavoured iced latte - Hazelnut - 2.75,  Iced latte - 2.35",9.90,CARD,359863437344599
10/11/2020 13:52,Oskari Takala," Frappes - Chocolate Cookie - 2.75, Regular Flavoured hot chocolate - Vanilla - 2.60,  Speciality Tea - Darjeeling - 1.30,  Speciality Tea - Peppermint - 1.30,  Frappes - Strawberries & Cream - 2.75",10.70,CARD,1642672471654441
10/11/2020 13:53,Ramon Garrett,"Regular Flavoured latte - Vanilla - 2.55,  Hot chocolate - 1.40",3.95,CASH,
10/11/2020 13:53,Ellen Chapman," Iced latte - 2.35, Regular Flavoured latte - Hazelnut - 2.55",4.90,CASH,
10/11/2020 13:54,Brooklyn Lee,"Large Flavoured hot chocolate - Hazelnut - 2.90, Large Chai latte - 2.60, Large Flavoured hot chocolate - Vanilla - 2.90",8.40,CASH,
10/11/2020 13:54,Donna Scott," Speciality Tea - Fruit - 1.30",1.30,CARD,3177459232394516
10/11/2020 13:55,Baukje Smeenge," Speciality Tea - Earl Grey - 1.30,  Mocha - 2.30,  Speciality Tea - Green - 1.30,  Speciality Tea - Fruit - 1.30, Large Chai latte - 2.60",8.80,CASH,
10/11/2020 13:55,Othelia Karoliussen," Flavoured iced latte - Caramel - 2.75",2.75,CARD,00701552163867543
10/11/2020 13:56,Edith Jordan," Speciality Tea - Camomile - 1.30,  Smoothies - Carrot Kick - 2.00,  Speciality Tea - Earl Grey - 1.30",4.60,CARD,930382234937310
10/11/2020 13:56,Florence Sirko," Iced americano - 2.15,  Speciality Tea - English breakfast - 1.30",3.45,CARD,6011486029326248
10/11/2020 13:57,Shahid Huijskens,"Large Flavoured latte - Hazelnut - 2.85, Large Flavoured hot chocolate - Hazelnut - 2.90",5.75,CASH,
10/11/2020 13:57,Ethan Mccoy," Glass of milk - 0.70",.70,CARD,0181778828358
10/11/2020 13:58,Harro Heinz," Speciality Tea - English breakfast - 1.30,  Flavoured iced latte - Hazelnut - 2.75,  Frappes - Chocolate Cookie - 2.75,  Red label tea - 1.20",8.00,CASH,
10/11/2020 13:58,Andre Alkema,"Large Hot chocolate - 2.90",2.90,CARD,6011345792640142
10/11/2020 13:59,Eric Gibson," Smoothies - Carrot Kick - 2.00",2.00,CASH,
10/11/2020 13:59,Jerome Mccoy," Frappes - Strawberries & Cream - 2.75",2.75,CASH,
10/11/2020 14:00,Sofia Lavoie," Speciality Tea - Darjeeling - 1.30,  Frappes - Chocolate Cookie - 2.75, Regular Flavoured hot chocolate - Vanilla - 2.60, Large Espresso - 1.80",8.45,CASH,
10/11/2020 14:02,Oscar Hansen," Mocha - 2.30,  Cortado - 2.05, Regular Cappuccino - 2.15",6.50,CARD,6011163130236556
10/11/2020 14:03,Veeti Koskinen," Frappes - Strawberries & Cream - 2.75,  Frappes - Coffee - 2.75,  Speciality Tea - Peppermint - 1.30,  Smoothies - Berry Beautiful - 2.00",8.80,CARD,6011811059442934
10/11/2020 14:05,Hassan Vincent," Smoothies - Berry Beautiful - 2.00, Large Cappuccino - 2.45,  Cortado - 2.05,  Speciality Tea - English breakfast - 1.30",7.80,CARD,001910958445496
10/11/2020 14:07,Mae Hopkins," Speciality Tea - Green - 1.30",1.30,CARD,471466487015177
10/11/2020 14:08,Kate Mckinney,"Large Flavoured latte - Hazelnut - 2.85,  Frappes - Chocolate Cookie - 2.75",5.60,CARD,0336877376045432
10/11/2020 14:10,Alvaro Prieto," Mocha - 2.30",2.30,CARD,6011628664378146
10/11/2020 14:12,Liana Baer,"Large Flavoured latte - Vanilla - 2.85",2.85,CARD,4809457024881
10/11/2020 14:13,Kayla Lane," Smoothies - Glowing Greens - 2.00,  Hot chocolate - 1.40,  Speciality Tea - Camomile - 1.30,  Glass of milk - 0.70",5.40,CARD,6011805018412505
10/11/2020 14:15,Jesse Leppanen," Frappes - Chocolate Cookie - 2.75,  Smoothies - Berry Beautiful - 2.00, Large Hot chocolate - 2.90,  Hot chocolate - 1.40",9.05,CARD,7893456394653984
10/11/2020 14:17,Andrea Robinson," Babyccino - 0.00",.0,CASH,
10/11/2020 14:18,Flavio Arnaud,"Large Americano - 2.25, Regular Flavoured latte - Caramel - 2.55,  Flavoured iced latte - Hazelnut - 2.75",7.55,CARD,2951976170974028
10/11/2020 14:20,Jackie Haverkort,"Regular Espresso - 1.50,  Speciality Tea - Fruit - 1.30, Regular Americano - 1.95,  Smoothies - Carrot Kick - 2.00,  Frappes - Chocolate Cookie - 2.75",9.50,CASH,
10/11/2020 14:22,Frances Johnson," Smoothies - Glowing Greens - 2.00,  Speciality Tea - Earl Grey - 1.30,  Flavoured iced latte - Vanilla - 2.75,  Glass of milk - 0.70",6.75,CARD,62343714299371997
10/11/2020 14:23,Alan Kim,"Large Americano - 2.25, Regular Cappuccino - 2.15,  Flat white - 2.15,  Smoothies - Carrot Kick - 2.00,  Mocha - 2.30",10.85,CARD,6011672857230381
10/11/2020 14:25,Joshua Morris," Flavoured iced latte - Hazelnut - 2.75,  Flavoured iced latte - Caramel - 2.75,  Speciality Tea - Earl Grey - 1.30",6.80,CARD,6011742837700434
10/11/2020 14:27,Matilda Couri,"Large Flavoured latte - Gingerbread - 2.85,  Frappes - Chocolate Cookie - 2.75,  Frappes - Strawberries & Cream - 2.75",8.35,CARD,1710603843755538
10/11/2020 14:28,Nella Kyllo,"Large Flavoured hot chocolate - Caramel - 2.90,  Frappes - Chocolate Cookie - 2.75, Large Flavoured hot chocolate - Vanilla - 2.90, Large Americano - 2.25, Regular Chai latte - 2.30",13.10,CARD,6011703076792487
10/11/2020 14:30,Andrea Mccoy," Speciality Tea - Camomile - 1.30,  Red label tea - 1.20,  Cortado - 2.05,  Flavoured iced latte - Caramel - 2.75, Large Flavoured latte - Caramel - 2.85",10.15,CARD,6843450831387694
10/11/2020 14:32,Victoria Spencer," Smoothies - Glowing Greens - 2.00,  Frappes - Chocolate Cookie - 2.75,  Iced americano - 2.15, Regular Hot chocolate - 2.20",9.10,CASH,
10/11/2020 14:33,Jonathan Nitsch," Speciality Tea - Peppermint - 1.30, Regular Luxury hot chocolate - 2.40,  Glass of milk - 0.70",4.40,CASH,
10/11/2020 14:35,Bernd Feist," Smoothies - Carrot Kick - 2.00,  Glass of milk - 0.70, Regular Luxury hot chocolate - 2.40,  Flavoured iced latte - Hazelnut - 2.75",7.85,CASH,
10/11/2020 14:37,Ida Ray," Hot chocolate - 1.40, Large Flavoured latte - Caramel - 2.85, Regular Flavoured hot chocolate - Vanilla - 2.60, Large Americano - 2.25",9.10,CARD,6011245106446682
10/11/2020 14:38,Alban Lopez,"Regular Cappuccino - 2.15",2.15,CARD,6011955537612706
10/11/2020 14:40,Jobje Hiwat,"Regular Filter coffee - 1.50,  Hot chocolate - 1.40, Regular Flavoured hot chocolate - Vanilla - 2.60",5.50,CASH,
10/11/2020 14:42,Claude Chambers,"Large Flavoured latte - Vanilla - 2.85,  Speciality Tea - Green - 1.30,  Hot chocolate - 1.40,  Glass of milk - 0.70,  Speciality Tea - Peppermint - 1.30",7.55,CARD,2188286928812
10/11/2020 14:43,Aino Manner," Red label tea - 1.20,  Speciality Tea - Camomile - 1.30",2.50,CARD,88397176021829
10/11/2020 14:45,Jennifer Rice," Speciality Tea - Peppermint - 1.30,  Speciality Tea - English breakfast - 1.30,  Speciality Tea - Earl Grey - 1.30,  Smoothies - Glowing Greens - 2.00",5.90,CARD,1431125292047751
10/11/2020 14:47,Willard Warren," Speciality Tea - Peppermint - 1.30",1.30,CARD,897015154277554
10/11/2020 14:48,Eric Castillo," Flavoured iced latte - Caramel - 2.75,  Flavoured iced latte - Vanilla - 2.75,  Hot chocolate - 1.40,  Flat white - 2.15,  Red label tea - 1.20",10.25,CASH,
10/11/2020 14:50,Gavin Weaver,"Large Flavoured latte - Caramel - 2.85",2.85,CARD,05802247163483757
10/11/2020 14:52,Bertha Berger," Flavoured iced latte - Vanilla - 2.75,  Frappes - Chocolate Cookie - 2.75,  Speciality Tea - Green - 1.30,  Mocha - 2.30, Large Flavoured latte - Hazelnut - 2.85",11.95,CARD,5463617382812163
10/11/2020 14:53,Hadrien Leclerc,"Large Filter coffee - 1.80,  Frappes - Coffee - 2.75",4.55,CASH,
10/11/2020 14:55,Aapo Lauri," Speciality Tea - Peppermint - 1.30,  Frappes - Chocolate Cookie - 2.75,  Speciality Tea - Peppermint - 1.30,  Speciality Tea - Green - 1.30",6.65,CARD,6011496812521082
10/11/2020 14:57,Jose Caballero," Speciality Tea - Peppermint - 1.30,  Flat white - 2.15,  Iced latte - 2.35, Regular Flavoured hot chocolate - Hazelnut - 2.60",8.40,CASH,
10/11/2020 14:58,Phyllis Walker,"Large Hot chocolate - 2.90",2.90,CASH,
10/11/2020 15:00,Eli Jackson," Mocha - 2.30, Regular Flavoured hot chocolate - Hazelnut - 2.60",4.90,CARD,458250326411369
10/11/2020 15:02,Eeli Ahola," Flavoured iced latte - Hazelnut - 2.75",2.75,CASH,
10/11/2020 15:03,Gerard Geier," Speciality Tea - Camomile - 1.30",1.30,CASH,
10/11/2020 15:05,Stephanie Pierce," Speciality Tea - Green - 1.30",1.30,CASH,
10/11/2020 15:07,Charlotte Thompson," Flavoured iced latte - Hazelnut - 2.75, Large Flavoured latte - Caramel - 2.85,  Frappes - Strawberries & Cream - 2.75",8.35,CARD,3922781451976548
10/11/2020 15:08,Taha Remme," Iced americano - 2.15,  Speciality Tea - Peppermint - 1.30, Large Flavoured hot chocolate - Vanilla - 2.90, Regular Hot chocolate - 2.20,  Speciality Tea - Green - 1.30",9.85,CARD,3971872925637
10/11/2020 15:10,Caroline Poulsen," Flavoured iced latte - Hazelnut - 2.75, Regular Flavoured latte - Caramel - 2.55,  Speciality Tea - Green - 1.30,  Iced latte - 2.35,  Speciality Tea - Darjeeling - 1.30",10.25,CARD,482488207557461
10/11/2020 15:12,Margarita Fernandez," Frappes - Chocolate Cookie - 2.75,  Smoothies - Glowing Greens - 2.00",4.75,CARD,8644163812028936
10/11/2020 15:13,Ailo Henningsen," Flavoured iced latte - Vanilla - 2.75,  Frappes - Chocolate Cookie - 2.75",5.50,CASH,
10/11/2020 15:15,Natali Bethge,"Regular Chai latte - 2.30,  Speciality Tea - Peppermint - 1.30",3.60,CARD,6918991530247073
10/11/2020 15:17,Russell Kennedy," Flavoured iced latte - Hazelnut - 2.75",2.75,CARD,028724366222634
10/11/2020 15:18,Enni Koivisto," Mocha - 2.30",2.30,CARD,5776100771666491
10/11/2020 15:20,Alfredo Bangert,"Large Filter coffee - 1.80,  Smoothies - Glowing Greens - 2.00, Regular Flavoured latte - Vanilla - 2.55, Large Flavoured latte - Gingerbread - 2.85",9.20,CARD,5881078034568130
10/11/2020 15:22,Timmothy Simpson,"Regular Luxury hot chocolate - 2.40,  Speciality Tea - Camomile - 1.30,  Red label tea - 1.20",4.90,CASH,
10/11/2020 15:23,Rose Thompson," Flavoured iced latte - Caramel - 2.75",2.75,CARD,6149597458254357
10/11/2020 15:25,Holly Edwards," Babyccino - 0.00,  Smoothies - Glowing Greens - 2.00,  Smoothies - Berry Beautiful - 2.00",4.00,CARD,95622450939757196
10/11/2020 15:27,Arian Lomeland," Frappes - Chocolate Cookie - 2.75,  Flavoured iced latte - Hazelnut - 2.75,  Frappes - Chocolate Cookie - 2.75",8.25,CASH,
10/11/2020 15:28,Franz Gradl,"Regular Americano - 1.95, Large Flavoured hot chocolate - Hazelnut - 2.90,  Speciality Tea - Fruit - 1.30,  Flavoured iced latte - Hazelnut - 2.75",8.90,CARD,0074600906615
10/11/2020 15:30,Koray Erkekli," Babyccino - 0.00,  Glass of milk - 0.70,  Frappes - Strawberries & Cream - 2.75, Large Flavoured hot chocolate - Vanilla - 2.90",6.35,CASH,
10/11/2020 15:32,Rolf Menard," Flavoured iced latte - Vanilla - 2.75,  Flavoured iced latte - Hazelnut - 2.75,  Flavoured iced latte - Hazelnut - 2.75, Large Americano - 2.25, Large Latte - 2.45",12.95,CARD,6959954210783094
10/11/2020 15:33,Flenn Anderson,"Large Luxury hot chocolate - 2.70,  Flavoured iced latte - Hazelnut - 2.75,  Babyccino - 0.00,  Speciality Tea - Green - 1.30,  Smoothies - Glowing Greens - 2.00",8.75,CARD,6011612236292326
10/11/2020 15:35,Juciele Fernandes,"Large Hot chocolate - 2.90,  Mocha - 2.30",5.20,CARD,8461119837956943
10/11/2020 15:37,Irmtraud Vogelsang," Flavoured iced latte - Vanilla - 2.75,  Frappes - Chocolate Cookie - 2.75",5.50,CASH,
10/11/2020 15:38,Abigail Moore," Frappes - Chocolate Cookie - 2.75, Large Flavoured latte - Vanilla - 2.85,  Frappes - Coffee - 2.75",8.35,CARD,6011477483331023
10/11/2020 15:40,Marianne Ouellet," Flavoured iced latte - Vanilla - 2.75,  Frappes - Strawberries & Cream - 2.75",5.50,CARD,191490084308269
10/11/2020 15:42,Clara Gaillard," Speciality Tea - Darjeeling - 1.30,  Speciality Tea - Earl Grey - 1.30",2.60,CARD,6141066986226180
10/11/2020 15:43,Mathias Pedersen," Speciality Tea - Camomile - 1.30,  Speciality Tea - Camomile - 1.30",2.60,CARD,6081846000467
10/11/2020 15:45,Charlotte Johnson," Speciality Tea - Darjeeling - 1.30,  Smoothies - Carrot Kick - 2.00,  Flavoured iced latte - Hazelnut - 2.75,  Glass of milk - 0.70",6.75,CARD,8778231948434
10/11/2020 15:47,Frederikke Kristensen," Hot chocolate - 1.40,  Iced americano - 2.15, Large Chai latte - 2.60",6.15,CARD,9997653109596161
10/11/2020 15:48,Aoife Stap," Speciality Tea - Camomile - 1.30,  Frappes - Strawberries & Cream - 2.75,  Flavoured iced latte - Hazelnut - 2.75",6.80,CARD,182809315051902
10/11/2020 15:50,Frederik Madsen," Speciality Tea - Peppermint - 1.30, Regular Flavoured hot chocolate - Hazelnut - 2.60,  Speciality Tea - Fruit - 1.30",5.20,CARD,6011318776391021
10/11/2020 15:52,Chee Hoeven,"Large Flavoured latte - Vanilla - 2.85,  Speciality Tea - Peppermint - 1.30",4.15,CASH,
10/11/2020 15:53,Ellie Walker," Smoothies - Carrot Kick - 2.00, Large Luxury hot chocolate - 2.70,  Flavoured iced latte - Vanilla - 2.75",7.45,CARD,469524791050587
10/11/2020 15:55,Kelly Ramirez," Babyccino - 0.00, Large Hot chocolate - 2.90,  Red label tea - 1.20, Regular Flavoured hot chocolate - Caramel - 2.60",6.70,CARD,342258063463760
10/11/2020 15:57,Milica Gautier," Frappes - Strawberries & Cream - 2.75,  Speciality Tea - Peppermint - 1.30, Large Flavoured latte - Caramel - 2.85,  Speciality Tea - Peppermint - 1.30",8.20,CASH,
10/11/2020 15:58,Alexandre Andersen," Babyccino - 0.00, Large Flavoured latte - Caramel - 2.85",2.85,CARD,33783130685137033
10/11/2020 16:00,Axel Guillaume,"Large Flavoured hot chocolate - Vanilla - 2.90,  Hot chocolate - 1.40,  Red label tea - 1.20,  Mocha - 2.30",7.80,CASH,
10/11/2020 16:01,Suzanna Holt," Speciality Tea - Fruit - 1.30, Regular Americano - 1.95",3.25,CASH,
10/11/2020 16:01,Monique Simons,"Large Espresso - 1.80,  Frappes - Chocolate Cookie - 2.75, Large Filter coffee - 1.80,  Speciality Tea - Darjeeling - 1.30",7.65,CARD,2352580987467081
10/11/2020 16:02,Nahom Wilting," Babyccino - 0.00",.0,CARD,2488410636355802
10/11/2020 16:03,Jasmine Smith,"Regular Flavoured latte - Hazelnut - 2.55, Regular Filter coffee - 1.50, Large Hot chocolate - 2.90,  Smoothies - Glowing Greens - 2.00",8.95,CASH,
10/11/2020 16:04,Benjamin Olsen,"Large Latte - 2.45,  Speciality Tea - Earl Grey - 1.30, Regular Latte - 2.15,  Red label tea - 1.20,  Speciality Tea - Darjeeling - 1.30",8.40,CARD,6011623344302978
10/11/2020 16:05,Brennan Chapman," Flavoured iced latte - Vanilla - 2.75, Large Espresso - 1.80, Large Flavoured hot chocolate - Vanilla - 2.90,  Smoothies - Glowing Greens - 2.00,  Speciality Tea - Fruit - 1.30",10.75,CARD,6011023367809373
10/11/2020 16:06,Sophie Brown," Speciality Tea - Fruit - 1.30,  Flavoured iced latte - Hazelnut - 2.75,  Flavoured iced latte - Hazelnut - 2.75,  Speciality Tea - Peppermint - 1.30",8.10,CARD,6011922862856904
10/11/2020 16:06,Cory Jones," Speciality Tea - Peppermint - 1.30, Regular Americano - 1.95",3.25,CARD,5045492476295257
10/11/2020 16:07,Jose Jimenez," Smoothies - Berry Beautiful - 2.00, Large Flavoured latte - Vanilla - 2.85",4.85,CASH,
10/11/2020 16:08,Iiris Wainio,"Regular Espresso - 1.50, Large Flavoured hot chocolate - Vanilla - 2.90",4.40,CARD,7291861721154
10/11/2020 16:09,Nanna Pedersen," Frappes - Strawberries & Cream - 2.75, Large Flavoured latte - Hazelnut - 2.85, Regular Flavoured hot chocolate - Hazelnut - 2.60, Large Luxury hot chocolate - 2.70",10.90,CARD,9175804977463
10/11/2020 16:10,Dina Nowak," Frappes - Chocolate Cookie - 2.75",2.75,CARD,707366230568627
10/11/2020 16:10,Argentino Cardoso," Flavoured iced latte - Vanilla - 2.75,  Speciality Tea - Fruit - 1.30,  Frappes - Coffee - 2.75, Regular Americano - 1.95",8.75,CARD,5072557571777579
10/11/2020 16:11,Sofia Tervo," Speciality Tea - Fruit - 1.30",1.30,CARD,7347298137923253
10/11/2020 16:12,Zara Robinson,"Large Cappuccino - 2.45,  Hot chocolate - 1.40",3.85,CASH,
10/11/2020 16:13,Maxine Lee," Speciality Tea - English breakfast - 1.30",1.30,CARD,5937943458750646
10/11/2020 16:14,Syenna Witkamp," Red label tea - 1.20",1.20,CASH,
10/11/2020 16:14,Anna Watson," Glass of milk - 0.70,  Frappes - Chocolate Cookie - 2.75,  Red label tea - 1.20, Large Hot chocolate - 2.90",7.55,CASH,
10/11/2020 16:15,Madison Lavoie," Speciality Tea - Fruit - 1.30",1.30,CARD,7058846553165925
10/11/2020 16:16,Andrej Bertrand," Smoothies - Carrot Kick - 2.00, Regular Flavoured latte - Gingerbread - 2.55,  Frappes - Chocolate Cookie - 2.75",7.30,CARD,450307073345584
10/11/2020 16:17,Martha Perkins," Smoothies - Carrot Kick - 2.00",2.00,CARD,7272896961451864
10/11/2020 16:18,Molly Lewis," Speciality Tea - Darjeeling - 1.30",1.30,CARD,9099025650718604
10/11/2020 16:18,Kirk Holmes," Smoothies - Carrot Kick - 2.00,  Flavoured iced latte - Hazelnut - 2.75, Regular Luxury hot chocolate - 2.40,  Babyccino - 0.00",7.15,CARD,3218876494509390
10/11/2020 16:19,Liam Slawa," Smoothies - Carrot Kick - 2.00, Regular Espresso - 1.50,  Frappes - Chocolate Cookie - 2.75",6.25,CASH,
10/11/2020 16:20,Nicoline Madsen," Speciality Tea - Green - 1.30,  Frappes - Coffee - 2.75",4.05,CASH,
10/11/2020 16:21,Hannah Thompson,"Regular Flavoured hot chocolate - Caramel - 2.60, Regular Chai latte - 2.30",4.90,CARD,8407828909586989
10/11/2020 16:22,Pia Martinez," Cortado - 2.05, Regular Latte - 2.15,  Mocha - 2.30, Regular Hot chocolate - 2.20,  Cortado - 2.05",10.75,CARD,6011408850431707
10/11/2020 16:23,Dale Garrett,"Large Luxury hot chocolate - 2.70, Regular Hot chocolate - 2.20, Regular Luxury hot chocolate - 2.40,  Hot chocolate - 1.40, Regular Cappuccino - 2.15",10.85,CASH,
10/11/2020 16:23,Alois Arnaud," Smoothies - Berry Beautiful - 2.00, Large Flavoured latte - Hazelnut - 2.85,  Frappes - Chocolate Cookie - 2.75",7.60,CARD,2141863596380
10/11/2020 16:24,Enrique Chambers," Speciality Tea - Earl Grey - 1.30, Regular Flavoured hot chocolate - Caramel - 2.60,  Frappes - Strawberries & Cream - 2.75,  Frappes - Coffee - 2.75",9.40,CASH,
10/11/2020 16:25,Iwan Dubois,"Large Americano - 2.25,  Iced americano - 2.15,  Babyccino - 0.00",4.40,CARD,6646198579229
10/11/2020 16:26,Nicklas Andersen,"Regular Luxury hot chocolate - 2.40,  Flavoured iced latte - Hazelnut - 2.75,  Speciality Tea - Earl Grey - 1.30,  Frappes - Strawberries & Cream - 2.75",9.20,CARD,1070489812585478
10/11/2020 16:27,Faber Aarssen," Flavoured iced latte - Vanilla - 2.75",2.75,CARD,60671144026336
10/11/2020 16:27,Sebastian Evans," Iced americano - 2.15,  Flavoured iced latte - Caramel - 2.75, Large Filter coffee - 1.80,  Flavoured iced latte - Hazelnut - 2.75",9.45,CARD,6011337328965584
10/11/2020 16:28,Lloyd Johnson,"Regular Hot chocolate - 2.20,  Flat white - 2.15",4.35,CARD,4835835217337
10/11/2020 16:29,Mehmet Rodriguez,"Large Americano - 2.25,  Smoothies - Berry Beautiful - 2.00, Large Cappuccino - 2.45, Large Filter coffee - 1.80, Large Luxury hot chocolate - 2.70",11.20,CARD,9694426804267887
10/11/2020 16:30,Michael Jennings,"Large Americano - 2.25,  Mocha - 2.30,  Flavoured iced latte - Hazelnut - 2.75, Regular Americano - 1.95,  Speciality Tea - Green - 1.30",10.55,CARD,3733601731265568
10/11/2020 16:31,Johanne Nielsen,"Large Chai latte - 2.60",2.60,CASH,
10/11/2020 16:31,Wojciech Fjermestad,"Regular Flavoured latte - Gingerbread - 2.55",2.55,CARD,7044877237572
10/11/2020 16:32,Ryder Patel," Smoothies - Glowing Greens - 2.00, Regular Filter coffee - 1.50,  Mocha - 2.30",5.80,CASH,
10/11/2020 16:33,Alain Joly," Frappes - Coffee - 2.75,  Speciality Tea - Peppermint - 1.30,  Frappes - Strawberries & Cream - 2.75,  Babyccino - 0.00",6.80,CASH,
10/11/2020 16:34,Arnaud Harcourt," Cortado - 2.05, Regular Flavoured latte - Vanilla - 2.55,  Speciality Tea - Camomile - 1.30, Large Hot chocolate - 2.90",8.80,CASH,
10/11/2020 16:35,Vitus Wohlfahrt,"Regular Flavoured latte - Vanilla - 2.55, Large Flavoured hot chocolate - Hazelnut - 2.90,  Frappes - Strawberries & Cream - 2.75,  Mocha - 2.30",10.50,CARD,742948374314579
10/11/2020 16:36,Carter French," Speciality Tea - Peppermint - 1.30,  Smoothies - Glowing Greens - 2.00",3.30,CARD,164673871496305
10/11/2020 16:36,Chloe Osullivan," Smoothies - Berry Beautiful - 2.00,  Speciality Tea - Fruit - 1.30",3.30,CARD,0793674570001616
10/11/2020 16:37,Benito Carmona," Cortado - 2.05,  Cortado - 2.05,  Frappes - Strawberries & Cream - 2.75, Large Americano - 2.25",9.10,CARD,6011909854191912
10/11/2020 16:38,Paige Anderson," Flavoured iced latte - Caramel - 2.75, Regular Flavoured latte - Gingerbread - 2.55",5.30,CARD,6011155832147759
10/11/2020 16:39,Zachary Jones," Flavoured iced latte - Hazelnut - 2.75,  Flavoured iced latte - Hazelnut - 2.75",5.50,CARD,5724086760298013
10/11/2020 16:40,Delphine Gauthier,"Large Latte - 2.45,  Smoothies - Glowing Greens - 2.00, Regular Chai latte - 2.30, Regular Hot chocolate - 2.20,  Smoothies - Carrot Kick - 2.00",10.95,CARD,6415583482748701
10/11/2020 16:40,Jeanette Caron,"Large Flavoured hot chocolate - Hazelnut - 2.90",2.90,CARD,6011199684794621
10/11/2020 16:41,Alberto Gessner," Speciality Tea - Fruit - 1.30, Regular Cappuccino - 2.15,  Frappes - Chocolate Cookie - 2.75",6.20,CARD,6011337330280701
10/11/2020 16:42,Lucas Madsen," Frappes - Strawberries & Cream - 2.75,  Speciality Tea - Darjeeling - 1.30",4.05,CARD,4094599322960627
10/11/2020 16:43,Lance Hayes," Hot chocolate - 1.40,  Speciality Tea - English breakfast - 1.30,  Speciality Tea - Fruit - 1.30",4.00,CARD,79231655740780322
10/11/2020 16:44,Suzy Reid," Glass of milk - 0.70",.70,CARD,8732009101653638
10/11/2020 16:44,Thomas Appelt," Frappes - Coffee - 2.75,  Smoothies - Berry Beautiful - 2.00",4.75,CARD,4860992412935
10/11/2020 16:45,Sofie Christensen,"Regular Espresso - 1.50",1.50,CARD,2767310097946280
10/11/2020 16:46,Aidan Chen," Frappes - Chocolate Cookie - 2.75",2.75,CARD,395915154918839
10/11/2020 16:47,Eliza Cook,"Regular Luxury hot chocolate - 2.40",2.40,CARD,91123849310799499
10/11/2020 16:48,Judy Perkins," Red label tea - 1.20,  Flavoured iced latte - Hazelnut - 2.75, Regular Flavoured latte - Hazelnut - 2.55",6.50,CARD,0611608887008181
10/11/2020 16:48,Oliver Ouellet," Frappes - Chocolate Cookie - 2.75,  Frappes - Coffee - 2.75, Regular Espresso - 1.50",7.00,CASH,
10/11/2020 16:49,Onur Kunter," Mocha - 2.30,  Iced americano - 2.15, Large Flavoured latte - Vanilla - 2.85, Large Hot chocolate - 2.90",10.20,CARD,6011871412652233
10/11/2020 16:50,Garance David," Iced latte - 2.35, Regular Chai latte - 2.30,  Flavoured iced latte - Hazelnut - 2.75",7.40,CARD,1634220946367
10/11/2020 16:51,Aria Kleppa," Smoothies - Glowing Greens - 2.00",2.00,CARD,725028625310791
10/11/2020 16:52,Alexander Cooper,"Regular Espresso - 1.50,  Hot chocolate - 1.40, Large Americano - 2.25",5.15,CASH,
10/11/2020 16:53,Raul Joly," Flavoured iced latte - Hazelnut - 2.75, Regular Luxury hot chocolate - 2.40,  Frappes - Coffee - 2.75,  Frappes - Strawberries & Cream - 2.75",10.65,CARD,8293257455559328
10/11/2020 16:53,Martin Snyder," Speciality Tea - Darjeeling - 1.30",1.30,CARD,6011893810519478
10/11/2020 16:54,Alison Duncan,"Regular Flavoured hot chocolate - Hazelnut - 2.60,  Frappes - Chocolate Cookie - 2.75, Regular Hot chocolate - 2.20",7.55,CASH,
10/11/2020 16:55,Alain Lambert,"Large Flavoured hot chocolate - Caramel - 2.90, Large Flavoured latte - Hazelnut - 2.85",5.75,CASH,
10/11/2020 16:56,Silke Hansen,"Regular Espresso - 1.50",1.50,CARD,2709473946873242
10/11/2020 16:57,Iiris Hanninen," Flavoured iced latte - Hazelnut - 2.75,  Speciality Tea - Darjeeling - 1.30",4.05,CARD,9371658424734583
10/11/2020 16:57,Gerald Campbell," Flat white - 2.15,  Frappes - Chocolate Cookie - 2.75,  Flavoured iced latte - Hazelnut - 2.75",7.65,CARD,42420081099398
10/11/2020 16:58,Gregorio Pastor," Speciality Tea - Darjeeling - 1.30, Regular Chai latte - 2.30,  Speciality Tea - Fruit - 1.30,  Smoothies - Berry Beautiful - 2.00",6.90,CARD,6011840238032801
10/11/2020 16:59,Adolfo Roman," Glass of milk - 0.70,  Flavoured iced latte - Vanilla - 2.75",3.45,CARD,9618405589769630
