11/11/2020 08:04,Hounslow,Mukaddes Hoogerdijk,"Regular Flavoured hot chocolate - Hazelnut - 2.60,  Iced americano - 2.15",4.75,CASH,
11/11/2020 08:05,Hounslow,Miguel Bryant," Speciality Tea - Camomile - 1.30,  Cortado - 2.05,  Cortado - 2.05,  Frappes - Chocolate Cookie - 2.75,  Hot chocolate - 1.40",9.55,CASH,
11/11/2020 08:06,Hounslow,Arcanjo Martins,"Regular Filter coffee - 1.50,  Cortado - 2.05,  Glass of milk - 0.70",4.25,CARD,3626941526295421
11/11/2020 08:07,Hounslow,Tatjana Rolland," Flat white - 2.15, Large Flavoured hot chocolate - Caramel - 2.90,  Frappes - Coffee - 2.75",7.80,CASH,
11/11/2020 08:08,Hounslow,Marvin Anderson," Speciality Tea - Peppermint - 1.30, Regular Hot chocolate - 2.20,  Speciality Tea - Earl Grey - 1.30, Large Luxury hot chocolate - 2.70",7.50,CASH,
11/11/2020 08:09,Hounslow,Amaury Carpentier,"Regular Flavoured hot chocolate - Caramel - 2.60,  Flavoured iced latte - Vanilla - 2.75,  Speciality Tea - Peppermint - 1.30, Large Filter coffee - 1.80, Large Luxury hot chocolate - 2.70",11.15,CARD,6011646086159796
11/11/2020 08:10,Hounslow,Seth Graham," Speciality Tea - English breakfast - 1.30,  Smoothies - Carrot Kick - 2.00",3.30,CARD,9142291477387066
11/11/2020 08:11,Hounslow,Isla Hannula," Iced americano - 2.15,  Speciality Tea - Earl Grey - 1.30,  Speciality Tea - Peppermint - 1.30",4.75,CARD,7690827108833162
11/11/2020 08:12,Hounslow,Tomas Sanchez," Speciality Tea - Earl Grey - 1.30,  Speciality Tea - Camomile - 1.30",2.60,CARD,4854273875031
11/11/2020 08:13,Hounslow,Charlie Edwards," Flavoured iced latte - Hazelnut - 2.75, Large Flavoured latte - Gingerbread - 2.85,  Speciality Tea - Peppermint - 1.30,  Smoothies - Carrot Kick - 2.00",8.90,CASH,
11/11/2020 08:14,Hounslow,Kailane Gomes,"Large Americano - 2.25",2.25,CARD,6011193720375379
11/11/2020 08:15,Hounslow,Emily Burton," Speciality Tea - English breakfast - 1.30, Large Flavoured latte - Gingerbread - 2.85, Regular Flavoured hot chocolate - Hazelnut - 2.60",6.75,CASH,
11/11/2020 08:16,Hounslow,Rachel Peterson," Flavoured iced latte - Caramel - 2.75, Regular Cappuccino - 2.15,  Speciality Tea - Green - 1.30",6.20,CASH,
11/11/2020 08:17,Hounslow,Hugo Gimenez," Smoothies - Glowing Greens - 2.00, Regular Flavoured hot chocolate - Caramel - 2.60, Regular Flavoured hot chocolate - Vanilla - 2.60,  Smoothies - Glowing Greens - 2.00",9.20,CARD,2612184448883938
11/11/2020 08:18,Hounslow,Gloria Arias,"Large Cappuccino - 2.45,  Iced americano - 2.15, Regular Latte - 2.15, Regular Cappuccino - 2.15,  Speciality Tea - Fruit - 1.30",10.20,CASH,
11/11/2020 08:19,Hounslow,Nellie Lawson,"Regular Flavoured hot chocolate - Hazelnut - 2.60, Large Flavoured hot chocolate - Hazelnut - 2.90, Large Cappuccino - 2.45,  Frappes - Chocolate Cookie - 2.75",10.70,CARD,2756838431167250
11/11/2020 08:20,Hounslow,Luca Kumar," Speciality Tea - Green - 1.30,  Iced americano - 2.15,  Smoothies - Glowing Greens - 2.00,  Speciality Tea - Peppermint - 1.30",6.75,CARD,282736824759565
11/11/2020 08:21,Hounslow,Felix Kristensen," Red label tea - 1.20, Large Flavoured latte - Caramel - 2.85",4.05,CARD,6011910443236890
11/11/2020 08:22,Hounslow,Tobias Petersen,"Large Flavoured latte - Caramel - 2.85,  Frappes - Strawberries & Cream - 2.75, Regular Americano - 1.95",7.55,CASH,
11/11/2020 08:23,Hounslow,Josep Marin," Speciality Tea - English breakfast - 1.30",1.30,CASH,
11/11/2020 08:24,Hounslow,Ilona Luoma," Speciality Tea - Camomile - 1.30,  Iced americano - 2.15,  Speciality Tea - English breakfast - 1.30, Large Luxury hot chocolate - 2.70",7.45,CARD,93920168995756454
11/11/2020 08:25,Hounslow,Ege Karaer,"Large Filter coffee - 1.80",1.80,CASH,
11/11/2020 08:26,Hounslow,Sebastian Poulsen," Frappes - Strawberries & Cream - 2.75",2.75,CASH,
11/11/2020 08:27,Hounslow,Frank Robinson,"Regular Hot chocolate - 2.20,  Flavoured iced latte - Caramel - 2.75,  Cortado - 2.05,  Speciality Tea - Fruit - 1.30",8.30,CASH,
11/11/2020 08:28,Hounslow,Anton Leinonen," Smoothies - Carrot Kick - 2.00, Regular Hot chocolate - 2.20, Large Hot chocolate - 2.90,  Cortado - 2.05",9.15,CARD,6011612043117018
11/11/2020 08:29,Hounslow,Bajram Roy,"Regular Flavoured latte - Vanilla - 2.55,  Smoothies - Berry Beautiful - 2.00, Regular Luxury hot chocolate - 2.40,  Speciality Tea - Peppermint - 1.30",8.25,CARD,5220154034897
11/11/2020 08:30,Hounslow,Tyler Kumar," Speciality Tea - Camomile - 1.30",1.30,CASH,
11/11/2020 08:31,Hounslow,Yoshua Joore,"Regular Flavoured latte - Hazelnut - 2.55, Large Flavoured latte - Caramel - 2.85",5.40,CASH,
11/11/2020 08:32,Hounslow,Samuel Leon," Flavoured iced latte - Caramel - 2.75,  Smoothies - Carrot Kick - 2.00,  Speciality Tea - Camomile - 1.30",6.05,CASH,
11/11/2020 08:33,Hounslow,Laura Carpenter," Iced latte - 2.35",2.35,CASH,
11/11/2020 08:34,Hounslow,Joshua Thompson," Flavoured iced latte - Caramel - 2.75,  Babyccino - 0.00",2.75,CASH,
11/11/2020 08:35,Hounslow,Jonathan Olsen,"Regular Flavoured hot chocolate - Hazelnut - 2.60, Large Flavoured latte - Hazelnut - 2.85, Regular Flavoured latte - Vanilla - 2.55,  Speciality Tea - Earl Grey - 1.30",9.30,CASH,
11/11/2020 08:36,Hounslow,Glen Allen," Red label tea - 1.20,  Flavoured iced latte - Hazelnut - 2.75",3.95,CARD,5334881290791489
11/11/2020 08:37,Hounslow,Manuel Martin,"Large Flavoured hot chocolate - Vanilla - 2.90, Large Chai latte - 2.60",5.50,CASH,
11/11/2020 08:38,Hounslow,Mike Jordan," Flavoured iced latte - Caramel - 2.75",2.75,CARD,6241187822458339
11/11/2020 08:39,Hounslow,Erik Morris,"Regular Flavoured hot chocolate - Vanilla - 2.60,  Flavoured iced latte - Caramel - 2.75, Regular Flavoured latte - Hazelnut - 2.55, Regular Flavoured latte - Gingerbread - 2.55,  Hot chocolate - 1.40",11.85,CARD,6697568830852463
11/11/2020 08:40,Hounslow,Philip Nielsen," Smoothies - Glowing Greens - 2.00,  Speciality Tea - Darjeeling - 1.30,  Smoothies - Carrot Kick - 2.00,  Frappes - Coffee - 2.75,  Frappes - Strawberries & Cream - 2.75",10.80,CARD,0058487733826105
11/11/2020 08:41,Hounslow,Cesar Blanco,"Regular Flavoured hot chocolate - Hazelnut - 2.60, Large Hot chocolate - 2.90,  Flavoured iced latte - Caramel - 2.75,  Flavoured iced latte - Caramel - 2.75,  Speciality Tea - Green - 1.30",12.30,CARD,453266551769416
11/11/2020 08:42,Hounslow,Niilo Kauppi,"Regular Espresso - 1.50, Large Hot chocolate - 2.90, Regular Flavoured latte - Hazelnut - 2.55,  Iced latte - 2.35,  Glass of milk - 0.70",10.00,CARD,371995769045447
11/11/2020 08:43,Hounslow,Rafael Guerrero," Iced latte - 2.35,  Red label tea - 1.20,  Smoothies - Berry Beautiful - 2.00,  Frappes - Strawberries & Cream - 2.75, Regular Flavoured latte - Caramel - 2.55",10.85,CARD,2209646182935721
11/11/2020 08:44,Hounslow,Olaf Deschamps," Speciality Tea - Green - 1.30,  Speciality Tea - Green - 1.30",2.60,CARD,6011282056399240
11/11/2020 08:45,Hounslow,Alison Austin,"Large Flavoured latte - Gingerbread - 2.85,  Frappes - Strawberries & Cream - 2.75,  Mocha - 2.30,  Speciality Tea - Earl Grey - 1.30, Large Flavoured hot chocolate - Hazelnut - 2.90",12.10,CARD,70954606080672831
11/11/2020 08:46,Hounslow,Evelyn Robinson,"Large Flavoured hot chocolate - Vanilla - 2.90, Large Latte - 2.45",5.35,CASH,
11/11/2020 08:47,Hounslow,Florinda Gomes,"Large Americano - 2.25,  Frappes - Coffee - 2.75",5.00,CASH,
11/11/2020 08:48,Hounslow,Asta Poulsen," Glass of milk - 0.70,  Red label tea - 1.20, Large Americano - 2.25, Regular Luxury hot chocolate - 2.40,  Hot chocolate - 1.40",7.95,CASH,
11/11/2020 08:49,Hounslow,Joseph Lynch," Mocha - 2.30,  Red label tea - 1.20",3.50,CASH,
11/11/2020 08:50,Hounslow,Olava Opsal,"Regular Flavoured hot chocolate - Hazelnut - 2.60, Large Luxury hot chocolate - 2.70,  Smoothies - Berry Beautiful - 2.00,  Red label tea - 1.20",8.50,CARD,1379829005160192
11/11/2020 08:51,Hounslow,Belen Hernandez," Speciality Tea - Peppermint - 1.30, Large Latte - 2.45,  Speciality Tea - Green - 1.30, Regular Cappuccino - 2.15, Regular Luxury hot chocolate - 2.40",9.60,CASH,
11/11/2020 08:52,Hounslow,Marion Davidson," Smoothies - Carrot Kick - 2.00, Regular Flavoured hot chocolate - Caramel - 2.60,  Hot chocolate - 1.40,  Mocha - 2.30",8.30,CARD,6011130138824836
11/11/2020 08:53,Hounslow,Roli Barbosa,"Large Flavoured hot chocolate - Vanilla - 2.90,  Frappes - Strawberries & Cream - 2.75,  Frappes - Chocolate Cookie - 2.75",8.40,CARD,6011868175428326
11/11/2020 08:54,Hounslow,Merlijne Broekhuis," Speciality Tea - Fruit - 1.30,  Mocha - 2.30",3.60,CARD,1205870116067879
11/11/2020 08:55,Hounslow,Georges Martinez,"Large Flavoured latte - Gingerbread - 2.85,  Frappes - Strawberries & Cream - 2.75,  Hot chocolate - 1.40,  Flavoured iced latte - Caramel - 2.75",9.75,CARD,6011137982320508
11/11/2020 08:56,Hounslow,Raul Vasquez," Smoothies - Glowing Greens - 2.00",2.00,CASH,
11/11/2020 08:57,Hounslow,Alexander Kristensen,"Large Flavoured latte - Vanilla - 2.85,  Speciality Tea - Peppermint - 1.30,  Speciality Tea - Green - 1.30",5.45,CARD,1445319805701127
11/11/2020 08:58,Hounslow,Jade Claire," Flavoured iced latte - Hazelnut - 2.75, Regular Flavoured latte - Caramel - 2.55,  Mocha - 2.30",7.60,CASH,
11/11/2020 08:59,Hounslow,Iida Pakkala," Flavoured iced latte - Hazelnut - 2.75",2.75,CARD,4496674398853173
11/11/2020 09:00,Hounslow,Elliot Lacroix," Smoothies - Berry Beautiful - 2.00",2.00,CARD,6308490518635561
11/11/2020 09:00,Hounslow,Lena Burke,"Regular Flavoured latte - Hazelnut - 2.55,  Hot chocolate - 1.40,  Flavoured iced latte - Caramel - 2.75,  Hot chocolate - 1.40",8.10,CASH,
11/11/2020 09:01,Hounslow,Mathis Girard,"Regular Filter coffee - 1.50, Regular Luxury hot chocolate - 2.40",3.90,CARD,9375031300854523
11/11/2020 09:01,Hounslow,Victor Ryan," Frappes - Coffee - 2.75",2.75,CASH,
11/11/2020 09:02,Hounslow,Miriam Pastor," Smoothies - Carrot Kick - 2.00,  Smoothies - Carrot Kick - 2.00, Regular Flavoured latte - Vanilla - 2.55",6.55,CARD,0608414831531
11/11/2020 09:02,Hounslow,Corey Rogers," Cortado - 2.05, Regular Flavoured hot chocolate - Hazelnut - 2.60",4.65,CARD,4546587466803153
11/11/2020 09:03,Hounslow,Vassilios Schenke," Hot chocolate - 1.40,  Iced latte - 2.35,  Speciality Tea - Darjeeling - 1.30, Regular Luxury hot chocolate - 2.40,  Babyccino - 0.00",7.45,CARD,6011117647200157
11/11/2020 09:03,Hounslow,Aline Neef," Flavoured iced latte - Hazelnut - 2.75, Regular Americano - 1.95,  Hot chocolate - 1.40, Regular Flavoured latte - Caramel - 2.55",8.65,CASH,
11/11/2020 09:04,Hounslow,Noelle Martin," Cortado - 2.05,  Frappes - Chocolate Cookie - 2.75,  Flavoured iced latte - Caramel - 2.75",7.55,CASH,
11/11/2020 09:04,Hounslow,Amanda Gibson," Speciality Tea - Camomile - 1.30, Large Flavoured latte - Caramel - 2.85",4.15,CARD,086404583819368
11/11/2020 09:05,Hounslow,Chris Smith,"Regular Cappuccino - 2.15,  Speciality Tea - Darjeeling - 1.30, Regular Flavoured hot chocolate - Caramel - 2.60, Large Espresso - 1.80",7.85,CARD,7476773451521574
11/11/2020 09:05,Hounslow,Elsa Ranta,"Large Flavoured latte - Vanilla - 2.85,  Iced latte - 2.35,  Mocha - 2.30",7.50,CASH,
11/11/2020 09:06,Hounslow,Katrine Larsen,"Regular Luxury hot chocolate - 2.40,  Flavoured iced latte - Vanilla - 2.75, Large Espresso - 1.80, Regular Flavoured latte - Caramel - 2.55",9.50,CARD,38953655551670936
11/11/2020 09:06,Hounslow,Christy Kuhn,"Large Flavoured latte - Gingerbread - 2.85,  Frappes - Coffee - 2.75,  Speciality Tea - Camomile - 1.30",6.90,CASH,
11/11/2020 09:07,Hounslow,Beatrice Coleman," Iced americano - 2.15,  Red label tea - 1.20",3.35,CARD,1176145442112049
11/11/2020 09:07,Hounslow,Keira Hughes,"Large Latte - 2.45, Regular Hot chocolate - 2.20,  Speciality Tea - Peppermint - 1.30,  Frappes - Strawberries & Cream - 2.75",8.70,CASH,
11/11/2020 09:08,Hounslow,Ivan Howard,"Large Filter coffee - 1.80",1.80,CARD,3501469863073567
11/11/2020 09:08,Hounslow,Jorge Souza," Frappes - Strawberries & Cream - 2.75, Regular Hot chocolate - 2.20",4.95,CARD,955184645617510
11/11/2020 09:09,Hounslow,Judy Dunne," Frappes - Coffee - 2.75, Regular Flavoured hot chocolate - Caramel - 2.60, Regular Cappuccino - 2.15",7.50,CARD,3321332523437
11/11/2020 09:09,Hounslow,Azra Rolland," Babyccino - 0.00, Large Flavoured latte - Caramel - 2.85",2.85,CARD,2818019429617
11/11/2020 09:10,Hounslow,Nicoline Andersen," Speciality Tea - English breakfast - 1.30,  Flat white - 2.15, Large Espresso - 1.80,  Flavoured iced latte - Vanilla - 2.75",8.00,CASH,
11/11/2020 09:10,Hounslow,Eliana Jahr,"Large Americano - 2.25,  Speciality Tea - Camomile - 1.30, Large Americano - 2.25",5.80,CARD,6011775860801052
11/11/2020 09:11,Hounslow,Blake Smith," Speciality Tea - Fruit - 1.30,  Flat white - 2.15",3.45,CARD,2837918654630612
11/11/2020 09:11,Hounslow,Carmen Pastor," Mocha - 2.30, Regular Chai latte - 2.30,  Flavoured iced latte - Caramel - 2.75,  Babyccino - 0.00,  Frappes - Strawberries & Cream - 2.75",10.10,CASH,
11/11/2020 09:12,Hounslow,Judith Perez,"Large Americano - 2.25,  Glass of milk - 0.70",2.95,CASH,
11/11/2020 09:12,Hounslow,Pauline Laurent," Speciality Tea - Green - 1.30, Large Flavoured latte - Gingerbread - 2.85",4.15,CARD,6011283952606993
11/11/2020 09:13,Hounslow,Mariana Sales," Speciality Tea - Peppermint - 1.30,  Frappes - Coffee - 2.75,  Cortado - 2.05,  Flavoured iced latte - Hazelnut - 2.75,  Flavoured iced latte - Caramel - 2.75",11.60,CARD,260337788330482
11/11/2020 09:13,Hounslow,Alfred Christensen," Flat white - 2.15,  Cortado - 2.05,  Flavoured iced latte - Caramel - 2.75",6.95,CASH,
11/11/2020 09:14,Hounslow,Soila Jesus," Flavoured iced latte - Vanilla - 2.75,  Cortado - 2.05",4.80,CARD,1366861058978275
11/11/2020 09:14,Hounslow,Josephine Lundby," Glass of milk - 0.70,  Speciality Tea - English breakfast - 1.30,  Smoothies - Berry Beautiful - 2.00",4.00,CARD,6011852392725567
11/11/2020 09:15,Hounslow,Meinrad Clement," Speciality Tea - Earl Grey - 1.30,  Flat white - 2.15,  Frappes - Coffee - 2.75",6.20,CARD,3998307134744048
11/11/2020 09:15,Hounslow,Ruby Perkins," Speciality Tea - Peppermint - 1.30,  Red label tea - 1.20, Large Luxury hot chocolate - 2.70",5.20,CASH,
11/11/2020 09:16,Hounslow,Letitia Medina,"Regular Flavoured latte - Hazelnut - 2.55",2.55,CASH,
11/11/2020 09:16,Hounslow,Fabien Rousseau," Speciality Tea - Earl Grey - 1.30, Regular Flavoured latte - Gingerbread - 2.55,  Iced latte - 2.35,  Hot chocolate - 1.40",7.60,CARD,5309602030825
11/11/2020 09:17,Hounslow,Theo Lilletvedt," Speciality Tea - Peppermint - 1.30, Regular Americano - 1.95,  Smoothies - Glowing Greens - 2.00, Regular Americano - 1.95",7.20,CASH,
11/11/2020 09:17,Hounslow,Mohammad Stav," Glass of milk - 0.70",.70,CASH,
11/11/2020 09:18,Hounslow,Clara Slawa," Speciality Tea - Earl Grey - 1.30, Regular Luxury hot chocolate - 2.40,  Frappes - Chocolate Cookie - 2.75",6.45,CASH,
11/11/2020 09:18,Hounslow,Rebecca Mendoza," Flavoured iced latte - Caramel - 2.75,  Flavoured iced latte - Caramel - 2.75,  Frappes - Chocolate Cookie - 2.75,  Speciality Tea - Fruit - 1.30,  Speciality Tea - Camomile - 1.30",10.85,CASH,
11/11/2020 09:19,Hounslow,Ayla Kumar,"Large Latte - 2.45",2.45,CASH,
11/11/2020 09:19,Hounslow,Austin Walker," Frappes - Chocolate Cookie - 2.75,  Flavoured iced latte - Vanilla - 2.75,  Red label tea - 1.20, Large Americano - 2.25",8.95,CASH,
11/11/2020 09:20,Hounslow,Stefania Brunet,"Regular Luxury hot chocolate - 2.40,  Smoothies - Carrot Kick - 2.00",4.40,CASH,
11/11/2020 09:20,Hounslow,Amelia Torres,"Large Flavoured hot chocolate - Hazelnut - 2.90,  Frappes - Strawberries & Cream - 2.75, Large Flavoured latte - Hazelnut - 2.85, Regular Flavoured latte - Caramel - 2.55, Regular Flavoured hot chocolate - Hazelnut - 2.60",13.65,CASH,
11/11/2020 09:21,Hounslow,Jasper Moore," Frappes - Coffee - 2.75,  Speciality Tea - Darjeeling - 1.30,  Smoothies - Carrot Kick - 2.00,  Flavoured iced latte - Hazelnut - 2.75",8.80,CASH,
11/11/2020 09:21,Hounslow,Ethan Macdonald," Hot chocolate - 1.40, Regular Cappuccino - 2.15,  Frappes - Coffee - 2.75",6.30,CASH,
11/11/2020 09:22,Hounslow,Zachary Zhang,"Regular Filter coffee - 1.50,  Flavoured iced latte - Caramel - 2.75,  Speciality Tea - English breakfast - 1.30,  Frappes - Strawberries & Cream - 2.75, Large Flavoured latte - Gingerbread - 2.85",11.15,CARD,536448047864136
11/11/2020 09:22,Hounslow,Jason Graham," Flavoured iced latte - Vanilla - 2.75, Large Flavoured latte - Gingerbread - 2.85, Regular Espresso - 1.50,  Smoothies - Carrot Kick - 2.00,  Speciality Tea - Green - 1.30",10.40,CASH,
11/11/2020 09:23,Hounslow,Catherine Arens,"Large Flavoured latte - Vanilla - 2.85,  Frappes - Chocolate Cookie - 2.75",5.60,CASH,
11/11/2020 09:23,Hounslow,Loris Brunet," Speciality Tea - English breakfast - 1.30,  Cortado - 2.05,  Flavoured iced latte - Caramel - 2.75, Regular Flavoured hot chocolate - Caramel - 2.60",8.70,CASH,
11/11/2020 09:24,Hounslow,Enni Luoma," Flavoured iced latte - Caramel - 2.75,  Iced americano - 2.15,  Babyccino - 0.00,  Flavoured iced latte - Vanilla - 2.75",7.65,CARD,6011048886990545
11/11/2020 09:24,Hounslow,Beverly Lopez," Speciality Tea - Earl Grey - 1.30, Large Latte - 2.45, Regular Americano - 1.95, Large Americano - 2.25",7.95,CASH,
11/11/2020 09:25,Hounslow,Theo Miller," Speciality Tea - Fruit - 1.30",1.30,CASH,
11/11/2020 09:25,Hounslow,Julie Kristensen," Iced latte - 2.35,  Frappes - Coffee - 2.75, Large Flavoured latte - Caramel - 2.85,  Speciality Tea - Fruit - 1.30",9.25,CARD,6248920031458910
11/11/2020 09:26,Hounslow,Salvador Dominguez,"Large Latte - 2.45, Regular Chai latte - 2.30,  Speciality Tea - Fruit - 1.30, Regular Chai latte - 2.30,  Mocha - 2.30",10.65,CARD,5679877786810836
11/11/2020 09:26,Hounslow,Elli Sakala," Flavoured iced latte - Caramel - 2.75,  Smoothies - Berry Beautiful - 2.00",4.75,CARD,6516118224715678
11/11/2020 09:27,Hounslow,Dale Hall," Flavoured iced latte - Caramel - 2.75, Large Americano - 2.25,  Speciality Tea - Fruit - 1.30",6.30,CASH,
11/11/2020 09:27,Hounslow,Amandine Perrin," Frappes - Coffee - 2.75",2.75,CARD,6011242912248357
11/11/2020 09:28,Hounslow,Mario Morgan," Smoothies - Berry Beautiful - 2.00, Regular Flavoured latte - Vanilla - 2.55,  Babyccino - 0.00,  Smoothies - Glowing Greens - 2.00,  Mocha - 2.30",8.85,CARD,5303371756027
11/11/2020 09:28,Hounslow,Zoe Ford," Mocha - 2.30,  Speciality Tea - English breakfast - 1.30",3.60,CASH,
11/11/2020 09:29,Hounslow,Naja Kristensen," Mocha - 2.30,  Speciality Tea - Green - 1.30,  Mocha - 2.30",5.90,CARD,8563881988796
11/11/2020 09:29,Hounslow,Josephine Perez,"Large Flavoured hot chocolate - Hazelnut - 2.90, Large Flavoured hot chocolate - Vanilla - 2.90,  Babyccino - 0.00",5.80,CARD,764580378583229
11/11/2020 09:30,Hounslow,Mar Santos," Frappes - Strawberries & Cream - 2.75,  Speciality Tea - Green - 1.30",4.05,CASH,
11/11/2020 09:30,Hounslow,George Beck," Smoothies - Berry Beautiful - 2.00,  Frappes - Strawberries & Cream - 2.75,  Smoothies - Berry Beautiful - 2.00,  Flavoured iced latte - Vanilla - 2.75,  Iced latte - 2.35",11.85,CARD,537951795642590
11/11/2020 09:31,Hounslow,Hilje Stortelder,"Large Americano - 2.25, Regular Flavoured hot chocolate - Vanilla - 2.60,  Smoothies - Glowing Greens - 2.00",6.85,CASH,
11/11/2020 09:31,Hounslow,Luukas Hietala," Mocha - 2.30",2.30,CASH,
11/11/2020 09:32,Hounslow,Barb Foster," Frappes - Coffee - 2.75, Large Hot chocolate - 2.90",5.65,CARD,0841335431029763
11/11/2020 09:32,Hounslow,Tammy Wheeler," Speciality Tea - Camomile - 1.30, Regular Flavoured latte - Caramel - 2.55",3.85,CARD,1194376364980636
11/11/2020 09:33,Hounslow,Soan Mercier,"Large Latte - 2.45,  Speciality Tea - Camomile - 1.30",3.75,CARD,5649542205227
11/11/2020 09:33,Hounslow,Giulia Guerin,"Regular Flavoured hot chocolate - Caramel - 2.60,  Flavoured iced latte - Caramel - 2.75,  Speciality Tea - Earl Grey - 1.30",6.65,CASH,
11/11/2020 09:34,Hounslow,Kerttu Pollari," Flavoured iced latte - Vanilla - 2.75,  Speciality Tea - Darjeeling - 1.30,  Speciality Tea - English breakfast - 1.30,  Smoothies - Berry Beautiful - 2.00",7.35,CASH,
11/11/2020 09:34,Hounslow,Soan Menard,"Large Flavoured latte - Caramel - 2.85,  Speciality Tea - Camomile - 1.30, Regular Flavoured latte - Vanilla - 2.55",6.70,CARD,3569238122610732
11/11/2020 09:35,Hounslow,Jasmine Brar," Speciality Tea - Fruit - 1.30",1.30,CASH,
11/11/2020 09:35,Hounslow,Romana Cavalcanti," Flavoured iced latte - Hazelnut - 2.75, Regular Hot chocolate - 2.20,  Speciality Tea - Earl Grey - 1.30, Regular Cappuccino - 2.15",8.40,CASH,
11/11/2020 09:36,Hounslow,Virginia Rodriguez," Iced latte - 2.35",2.35,CASH,
11/11/2020 09:36,Hounslow,Anna Stevens,"Large Cappuccino - 2.45",2.45,CARD,0296589294766781
11/11/2020 09:37,Hounslow,Chloe Martin," Smoothies - Glowing Greens - 2.00",2.00,CASH,
11/11/2020 09:37,Hounslow,Fride Mikkelsen,"Large Luxury hot chocolate - 2.70,  Speciality Tea - Peppermint - 1.30,  Smoothies - Carrot Kick - 2.00",6.00,CASH,
11/11/2020 09:38,Hounslow,Domenica Bonnet," Frappes - Chocolate Cookie - 2.75, Large Flavoured latte - Caramel - 2.85,  Flavoured iced latte - Caramel - 2.75,  Smoothies - Carrot Kick - 2.00",10.35,CASH,
11/11/2020 09:38,Hounslow,June Newman," Flavoured iced latte - Caramel - 2.75",2.75,CASH,
11/11/2020 09:39,Hounslow,Tom Philippe,"Regular Flavoured hot chocolate - Vanilla - 2.60, Large Espresso - 1.80",4.40,CASH,
11/11/2020 09:39,Hounslow,Selma Lecomte,"Regular Flavoured latte - Caramel - 2.55, Large Flavoured latte - Hazelnut - 2.85, Regular Latte - 2.15, Regular Flavoured hot chocolate - Hazelnut - 2.60, Large Cappuccino - 2.45",12.60,CARD,8599744640404532
11/11/2020 09:40,Hounslow,Ellen Lawrence," Frappes - Coffee - 2.75",2.75,CARD,0232290811387743
11/11/2020 09:40,Hounslow,Terry Gordon,"Large Hot chocolate - 2.90,  Speciality Tea - Fruit - 1.30,  Flat white - 2.15,  Speciality Tea - English breakfast - 1.30, Large Hot chocolate - 2.90",10.55,CARD,0003172249728958
11/11/2020 09:41,Hounslow,Paige Lewis,"Large Filter coffee - 1.80,  Flavoured iced latte - Caramel - 2.75,  Speciality Tea - Earl Grey - 1.30",5.85,CARD,6011713210696989
11/11/2020 09:41,Hounslow,Randall Steward,"Regular Flavoured hot chocolate - Hazelnut - 2.60,  Frappes - Coffee - 2.75,  Flavoured iced latte - Vanilla - 2.75,  Mocha - 2.30,  Frappes - Strawberries & Cream - 2.75",13.15,CARD,0969189972214553
11/11/2020 09:42,Hounslow,Edwin Steward,"Large Flavoured latte - Hazelnut - 2.85",2.85,CASH,
11/11/2020 09:42,Hounslow,Aiden Ouellet," Flavoured iced latte - Caramel - 2.75, Large Flavoured latte - Hazelnut - 2.85,  Smoothies - Berry Beautiful - 2.00",7.60,CARD,0405903119851
11/11/2020 09:43,Hounslow,Aino Maunu,"Regular Flavoured latte - Vanilla - 2.55,  Mocha - 2.30, Regular Chai latte - 2.30,  Smoothies - Carrot Kick - 2.00,  Smoothies - Carrot Kick - 2.00",11.15,CARD,9011846598881302
11/11/2020 09:43,Hounslow,Leevi Salmela," Frappes - Strawberries & Cream - 2.75,  Glass of milk - 0.70",3.45,CASH,
11/11/2020 09:44,Hounslow,Etienne Grewal,"Regular Flavoured latte - Caramel - 2.55, Regular Flavoured latte - Caramel - 2.55",5.10,CARD,6076585814575
11/11/2020 09:44,Hounslow,Cecil Brady," Speciality Tea - Earl Grey - 1.30,  Frappes - Strawberries & Cream - 2.75",4.05,CASH,
11/11/2020 09:45,Hounslow,Kaitlin Anderson," Speciality Tea - Darjeeling - 1.30,  Frappes - Strawberries & Cream - 2.75,  Flat white - 2.15, Regular Luxury hot chocolate - 2.40,  Red label tea - 1.20",9.80,CASH,
11/11/2020 09:45,Hounslow,Ilona Walli," Glass of milk - 0.70,  Flat white - 2.15,  Iced americano - 2.15",5.00,CASH,
11/11/2020 09:46,Hounslow,Amber Lee," Mocha - 2.30, Regular Flavoured hot chocolate - Hazelnut - 2.60,  Flavoured iced latte - Caramel - 2.75,  Smoothies - Berry Beautiful - 2.00",9.65,CASH,
11/11/2020 09:46,Hounslow,Raoul David,"Regular Flavoured hot chocolate - Caramel - 2.60",2.60,CARD,663950376482502
11/11/2020 09:47,Hounslow,Silas Johansen," Speciality Tea - Camomile - 1.30,  Frappes - Strawberries & Cream - 2.75,  Flavoured iced latte - Caramel - 2.75, Regular Flavoured latte - Vanilla - 2.55, Regular Flavoured latte - Hazelnut - 2.55",11.90,CARD,434190603118066
11/11/2020 09:47,Hounslow,Eugenia Roman,"Large Flavoured latte - Hazelnut - 2.85, Large Flavoured hot chocolate - Hazelnut - 2.90,  Flavoured iced latte - Hazelnut - 2.75, Regular Latte - 2.15",10.65,CARD,1829505588411027
11/11/2020 09:48,Hounslow,Corinna Bonnet," Flat white - 2.15, Large Flavoured latte - Vanilla - 2.85,  Iced latte - 2.35",7.35,CARD,030775150233928
11/11/2020 09:48,Hounslow,Jack Davies,"Regular Flavoured hot chocolate - Hazelnut - 2.60,  Flavoured iced latte - Caramel - 2.75,  Speciality Tea - Peppermint - 1.30,  Hot chocolate - 1.40",8.05,CARD,7711056395523833
11/11/2020 09:49,Hounslow,Tamara Long,"Regular Luxury hot chocolate - 2.40, Regular Flavoured hot chocolate - Vanilla - 2.60",5.00,CASH,
11/11/2020 09:49,Hounslow,Ava Teixeira," Mocha - 2.30, Large Flavoured latte - Vanilla - 2.85, Large Flavoured hot chocolate - Hazelnut - 2.90",8.05,CASH,
11/11/2020 09:50,Hounslow,Leslie Peterson," Smoothies - Carrot Kick - 2.00, Regular Luxury hot chocolate - 2.40",4.40,CASH,
11/11/2020 09:50,Hounslow,Angelo Andre," Speciality Tea - Darjeeling - 1.30, Regular Luxury hot chocolate - 2.40, Regular Espresso - 1.50, Large Flavoured hot chocolate - Vanilla - 2.90, Large Flavoured hot chocolate - Vanilla - 2.90",11.00,CASH,
11/11/2020 09:51,Hounslow,Aubree Gardner," Glass of milk - 0.70, Large Flavoured latte - Vanilla - 2.85,  Glass of milk - 0.70",4.25,CARD,798360576184734
11/11/2020 09:51,Hounslow,Victor Brunet," Iced americano - 2.15,  Iced americano - 2.15",4.30,CASH,
11/11/2020 09:52,Hounslow,Josefa Dominguez,"Large Flavoured hot chocolate - Hazelnut - 2.90, Large Flavoured hot chocolate - Vanilla - 2.90,  Flat white - 2.15",7.95,CASH,
11/11/2020 09:52,Hounslow,Yolanda West," Glass of milk - 0.70, Regular Flavoured latte - Caramel - 2.55, Large Latte - 2.45, Large Chai latte - 2.60",8.30,CARD,6011165388863371
11/11/2020 09:53,Hounslow,Gordon Richardson," Mocha - 2.30, Large Cappuccino - 2.45, Large Filter coffee - 1.80,  Flavoured iced latte - Vanilla - 2.75, Large Flavoured latte - Vanilla - 2.85",12.15,CASH,
11/11/2020 09:53,Hounslow,Justin Anderson,"Large Latte - 2.45, Large Cappuccino - 2.45, Regular Chai latte - 2.30,  Smoothies - Berry Beautiful - 2.00, Large Latte - 2.45",11.65,CASH,
11/11/2020 09:54,Hounslow,Philip Harris," Speciality Tea - English breakfast - 1.30,  Speciality Tea - English breakfast - 1.30,  Iced americano - 2.15, Large Flavoured latte - Caramel - 2.85",7.60,CARD,6011133618564571
11/11/2020 09:54,Hounslow,Javier Gonzalez," Frappes - Strawberries & Cream - 2.75,  Cortado - 2.05,  Smoothies - Carrot Kick - 2.00, Large Chai latte - 2.60",9.40,CARD,6011461716105246
11/11/2020 09:55,Hounslow,Julia Cruz,"Large Espresso - 1.80,  Smoothies - Berry Beautiful - 2.00,  Flavoured iced latte - Caramel - 2.75,  Speciality Tea - English breakfast - 1.30, Regular Americano - 1.95",9.80,CARD,3987448254266395
11/11/2020 09:55,Hounslow,Jenny Jenkins," Speciality Tea - Fruit - 1.30, Regular Flavoured latte - Vanilla - 2.55,  Flat white - 2.15,  Smoothies - Carrot Kick - 2.00",8.00,CARD,6011643281390457
11/11/2020 09:56,Hounslow,Adam Ellis," Flat white - 2.15,  Cortado - 2.05, Regular Flavoured latte - Vanilla - 2.55",6.75,CARD,63823578027374125
11/11/2020 09:56,Hounslow,Sarah Wright,"Regular Flavoured latte - Hazelnut - 2.55",2.55,CASH,
11/11/2020 09:57,Hounslow,Una Gjelstad,"Large Cappuccino - 2.45,  Iced latte - 2.35,  Babyccino - 0.00,  Speciality Tea - Peppermint - 1.30, Large Americano - 2.25",8.35,CARD,2675410626744620
11/11/2020 09:57,Hounslow,Hilda Grievink,"Regular Flavoured latte - Caramel - 2.55, Large Americano - 2.25,  Flat white - 2.15,  Flavoured iced latte - Vanilla - 2.75",9.70,CASH,
11/11/2020 09:58,Hounslow,Liam Zhang," Hot chocolate - 1.40,  Flavoured iced latte - Vanilla - 2.75, Regular Espresso - 1.50",5.65,CARD,3178267026702320
11/11/2020 09:58,Hounslow,Natalia Gomez," Hot chocolate - 1.40",1.40,CARD,6011208607161067
11/11/2020 09:59,Hounslow,Edgar Leroux,"Large Americano - 2.25, Large Flavoured latte - Caramel - 2.85,  Mocha - 2.30,  Flavoured iced latte - Caramel - 2.75,  Smoothies - Glowing Greens - 2.00",12.15,CASH,
11/11/2020 09:59,Hounslow,Vladimir Fox," Flavoured iced latte - Hazelnut - 2.75,  Iced latte - 2.35",5.10,CARD,3962144829868
11/11/2020 10:00,Hounslow,Arthur Hall,"Regular Cappuccino - 2.15,  Speciality Tea - Green - 1.30,  Smoothies - Berry Beautiful - 2.00",5.45,CASH,
11/11/2020 10:01,Hounslow,Matthieu Roy," Frappes - Strawberries & Cream - 2.75, Large Hot chocolate - 2.90",5.65,CASH,
11/11/2020 10:02,Hounslow,Daniela Vicente," Frappes - Strawberries & Cream - 2.75,  Smoothies - Carrot Kick - 2.00",4.75,CASH,
11/11/2020 10:04,Hounslow,Ceylan Yetkiner,"Large Luxury hot chocolate - 2.70, Large Americano - 2.25, Large Hot chocolate - 2.90",7.85,CASH,
11/11/2020 10:05,Hounslow,Jessica Stanley," Iced latte - 2.35,  Smoothies - Carrot Kick - 2.00,  Iced latte - 2.35,  Glass of milk - 0.70",7.40,CARD,2458261020621049
11/11/2020 10:06,Hounslow,Ilona Wuollet," Iced latte - 2.35,  Flavoured iced latte - Caramel - 2.75",5.10,CARD,5192488301789492
11/11/2020 10:08,Hounslow,Daniel Salmela," Flavoured iced latte - Hazelnut - 2.75, Large Flavoured latte - Gingerbread - 2.85, Regular Luxury hot chocolate - 2.40, Regular Americano - 1.95",9.95,CASH,
11/11/2020 10:09,Hounslow,Heliodoro Dias,"Large Flavoured hot chocolate - Hazelnut - 2.90",2.90,CASH,
11/11/2020 10:10,Hounslow,Laura Jensen,"Regular Flavoured latte - Caramel - 2.55, Large Flavoured hot chocolate - Hazelnut - 2.90,  Frappes - Coffee - 2.75,  Smoothies - Glowing Greens - 2.00",10.20,CASH,
11/11/2020 10:12,Hounslow,Ildiko Goebel,"Large Flavoured hot chocolate - Hazelnut - 2.90,  Frappes - Coffee - 2.75, Regular Flavoured latte - Caramel - 2.55, Large Cappuccino - 2.45",10.65,CARD,0901081655362604
11/11/2020 10:13,Hounslow,Madeleine Walker,"Large Flavoured hot chocolate - Caramel - 2.90,  Mocha - 2.30,  Red label tea - 1.20, Regular Cappuccino - 2.15,  Red label tea - 1.20",9.75,CASH,
11/11/2020 10:14,Hounslow,Patric Hammann," Flavoured iced latte - Caramel - 2.75, Regular Americano - 1.95,  Frappes - Chocolate Cookie - 2.75",7.45,CASH,
11/11/2020 10:16,Hounslow,Melaine Lima," Flavoured iced latte - Caramel - 2.75,  Flat white - 2.15,  Speciality Tea - Green - 1.30,  Iced latte - 2.35,  Iced americano - 2.15",10.70,CARD,2145187715792115
11/11/2020 10:17,Hounslow,Luca Noel,"Large Latte - 2.45,  Smoothies - Glowing Greens - 2.00,  Frappes - Coffee - 2.75,  Speciality Tea - Camomile - 1.30",8.50,CASH,
11/11/2020 10:18,Hounslow,William Miller," Flavoured iced latte - Hazelnut - 2.75,  Flat white - 2.15,  Smoothies - Carrot Kick - 2.00, Regular Flavoured latte - Gingerbread - 2.55,  Smoothies - Glowing Greens - 2.00",11.45,CARD,6011017142674042
11/11/2020 10:20,Hounslow,Jordan Dixon," Red label tea - 1.20, Regular Chai latte - 2.30",3.50,CASH,
11/11/2020 10:21,Hounslow,Lucila Dias," Smoothies - Berry Beautiful - 2.00,  Flavoured iced latte - Vanilla - 2.75,  Hot chocolate - 1.40",6.15,CASH,
11/11/2020 10:22,Hounslow,Noa Dupuis,"Regular Flavoured hot chocolate - Hazelnut - 2.60,  Red label tea - 1.20,  Frappes - Chocolate Cookie - 2.75",6.55,CASH,
11/11/2020 10:24,Hounslow,Heaven Heijkoop," Iced americano - 2.15, Large Flavoured latte - Caramel - 2.85,  Flat white - 2.15, Regular Americano - 1.95",9.10,CASH,
11/11/2020 10:25,Hounslow,Eskild Jensen,"Large Flavoured latte - Caramel - 2.85",2.85,CASH,
11/11/2020 10:26,Hounslow,Vanesa Romero,"Large Espresso - 1.80, Regular Flavoured hot chocolate - Vanilla - 2.60,  Speciality Tea - Camomile - 1.30,  Speciality Tea - Peppermint - 1.30,  Smoothies - Carrot Kick - 2.00",9.00,CARD,437844528746450
11/11/2020 10:28,Hounslow,Linda Horton,"Large Americano - 2.25, Regular Flavoured latte - Gingerbread - 2.55,  Flavoured iced latte - Caramel - 2.75, Regular Hot chocolate - 2.20",9.75,CASH,
11/11/2020 10:29,Hounslow,Odalissa Cardoso,"Regular Flavoured hot chocolate - Hazelnut - 2.60,  Frappes - Strawberries & Cream - 2.75, Large Americano - 2.25,  Smoothies - Carrot Kick - 2.00",9.60,CARD,7163663225560242
11/11/2020 10:30,Hounslow,Louis Moore,"Large Cappuccino - 2.45,  Cortado - 2.05,  Speciality Tea - Green - 1.30",5.80,CASH,
11/11/2020 10:32,Hounslow,Felipe Cano," Iced americano - 2.15,  Flavoured iced latte - Caramel - 2.75, Large Flavoured hot chocolate - Vanilla - 2.90,  Babyccino - 0.00",7.80,CASH,
11/11/2020 10:33,Hounslow,Mattie Schmidt,"Large Americano - 2.25",2.25,CARD,6011932655830683
11/11/2020 10:34,Hounslow,Brooklyn Allen,"Large Flavoured latte - Caramel - 2.85,  Speciality Tea - English breakfast - 1.30,  Babyccino - 0.00, Large Filter coffee - 1.80,  Flavoured iced latte - Caramel - 2.75",8.70,CARD,2668448558102
11/11/2020 10:36,Hounslow,Paul Gauthier,"Regular Chai latte - 2.30, Regular Filter coffee - 1.50, Large Latte - 2.45,  Mocha - 2.30",8.55,CASH,
11/11/2020 10:37,Hounslow,Milan Colin," Frappes - Strawberries & Cream - 2.75,  Frappes - Strawberries & Cream - 2.75,  Frappes - Strawberries & Cream - 2.75",8.25,CARD,6011395501261271
11/11/2020 10:38,Hounslow,Nooa Autio,"Large Flavoured latte - Caramel - 2.85,  Speciality Tea - Camomile - 1.30, Large Flavoured hot chocolate - Vanilla - 2.90, Large Flavoured hot chocolate - Hazelnut - 2.90",9.95,CARD,0140650160162765
11/11/2020 10:40,Hounslow,Edgar Dumont," Smoothies - Glowing Greens - 2.00,  Flavoured iced latte - Caramel - 2.75, Regular Flavoured hot chocolate - Hazelnut - 2.60",7.35,CASH,
11/11/2020 10:41,Hounslow,Catherine May," Speciality Tea - Earl Grey - 1.30,  Smoothies - Carrot Kick - 2.00, Large Espresso - 1.80, Regular Latte - 2.15,  Smoothies - Berry Beautiful - 2.00",9.25,CASH,
11/11/2020 10:42,Hounslow,Rene Mcdonalid," Frappes - Strawberries & Cream - 2.75, Regular Flavoured hot chocolate - Hazelnut - 2.60,  Flavoured iced latte - Caramel - 2.75",8.10,CASH,
11/11/2020 10:44,Hounslow,Alfredo Tucker,"Large Flavoured latte - Hazelnut - 2.85, Large Americano - 2.25, Regular Flavoured latte - Gingerbread - 2.55,  Flavoured iced latte - Hazelnut - 2.75",10.40,CASH,
11/11/2020 10:45,Hounslow,Nolan Clark," Frappes - Coffee - 2.75,  Frappes - Coffee - 2.75,  Speciality Tea - English breakfast - 1.30,  Flavoured iced latte - Caramel - 2.75",9.55,CARD,1832113207995982
11/11/2020 10:46,Hounslow,Elias Mortensen,"Regular Espresso - 1.50,  Flat white - 2.15",3.65,CARD,9932632715695143
11/11/2020 10:48,Hounslow,Michaela Nicolas," Mocha - 2.30, Regular Flavoured hot chocolate - Hazelnut - 2.60",4.90,CARD,128073911437628
11/11/2020 10:49,Hounslow,Frida Poulsen," Smoothies - Carrot Kick - 2.00",2.00,CASH,
11/11/2020 10:50,Hounslow,Torvald Skoglund," Frappes - Coffee - 2.75, Regular Luxury hot chocolate - 2.40",5.15,CARD,77709093723096
11/11/2020 10:52,Hounslow,Tobias Henry," Cortado - 2.05,  Frappes - Coffee - 2.75,  Speciality Tea - Fruit - 1.30,  Glass of milk - 0.70, Regular Hot chocolate - 2.20",9.00,CARD,0090470382403451
11/11/2020 10:53,Hounslow,Julius Lepisto," Glass of milk - 0.70",.70,CARD,711183953904865
11/11/2020 10:54,Hounslow,Sales Souza,"Regular Cappuccino - 2.15",2.15,CASH,
11/11/2020 10:56,Hounslow,Carla Rojas," Frappes - Strawberries & Cream - 2.75",2.75,CASH,
11/11/2020 10:57,Hounslow,Leo Thompson," Glass of milk - 0.70, Large Flavoured hot chocolate - Caramel - 2.90",3.60,CARD,6011619933668351
11/11/2020 10:58,Hounslow,Antonette Pijpker,"Large Americano - 2.25,  Flavoured iced latte - Caramel - 2.75,  Flavoured iced latte - Vanilla - 2.75",7.75,CARD,2228997729458911
11/11/2020 11:00,Hounslow,Jeremy Stanley," Speciality Tea - Fruit - 1.30,  Flavoured iced latte - Vanilla - 2.75,  Speciality Tea - English breakfast - 1.30, Regular Americano - 1.95",7.30,CARD,404927616048089
11/11/2020 11:02,Hounslow,Leana Robert," Babyccino - 0.00,  Iced americano - 2.15, Large Americano - 2.25, Large Chai latte - 2.60, Regular Flavoured latte - Caramel - 2.55",9.55,CARD,0291749116062449
11/11/2020 11:04,Hounslow,Madison Jones," Smoothies - Berry Beautiful - 2.00, Large Flavoured hot chocolate - Caramel - 2.90, Large Luxury hot chocolate - 2.70, Regular Flavoured hot chocolate - Hazelnut - 2.60",10.20,CASH,
11/11/2020 11:06,Hounslow,Cecilie Mortensen," Iced americano - 2.15,  Iced latte - 2.35, Regular Espresso - 1.50,  Smoothies - Glowing Greens - 2.00, Large Americano - 2.25",10.25,CASH,
11/11/2020 11:08,Hounslow,Troy Cook," Flavoured iced latte - Vanilla - 2.75,  Flavoured iced latte - Hazelnut - 2.75,  Mocha - 2.30",7.80,CASH,
11/11/2020 11:11,Hounslow,Blake Ennis," Flavoured iced latte - Caramel - 2.75",2.75,CASH,
11/11/2020 11:13,Hounslow,Daniela Rocha,"Large Espresso - 1.80,  Speciality Tea - Peppermint - 1.30",3.10,CARD,2134169642968322
11/11/2020 11:15,Hounslow,Kristina Gunnestad," Iced americano - 2.15",2.15,CASH,
11/11/2020 11:17,Hounslow,Daiane Campos," Speciality Tea - Darjeeling - 1.30",1.30,CASH,
11/11/2020 11:20,Hounslow,Harold Nichols," Flat white - 2.15,  Frappes - Strawberries & Cream - 2.75,  Flavoured iced latte - Caramel - 2.75,  Flavoured iced latte - Caramel - 2.75",10.40,CASH,
11/11/2020 11:22,Hounslow,Kathy Barnes," Speciality Tea - Earl Grey - 1.30, Large Flavoured latte - Caramel - 2.85",4.15,CARD,6011439942854917
11/11/2020 11:24,Hounslow,Nathan Roy," Smoothies - Glowing Greens - 2.00,  Smoothies - Glowing Greens - 2.00, Regular Chai latte - 2.30,  Flavoured iced latte - Caramel - 2.75,  Frappes - Chocolate Cookie - 2.75",11.80,CASH,
11/11/2020 11:26,Hounslow,Patrick Carroll,"Regular Flavoured hot chocolate - Hazelnut - 2.60, Large Flavoured latte - Gingerbread - 2.85, Regular Chai latte - 2.30",7.75,CARD,6011637238892490
11/11/2020 11:28,Hounslow,Bettine Geus,"Large Flavoured latte - Gingerbread - 2.85,  Iced americano - 2.15",5.00,CASH,
11/11/2020 11:31,Hounslow,Mason Williams," Frappes - Coffee - 2.75,  Flavoured iced latte - Vanilla - 2.75, Regular Cappuccino - 2.15, Regular Luxury hot chocolate - 2.40",10.05,CASH,
11/11/2020 11:33,Hounslow,Sean Caron," Glass of milk - 0.70",.70,CARD,395611633545136
11/11/2020 11:35,Hounslow,Brad Riley," Glass of milk - 0.70",.70,CASH,
11/11/2020 11:37,Hounslow,Romain Carpentier," Speciality Tea - Earl Grey - 1.30,  Speciality Tea - Camomile - 1.30,  Flat white - 2.15,  Flavoured iced latte - Vanilla - 2.75",7.50,CARD,5589013156794575
11/11/2020 11:40,Hounslow,Oya Adal,"Large Latte - 2.45",2.45,CASH,
11/11/2020 11:42,Hounslow,Soledad Garrido," Iced latte - 2.35,  Speciality Tea - Darjeeling - 1.30,  Speciality Tea - English breakfast - 1.30,  Frappes - Strawberries & Cream - 2.75",7.70,CASH,
11/11/2020 11:44,Hounslow,Niklas Valli,"Regular Espresso - 1.50,  Iced americano - 2.15,  Iced latte - 2.35, Large Flavoured hot chocolate - Hazelnut - 2.90",8.90,CASH,
11/11/2020 11:46,Hounslow,Kay Alexander," Speciality Tea - Earl Grey - 1.30,  Glass of milk - 0.70",2.00,CARD,2286492452924
11/11/2020 11:48,Hounslow,Annabelle Zhang," Flavoured iced latte - Vanilla - 2.75,  Iced latte - 2.35, Large Flavoured hot chocolate - Vanilla - 2.90,  Babyccino - 0.00",8.00,CARD,083173910238814
11/11/2020 11:51,Hounslow,Thanh Hijman,"Large Flavoured latte - Caramel - 2.85, Large Latte - 2.45,  Speciality Tea - Camomile - 1.30, Large Flavoured latte - Caramel - 2.85",9.45,CARD,727765288869137
11/11/2020 11:53,Hounslow,Juho Waisanen," Smoothies - Berry Beautiful - 2.00,  Cortado - 2.05,  Smoothies - Carrot Kick - 2.00",6.05,CARD,8494845591534883
11/11/2020 11:55,Hounslow,Nicole Douglas," Cortado - 2.05",2.05,CARD,6011577833911094
11/11/2020 11:57,Hounslow,Ilco Fleming," Frappes - Strawberries & Cream - 2.75, Large Flavoured hot chocolate - Caramel - 2.90",5.65,CARD,2027956115828017
11/11/2020 12:00,Hounslow,Maya Clarke," Smoothies - Glowing Greens - 2.00,  Speciality Tea - Peppermint - 1.30,  Smoothies - Carrot Kick - 2.00,  Hot chocolate - 1.40,  Frappes - Coffee - 2.75",9.45,CARD,76113714872689646
11/11/2020 12:01,Hounslow,Marice Pinto,"Large Flavoured latte - Vanilla - 2.85,  Frappes - Strawberries & Cream - 2.75, Regular Flavoured latte - Caramel - 2.55,  Speciality Tea - Darjeeling - 1.30,  Iced americano - 2.15",11.60,CARD,4464464936751072
11/11/2020 12:02,Hounslow,Eugenia Herrera," Red label tea - 1.20",1.20,CASH,
11/11/2020 12:04,Hounslow,Vincent May," Cortado - 2.05, Large Cappuccino - 2.45",4.50,CASH,
11/11/2020 12:05,Hounslow,Ilona Kinnunen," Flavoured iced latte - Caramel - 2.75, Large Flavoured latte - Caramel - 2.85",5.60,CASH,
11/11/2020 12:06,Hounslow,Amanda Armstrong," Glass of milk - 0.70,  Speciality Tea - English breakfast - 1.30",2.00,CARD,0850882503788604
11/11/2020 12:08,Hounslow,Dick Richards," Speciality Tea - Earl Grey - 1.30",1.30,CASH,
11/11/2020 12:09,Hounslow,Avery Hamilton," Speciality Tea - Darjeeling - 1.30,  Iced americano - 2.15, Large Flavoured latte - Caramel - 2.85, Regular Cappuccino - 2.15",8.45,CARD,026654956965189
11/11/2020 12:11,Hounslow,Ben Adams," Frappes - Coffee - 2.75",2.75,CARD,167775650523648
11/11/2020 12:12,Hounslow,Paula Montgomery," Speciality Tea - English breakfast - 1.30",1.30,CASH,
11/11/2020 12:13,Hounslow,Marceau Bourgeois,"Regular Chai latte - 2.30, Large Americano - 2.25, Large Cappuccino - 2.45,  Frappes - Strawberries & Cream - 2.75",9.75,CASH,
11/11/2020 12:15,Hounslow,Juho Suomi," Flavoured iced latte - Caramel - 2.75,  Flavoured iced latte - Vanilla - 2.75,  Speciality Tea - English breakfast - 1.30,  Flavoured iced latte - Caramel - 2.75",9.55,CASH,
11/11/2020 12:16,Hounslow,Gianne Hoogduin," Cortado - 2.05,  Glass of milk - 0.70,  Smoothies - Berry Beautiful - 2.00, Regular Americano - 1.95",6.70,CARD,2352911698503
11/11/2020 12:18,Hounslow,Luna Ranheim,"Large Filter coffee - 1.80",1.80,CASH,
11/11/2020 12:19,Hounslow,Jessica Barnett,"Large Espresso - 1.80,  Smoothies - Glowing Greens - 2.00",3.80,CARD,6011022908108501
11/11/2020 12:20,Hounslow,Holly Lawrence," Flavoured iced latte - Caramel - 2.75,  Flavoured iced latte - Caramel - 2.75,  Iced latte - 2.35,  Flavoured iced latte - Vanilla - 2.75, Regular Luxury hot chocolate - 2.40",13.00,CASH,
11/11/2020 12:22,Hounslow,Victoria Jackson," Babyccino - 0.00, Regular Flavoured latte - Caramel - 2.55",2.55,CASH,
11/11/2020 12:23,Hounslow,Aapo Lampo," Iced americano - 2.15, Large Cappuccino - 2.45",4.60,CARD,1145755884518923
11/11/2020 12:25,Hounslow,Sandro Fontai,"Regular Flavoured latte - Gingerbread - 2.55, Large Flavoured hot chocolate - Caramel - 2.90, Large Flavoured latte - Gingerbread - 2.85, Large Espresso - 1.80",10.10,CARD,982681744567761
11/11/2020 12:26,Hounslow,Bryan Murphy,"Regular Luxury hot chocolate - 2.40",2.40,CASH,
11/11/2020 12:27,Hounslow,Emilie Andersen,"Regular Flavoured hot chocolate - Caramel - 2.60",2.60,CASH,
11/11/2020 12:29,Hounslow,Darliane Viana," Speciality Tea - English breakfast - 1.30, Regular Flavoured latte - Vanilla - 2.55,  Smoothies - Carrot Kick - 2.00",5.85,CARD,348492087582583
11/11/2020 12:30,Hounslow,Luke Williams," Frappes - Coffee - 2.75,  Glass of milk - 0.70, Regular Luxury hot chocolate - 2.40,  Flavoured iced latte - Hazelnut - 2.75, Large Flavoured hot chocolate - Hazelnut - 2.90",11.50,CASH,
11/11/2020 12:32,Hounslow,Shamir Olthof,"Regular Hot chocolate - 2.20,  Speciality Tea - Green - 1.30,  Flavoured iced latte - Caramel - 2.75",6.25,CASH,
11/11/2020 12:33,Hounslow,Kristina Thomas," Flavoured iced latte - Hazelnut - 2.75",2.75,CARD,6526544810760585
11/11/2020 12:34,Hounslow,Selim Garcia," Red label tea - 1.20",1.20,CARD,047017586591743
11/11/2020 12:36,Hounslow,Thomas Ginnish," Hot chocolate - 1.40,  Speciality Tea - Camomile - 1.30",2.70,CARD,800678096737115
11/11/2020 12:37,Hounslow,Purificacion Sanchez," Speciality Tea - Darjeeling - 1.30",1.30,CASH,
11/11/2020 12:39,Hounslow,Sebastian Huang," Frappes - Strawberries & Cream - 2.75,  Red label tea - 1.20, Large Luxury hot chocolate - 2.70,  Flavoured iced latte - Caramel - 2.75",9.40,CASH,
11/11/2020 12:40,Hounslow,Toivo Hiltunen,"Regular Latte - 2.15",2.15,CASH,
11/11/2020 12:41,Hounslow,Karl Rivera,"Large Espresso - 1.80, Regular Filter coffee - 1.50, Large Cappuccino - 2.45",5.75,CASH,
11/11/2020 12:43,Hounslow,Gordana Nicolas,"Large Flavoured latte - Hazelnut - 2.85,  Flavoured iced latte - Vanilla - 2.75",5.60,CASH,
11/11/2020 12:44,Hounslow,Lauri Lauri,"Large Flavoured hot chocolate - Vanilla - 2.90",2.90,CARD,190081039943757
11/11/2020 12:46,Hounslow,Houria Verburg,"Regular Latte - 2.15,  Speciality Tea - Camomile - 1.30, Large Filter coffee - 1.80, Large Hot chocolate - 2.90",8.15,CARD,2357804118668139
11/11/2020 12:47,Hounslow,Oscar Hughes,"Large Flavoured latte - Hazelnut - 2.85",2.85,CASH,
11/11/2020 12:48,Hounslow,Hugh Fields,"Regular Chai latte - 2.30",2.30,CARD,0064978905039140
11/11/2020 12:50,Hounslow,Jorge Carrasco,"Large Americano - 2.25,  Speciality Tea - Earl Grey - 1.30,  Smoothies - Glowing Greens - 2.00",5.55,CASH,
11/11/2020 12:51,Hounslow,Ali Erginsoy,"Large Flavoured hot chocolate - Caramel - 2.90",2.90,CARD,5300526589267
11/11/2020 12:53,Hounslow,Erkan Boden,"Large Flavoured latte - Caramel - 2.85",2.85,CASH,
11/11/2020 12:54,Hounslow,Stella Lee,"Regular Hot chocolate - 2.20,  Flavoured iced latte - Caramel - 2.75,  Red label tea - 1.20",6.15,CARD,5987577515725
11/11/2020 12:55,Hounslow,Flavia Evenhuis," Frappes - Coffee - 2.75,  Smoothies - Carrot Kick - 2.00",4.75,CARD,5495623037395101
11/11/2020 12:57,Hounslow,Madeleine Singh,"Regular Flavoured hot chocolate - Vanilla - 2.60,  Speciality Tea - Green - 1.30,  Speciality Tea - English breakfast - 1.30",5.20,CASH,
11/11/2020 12:58,Hounslow,Eliana Fredriksen," Cortado - 2.05,  Frappes - Coffee - 2.75, Regular Hot chocolate - 2.20",7.00,CASH,
11/11/2020 12:59,Hounslow,Lisa Jean," Flavoured iced latte - Caramel - 2.75, Regular Flavoured latte - Caramel - 2.55, Large Flavoured hot chocolate - Hazelnut - 2.90, Large Flavoured hot chocolate - Caramel - 2.90",11.10,CASH,
11/11/2020 13:01,Hounslow,Mathew Perez," Flavoured iced latte - Vanilla - 2.75,  Mocha - 2.30,  Speciality Tea - Darjeeling - 1.30,  Flavoured iced latte - Caramel - 2.75",9.10,CASH,
11/11/2020 13:02,Hounslow,Amalie Poulsen," Frappes - Strawberries & Cream - 2.75,  Flat white - 2.15,  Speciality Tea - Earl Grey - 1.30, Large Flavoured latte - Caramel - 2.85,  Speciality Tea - Earl Grey - 1.30",10.35,CASH,
11/11/2020 13:03,Hounslow,Emilia Wirkkala," Speciality Tea - Fruit - 1.30, Regular Espresso - 1.50,  Speciality Tea - Darjeeling - 1.30,  Speciality Tea - Earl Grey - 1.30,  Smoothies - Glowing Greens - 2.00",7.40,CARD,216486031314421
11/11/2020 13:04,Hounslow,Kenzo Huijben," Iced latte - 2.35",2.35,CASH,
11/11/2020 13:05,Hounslow,Lumi Aho," Babyccino - 0.00, Regular Filter coffee - 1.50,  Flat white - 2.15",3.65,CASH,
11/11/2020 13:06,Hounslow,Dylan White,"Large Cappuccino - 2.45, Regular Cappuccino - 2.15",4.60,CARD,7813141213662639
11/11/2020 13:07,Hounslow,Albert Dunn,"Large Chai latte - 2.60,  Iced latte - 2.35, Large Cappuccino - 2.45",7.40,CARD,4462855831405
11/11/2020 13:08,Hounslow,Felix Campbell,"Large Flavoured hot chocolate - Hazelnut - 2.90, Large Luxury hot chocolate - 2.70,  Smoothies - Carrot Kick - 2.00,  Iced americano - 2.15, Large Flavoured hot chocolate - Hazelnut - 2.90",12.65,CARD,7968535817169
11/11/2020 13:09,Hounslow,Ritthy Spencer," Flavoured iced latte - Caramel - 2.75,  Speciality Tea - Peppermint - 1.30,  Iced americano - 2.15,  Frappes - Chocolate Cookie - 2.75,  Flavoured iced latte - Caramel - 2.75",11.70,CARD,50723593205250378
11/11/2020 13:10,Hounslow,Ricky Hart,"Large Flavoured latte - Caramel - 2.85,  Smoothies - Carrot Kick - 2.00,  Frappes - Coffee - 2.75",7.60,CASH,
11/11/2020 13:11,Hounslow,Johan Dumont," Speciality Tea - Fruit - 1.30",1.30,CARD,999430672036016
11/11/2020 13:12,Hounslow,Samuel Lecomte,"Regular Flavoured latte - Vanilla - 2.55,  Flavoured iced latte - Hazelnut - 2.75, Large Flavoured latte - Caramel - 2.85, Regular Flavoured latte - Vanilla - 2.55,  Hot chocolate - 1.40",12.10,CASH,
11/11/2020 13:13,Hounslow,Mara Scheele,"Large Filter coffee - 1.80,  Iced americano - 2.15, Large Flavoured latte - Gingerbread - 2.85, Large Flavoured latte - Hazelnut - 2.85,  Frappes - Strawberries & Cream - 2.75",12.40,CASH,
11/11/2020 13:14,Hounslow,Sophie Ennis,"Regular Flavoured hot chocolate - Vanilla - 2.60, Large Flavoured latte - Vanilla - 2.85, Regular Flavoured hot chocolate - Hazelnut - 2.60, Large Flavoured latte - Vanilla - 2.85,  Babyccino - 0.00",10.90,CARD,2712164140708102
11/11/2020 13:15,Hounslow,Harvey Sutton," Iced americano - 2.15,  Speciality Tea - Peppermint - 1.30,  Speciality Tea - Earl Grey - 1.30, Regular Flavoured latte - Caramel - 2.55",7.30,CARD,5304898622754631
11/11/2020 13:16,Hounslow,Alex Chen," Speciality Tea - Peppermint - 1.30,  Speciality Tea - Darjeeling - 1.30, Regular Espresso - 1.50, Large Flavoured latte - Caramel - 2.85,  Flavoured iced latte - Vanilla - 2.75",9.70,CARD,7575571405231328
11/11/2020 13:17,Hounslow,Billie Castillo," Flavoured iced latte - Vanilla - 2.75,  Smoothies - Glowing Greens - 2.00, Large Latte - 2.45,  Frappes - Coffee - 2.75",9.95,CASH,
11/11/2020 13:18,Hounslow,Jayden Hughes," Hot chocolate - 1.40,  Flavoured iced latte - Caramel - 2.75, Large Flavoured hot chocolate - Hazelnut - 2.90,  Speciality Tea - English breakfast - 1.30, Large Filter coffee - 1.80",10.15,CARD,1744044645622709
11/11/2020 13:19,Hounslow,Karl Naustdal," Smoothies - Carrot Kick - 2.00, Regular Hot chocolate - 2.20",4.20,CASH,
11/11/2020 13:20,Hounslow,Francis Gordon,"Regular Luxury hot chocolate - 2.40,  Frappes - Chocolate Cookie - 2.75, Large Flavoured latte - Gingerbread - 2.85",8.00,CARD,6852092973682867
11/11/2020 13:21,Hounslow,Viljami Leppanen,"Large Flavoured latte - Hazelnut - 2.85,  Speciality Tea - Green - 1.30, Large Flavoured latte - Gingerbread - 2.85, Large Flavoured hot chocolate - Vanilla - 2.90,  Glass of milk - 0.70",10.60,CASH,
11/11/2020 13:22,Hounslow,Julie Ray," Smoothies - Carrot Kick - 2.00,  Speciality Tea - Darjeeling - 1.30",3.30,CASH,
11/11/2020 13:23,Hounslow,Karl Strehl,"Regular Flavoured latte - Vanilla - 2.55,  Flavoured iced latte - Caramel - 2.75,  Babyccino - 0.00",5.30,CASH,
11/11/2020 13:24,Hounslow,Gavin Ross,"Large Cappuccino - 2.45,  Smoothies - Berry Beautiful - 2.00, Large Flavoured latte - Caramel - 2.85, Regular Luxury hot chocolate - 2.40,  Smoothies - Glowing Greens - 2.00",11.70,CASH,
11/11/2020 13:24,Hounslow,Carter Gardner," Smoothies - Berry Beautiful - 2.00, Large Flavoured latte - Caramel - 2.85,  Flavoured iced latte - Hazelnut - 2.75",7.60,CARD,1532779284031216
11/11/2020 13:25,Hounslow,Susan Perry,"Large Hot chocolate - 2.90, Regular Americano - 1.95",4.85,CARD,67808244149603288
11/11/2020 13:26,Hounslow,Alise Bauge," Iced latte - 2.35,  Speciality Tea - English breakfast - 1.30, Regular Luxury hot chocolate - 2.40, Large Flavoured latte - Caramel - 2.85",8.90,CARD,6820984350871949
11/11/2020 13:27,Hounslow,Judith Neal," Speciality Tea - Darjeeling - 1.30, Large Latte - 2.45,  Flavoured iced latte - Caramel - 2.75",6.50,CASH,
11/11/2020 13:28,Hounslow,John Blanco," Cortado - 2.05,  Flavoured iced latte - Caramel - 2.75,  Speciality Tea - Darjeeling - 1.30,  Red label tea - 1.20, Large Filter coffee - 1.80",9.10,CARD,6011930155701181
11/11/2020 13:29,Hounslow,Leanne Anderson,"Large Latte - 2.45, Regular Flavoured hot chocolate - Caramel - 2.60,  Iced americano - 2.15,  Smoothies - Glowing Greens - 2.00,  Flavoured iced latte - Caramel - 2.75",11.95,CARD,9514655022562351
11/11/2020 13:30,Hounslow,Nada Hubert," Frappes - Chocolate Cookie - 2.75,  Mocha - 2.30",5.05,CASH,
11/11/2020 13:31,Hounslow,Benjamin Ruiz," Frappes - Chocolate Cookie - 2.75, Regular Flavoured latte - Caramel - 2.55",5.30,CARD,70195062558161436
11/11/2020 13:32,Hounslow,James Smith," Frappes - Strawberries & Cream - 2.75",2.75,CASH,
11/11/2020 13:33,Hounslow,Eleanor Stakenburg,"Regular Hot chocolate - 2.20, Large Hot chocolate - 2.90,  Frappes - Coffee - 2.75, Regular Flavoured hot chocolate - Hazelnut - 2.60,  Speciality Tea - Earl Grey - 1.30",11.75,CARD,6011854681431198
11/11/2020 13:34,Hounslow,Dave Cooper," Red label tea - 1.20,  Glass of milk - 0.70,  Speciality Tea - Darjeeling - 1.30,  Babyccino - 0.00, Large Flavoured latte - Caramel - 2.85",6.05,CARD,6011362542744004
11/11/2020 13:35,Hounslow,Aurora Hall," Mocha - 2.30,  Red label tea - 1.20, Large Luxury hot chocolate - 2.70, Large Latte - 2.45,  Flavoured iced latte - Caramel - 2.75",11.40,CARD,316078627066760
11/11/2020 13:36,Hounslow,Rochus Roder," Smoothies - Glowing Greens - 2.00,  Frappes - Strawberries & Cream - 2.75, Large Flavoured hot chocolate - Hazelnut - 2.90, Regular Luxury hot chocolate - 2.40",10.05,CASH,
11/11/2020 13:37,Hounslow,Danny Phillips,"Regular Flavoured hot chocolate - Hazelnut - 2.60,  Red label tea - 1.20,  Speciality Tea - English breakfast - 1.30, Regular Flavoured latte - Caramel - 2.55,  Smoothies - Glowing Greens - 2.00",9.65,CASH,
11/11/2020 13:38,Hounslow,Yasmin Bormann," Red label tea - 1.20,  Mocha - 2.30,  Iced americano - 2.15,  Speciality Tea - Peppermint - 1.30",6.95,CARD,4630724365466412
11/11/2020 13:39,Hounslow,Carmelo Cabrera,"Regular Flavoured latte - Gingerbread - 2.55,  Hot chocolate - 1.40",3.95,CASH,
11/11/2020 13:40,Hounslow,Alma Christiansen," Iced americano - 2.15",2.15,CASH,
11/11/2020 13:41,Hounslow,Chris Garrett," Speciality Tea - Darjeeling - 1.30,  Speciality Tea - Darjeeling - 1.30,  Flavoured iced latte - Hazelnut - 2.75,  Flavoured iced latte - Vanilla - 2.75,  Flavoured iced latte - Caramel - 2.75",10.85,CARD,576931645944805
11/11/2020 13:42,Hounslow,Ana Sanz," Babyccino - 0.00,  Frappes - Strawberries & Cream - 2.75, Regular Flavoured latte - Caramel - 2.55, Large Luxury hot chocolate - 2.70",8.00,CASH,
11/11/2020 13:43,Hounslow,Fletcher Kumar,"Large Flavoured latte - Gingerbread - 2.85",2.85,CASH,
11/11/2020 13:44,Hounslow,Marcus Christensen," Flavoured iced latte - Hazelnut - 2.75,  Speciality Tea - Darjeeling - 1.30, Large Flavoured latte - Vanilla - 2.85",6.90,CARD,89595485486046312
11/11/2020 13:45,Hounslow,Vernon Reed," Smoothies - Carrot Kick - 2.00,  Speciality Tea - Darjeeling - 1.30",3.30,CARD,6011061794898746
11/11/2020 13:46,Hounslow,Nicolai Homburg," Flat white - 2.15,  Flavoured iced latte - Hazelnut - 2.75,  Smoothies - Carrot Kick - 2.00,  Flavoured iced latte - Hazelnut - 2.75, Regular Cappuccino - 2.15",11.80,CASH,
11/11/2020 13:47,Hounslow,Augustin Pierre," Mocha - 2.30,  Iced latte - 2.35,  Hot chocolate - 1.40",6.05,CARD,304746850466384
11/11/2020 13:48,Hounslow,Beth Griffin,"Regular Flavoured hot chocolate - Caramel - 2.60,  Frappes - Strawberries & Cream - 2.75,  Speciality Tea - Darjeeling - 1.30,  Speciality Tea - Camomile - 1.30,  Smoothies - Berry Beautiful - 2.00",9.95,CASH,
11/11/2020 13:49,Hounslow,Juho Hakala," Frappes - Strawberries & Cream - 2.75,  Speciality Tea - Darjeeling - 1.30, Regular Flavoured hot chocolate - Hazelnut - 2.60, Large Flavoured latte - Caramel - 2.85",9.50,CARD,2653543062500
11/11/2020 13:50,Hounslow,Erin Wade," Mocha - 2.30,  Flat white - 2.15, Regular Espresso - 1.50,  Speciality Tea - Fruit - 1.30,  Flavoured iced latte - Caramel - 2.75",10.00,CASH,
11/11/2020 13:51,Hounslow,Josilaine Barbosa,"Large Hot chocolate - 2.90",2.90,CASH,
11/11/2020 13:52,Hounslow,Julia Nikula," Red label tea - 1.20,  Speciality Tea - Peppermint - 1.30, Regular Flavoured latte - Gingerbread - 2.55",5.05,CARD,6594873799768
11/11/2020 13:53,Hounslow,Brandon Watson,"Regular Flavoured hot chocolate - Hazelnut - 2.60",2.60,CARD,8571854714781
11/11/2020 13:54,Hounslow,Akin Offringa," Smoothies - Carrot Kick - 2.00,  Speciality Tea - Green - 1.30",3.30,CARD,1370798170455265
11/11/2020 13:55,Hounslow,Stephanie Petzold," Flavoured iced latte - Caramel - 2.75",2.75,CASH,
11/11/2020 13:56,Hounslow,Maximilian Alfredsen,"Regular Espresso - 1.50,  Cortado - 2.05,  Smoothies - Berry Beautiful - 2.00, Regular Flavoured latte - Hazelnut - 2.55,  Speciality Tea - Peppermint - 1.30",9.40,CASH,
11/11/2020 13:57,Hounslow,Anna Henry," Smoothies - Glowing Greens - 2.00,  Frappes - Coffee - 2.75",4.75,CASH,
11/11/2020 13:58,Hounslow,Carol Fitzgerald,"Regular Flavoured latte - Gingerbread - 2.55,  Flavoured iced latte - Hazelnut - 2.75",5.30,CASH,
11/11/2020 13:59,Hounslow,Ismet Lacroix," Smoothies - Carrot Kick - 2.00,  Frappes - Coffee - 2.75,  Smoothies - Carrot Kick - 2.00,  Speciality Tea - Earl Grey - 1.30",8.05,CASH,
11/11/2020 14:00,Hounslow,Siiri Anttila,"Large Chai latte - 2.60",2.60,CASH,
11/11/2020 14:01,Hounslow,Alexander Margaret,"Large Flavoured hot chocolate - Hazelnut - 2.90",2.90,CARD,997270222035038
11/11/2020 14:01,Hounslow,Enea Meyer," Babyccino - 0.00",.0,CARD,7576441519260
11/11/2020 14:02,Hounslow,Mariana Rauch," Speciality Tea - Green - 1.30, Large Flavoured latte - Vanilla - 2.85,  Flavoured iced latte - Vanilla - 2.75",6.90,CASH,
11/11/2020 14:03,Hounslow,Soham King,"Large Flavoured latte - Caramel - 2.85, Large Flavoured hot chocolate - Hazelnut - 2.90",5.75,CARD,196861389781416
11/11/2020 14:03,Hounslow,Sivert Rimstad,"Regular Hot chocolate - 2.20,  Speciality Tea - English breakfast - 1.30, Large Espresso - 1.80,  Speciality Tea - Fruit - 1.30, Large Flavoured latte - Caramel - 2.85",9.45,CASH,
11/11/2020 14:04,Hounslow,Grazia Caron,"Large Flavoured latte - Hazelnut - 2.85, Large Chai latte - 2.60",5.45,CARD,6821978001709406
11/11/2020 14:04,Hounslow,Bill George,"Regular Flavoured latte - Hazelnut - 2.55, Regular Americano - 1.95, Large Hot chocolate - 2.90, Large Americano - 2.25,  Iced americano - 2.15",11.80,CARD,32440130792411254
11/11/2020 14:05,Hounslow,Traudel Fechner," Iced americano - 2.15",2.15,CASH,
11/11/2020 14:06,Hounslow,Julian Gustavsen," Smoothies - Carrot Kick - 2.00,  Smoothies - Berry Beautiful - 2.00,  Frappes - Chocolate Cookie - 2.75",6.75,CARD,679367227199290
11/11/2020 14:06,Hounslow,Clifton Mckinney," Flat white - 2.15,  Iced americano - 2.15, Large Flavoured latte - Caramel - 2.85",7.15,CASH,
11/11/2020 14:07,Hounslow,Patricia Price," Babyccino - 0.00",.0,CARD,303049527620802
11/11/2020 14:08,Hounslow,Kathrine Vevang," Flavoured iced latte - Caramel - 2.75,  Frappes - Strawberries & Cream - 2.75",5.50,CARD,6011285472439090
11/11/2020 14:08,Hounslow,Melodie Young," Smoothies - Berry Beautiful - 2.00,  Flat white - 2.15,  Speciality Tea - Fruit - 1.30, Large Flavoured latte - Hazelnut - 2.85",8.30,CARD,6011793078966213
11/11/2020 14:09,Hounslow,Lola Soto,"Large Flavoured latte - Gingerbread - 2.85,  Mocha - 2.30,  Frappes - Strawberries & Cream - 2.75",7.90,CASH,
11/11/2020 14:10,Hounslow,Noelle Bradley,"Regular Filter coffee - 1.50,  Speciality Tea - Green - 1.30,  Babyccino - 0.00",2.80,CASH,
11/11/2020 14:10,Hounslow,Flurina Jean," Smoothies - Glowing Greens - 2.00,  Speciality Tea - Camomile - 1.30, Regular Flavoured hot chocolate - Vanilla - 2.60",5.90,CASH,
11/11/2020 14:11,Hounslow,Daniel Pedersen,"Large Chai latte - 2.60",2.60,CARD,647329320998790
11/11/2020 14:12,Hounslow,Amanda Gilbert," Speciality Tea - Green - 1.30",1.30,CASH,
11/11/2020 14:12,Hounslow,Mads Olsen,"Regular Flavoured hot chocolate - Caramel - 2.60",2.60,CASH,
11/11/2020 14:13,Hounslow,Omar Fabre,"Regular Espresso - 1.50, Regular Filter coffee - 1.50, Large Flavoured latte - Gingerbread - 2.85,  Speciality Tea - Darjeeling - 1.30,  Cortado - 2.05",9.20,CASH,
11/11/2020 14:14,Hounslow,Aleksi Halla,"Regular Luxury hot chocolate - 2.40, Large Flavoured hot chocolate - Hazelnut - 2.90",5.30,CASH,
11/11/2020 14:14,Hounslow,Philip Andersen," Speciality Tea - Darjeeling - 1.30,  Cortado - 2.05, Regular Luxury hot chocolate - 2.40,  Glass of milk - 0.70, Large Chai latte - 2.60",9.05,CARD,604203662868003
11/11/2020 14:15,Hounslow,Mathias Nielsen,"Large Flavoured hot chocolate - Caramel - 2.90, Large Flavoured latte - Caramel - 2.85,  Smoothies - Berry Beautiful - 2.00,  Iced americano - 2.15",9.90,CASH,
11/11/2020 14:16,Hounslow,Lucas Kumar,"Regular Flavoured hot chocolate - Caramel - 2.60,  Iced americano - 2.15",4.75,CARD,7769517130387024
11/11/2020 14:16,Hounslow,Elena Aguilar,"Regular Flavoured hot chocolate - Hazelnut - 2.60, Large Filter coffee - 1.80,  Flavoured iced latte - Caramel - 2.75, Regular Cappuccino - 2.15,  Speciality Tea - Green - 1.30",10.60,CASH,
11/11/2020 14:17,Hounslow,Meral Durmaz," Iced latte - 2.35,  Red label tea - 1.20,  Frappes - Coffee - 2.75",6.30,CASH,
11/11/2020 14:18,Hounslow,Troy Fisher,"Large Americano - 2.25,  Cortado - 2.05, Large Latte - 2.45, Regular Chai latte - 2.30, Large Flavoured latte - Caramel - 2.85",11.90,CASH,
11/11/2020 14:18,Hounslow,Markas Hestvik," Speciality Tea - English breakfast - 1.30, Large Flavoured hot chocolate - Hazelnut - 2.90, Large Americano - 2.25, Large Espresso - 1.80,  Hot chocolate - 1.40",9.65,CASH,
11/11/2020 14:19,Hounslow,Glen Kuhn," Speciality Tea - English breakfast - 1.30,  Speciality Tea - Peppermint - 1.30, Regular Americano - 1.95,  Speciality Tea - Camomile - 1.30,  Babyccino - 0.00",5.85,CARD,804843166182942
11/11/2020 14:20,Hounslow,Willard Jensen," Speciality Tea - Peppermint - 1.30,  Speciality Tea - Green - 1.30, Regular Flavoured latte - Vanilla - 2.55",5.15,CARD,6127985850680910
11/11/2020 14:20,Hounslow,Ava Hale," Frappes - Chocolate Cookie - 2.75, Large Filter coffee - 1.80, Large Hot chocolate - 2.90",7.45,CASH,
11/11/2020 14:21,Hounslow,Hilda Martin," Hot chocolate - 1.40,  Speciality Tea - Darjeeling - 1.30,  Flat white - 2.15, Regular Espresso - 1.50",6.35,CASH,
11/11/2020 14:22,Hounslow,Lina Moreau," Flavoured iced latte - Caramel - 2.75,  Speciality Tea - Earl Grey - 1.30, Large Flavoured latte - Caramel - 2.85,  Flavoured iced latte - Vanilla - 2.75,  Babyccino - 0.00",9.65,CARD,9538159196198177
11/11/2020 14:22,Hounslow,Russell Kelly," Frappes - Strawberries & Cream - 2.75",2.75,CASH,
11/11/2020 14:23,Hounslow,Albertine Siewert," Frappes - Coffee - 2.75,  Smoothies - Berry Beautiful - 2.00",4.75,CARD,3020902985629
11/11/2020 14:24,Hounslow,Beth Beck,"Large Espresso - 1.80, Regular Flavoured hot chocolate - Caramel - 2.60,  Speciality Tea - English breakfast - 1.30, Large Flavoured latte - Caramel - 2.85",8.55,CARD,4678748926891
11/11/2020 14:24,Hounslow,Jeanette Willis," Babyccino - 0.00",.0,CASH,
11/11/2020 14:25,Hounslow,Albina Richert," Mocha - 2.30,  Flavoured iced latte - Hazelnut - 2.75",5.05,CASH,
11/11/2020 14:26,Hounslow,Owen West," Babyccino - 0.00,  Frappes - Chocolate Cookie - 2.75",2.75,CARD,9619099948407502
11/11/2020 14:26,Hounslow,Jonathan Davis," Frappes - Strawberries & Cream - 2.75, Regular Latte - 2.15,  Iced latte - 2.35",7.25,CARD,8582473967663549
11/11/2020 14:27,Hounslow,Allie Ray," Babyccino - 0.00, Large Flavoured latte - Vanilla - 2.85, Regular Flavoured hot chocolate - Vanilla - 2.60,  Flavoured iced latte - Hazelnut - 2.75,  Cortado - 2.05",10.25,CASH,
11/11/2020 14:28,Hounslow,Kayla Turner," Speciality Tea - Green - 1.30, Large Flavoured hot chocolate - Vanilla - 2.90",4.20,CARD,6011993502184495
11/11/2020 14:28,Hounslow,Leo Wilson," Smoothies - Carrot Kick - 2.00,  Speciality Tea - Peppermint - 1.30,  Smoothies - Glowing Greens - 2.00,  Speciality Tea - Earl Grey - 1.30",6.60,CASH,
11/11/2020 14:29,Hounslow,Jesus Hernandez,"Large Flavoured hot chocolate - Caramel - 2.90, Regular Flavoured latte - Caramel - 2.55,  Frappes - Strawberries & Cream - 2.75, Regular Americano - 1.95,  Smoothies - Glowing Greens - 2.00",12.15,CASH,
11/11/2020 14:30,Hounslow,Calvin Moreno,"Large Flavoured latte - Caramel - 2.85,  Smoothies - Carrot Kick - 2.00,  Flavoured iced latte - Caramel - 2.75",7.60,CASH,
11/11/2020 14:30,Hounslow,Cindy Bryant," Speciality Tea - Darjeeling - 1.30",1.30,CARD,2721910590481449
11/11/2020 14:31,Hounslow,Mason Lavoie," Speciality Tea - Camomile - 1.30",1.30,CARD,5522632573238
11/11/2020 14:32,Hounslow,Andrea Christiansen,"Large Flavoured latte - Gingerbread - 2.85,  Frappes - Chocolate Cookie - 2.75, Large Flavoured latte - Vanilla - 2.85,  Speciality Tea - Darjeeling - 1.30,  Babyccino - 0.00",9.75,CARD,6439413522168
11/11/2020 14:32,Hounslow,Astrid Jensen," Speciality Tea - Green - 1.30, Large Flavoured hot chocolate - Caramel - 2.90,  Frappes - Strawberries & Cream - 2.75,  Speciality Tea - English breakfast - 1.30",8.25,CASH,
11/11/2020 14:33,Hounslow,Braxton Walker,"Large Flavoured latte - Vanilla - 2.85",2.85,CASH,
11/11/2020 14:34,Hounslow,Ezio Nguyen," Flat white - 2.15",2.15,CARD,208388669995176
11/11/2020 14:34,Hounslow,Topias Wuori,"Regular Flavoured latte - Vanilla - 2.55",2.55,CARD,8169768019786748
11/11/2020 14:35,Hounslow,Felix Wong,"Large Cappuccino - 2.45, Regular Flavoured latte - Gingerbread - 2.55,  Cortado - 2.05,  Red label tea - 1.20, Regular Hot chocolate - 2.20",10.45,CARD,008705578328913
11/11/2020 14:35,Hounslow,Antonella Aubert," Speciality Tea - Fruit - 1.30, Large Latte - 2.45",3.75,CASH,
11/11/2020 14:36,Hounslow,Luukas Salmela,"Regular Cappuccino - 2.15, Regular Flavoured latte - Hazelnut - 2.55,  Speciality Tea - Earl Grey - 1.30,  Glass of milk - 0.70, Large Espresso - 1.80",8.50,CASH,
11/11/2020 14:37,Hounslow,Vincent Riley,"Large Cappuccino - 2.45, Regular Flavoured latte - Gingerbread - 2.55,  Red label tea - 1.20,  Speciality Tea - Green - 1.30",7.50,CARD,853882136419886
11/11/2020 14:37,Hounslow,Marco Rage,"Large Latte - 2.45,  Iced latte - 2.35",4.80,CARD,2274004218753395
11/11/2020 14:38,Hounslow,Jadwiga Bergen," Frappes - Chocolate Cookie - 2.75",2.75,CASH,
11/11/2020 14:39,Hounslow,Russell Lawrence," Speciality Tea - Peppermint - 1.30",1.30,CARD,0202820933838483
11/11/2020 14:39,Hounslow,Selin Gamst," Smoothies - Berry Beautiful - 2.00,  Speciality Tea - Peppermint - 1.30,  Flavoured iced latte - Caramel - 2.75,  Frappes - Chocolate Cookie - 2.75",8.80,CASH,
11/11/2020 14:40,Hounslow,Alois Moog," Speciality Tea - Darjeeling - 1.30",1.30,CASH,
11/11/2020 14:41,Hounslow,Selma Poulsen," Frappes - Coffee - 2.75, Large Luxury hot chocolate - 2.70,  Flavoured iced latte - Hazelnut - 2.75,  Speciality Tea - Peppermint - 1.30",9.50,CARD,6011869476944965
11/11/2020 14:41,Hounslow,Kaitlin Neal," Iced americano - 2.15, Regular Flavoured hot chocolate - Hazelnut - 2.60,  Hot chocolate - 1.40",6.15,CARD,6995915535443452
11/11/2020 14:42,Hounslow,Oliver Andersen," Speciality Tea - Peppermint - 1.30,  Speciality Tea - English breakfast - 1.30,  Flavoured iced latte - Caramel - 2.75,  Glass of milk - 0.70",6.05,CASH,
11/11/2020 14:43,Hounslow,Jonathan Williamson," Flavoured iced latte - Hazelnut - 2.75, Large Filter coffee - 1.80, Regular Chai latte - 2.30, Regular Flavoured latte - Caramel - 2.55,  Flavoured iced latte - Hazelnut - 2.75",12.15,CASH,
11/11/2020 14:43,Hounslow,Arnulf Kaufmann," Babyccino - 0.00,  Smoothies - Glowing Greens - 2.00, Large Cappuccino - 2.45",4.45,CARD,7093521288731
11/11/2020 14:44,Hounslow,Juliette Chu,"Regular Flavoured latte - Caramel - 2.55",2.55,CARD,7826361198761
11/11/2020 14:45,Hounslow,Danielle Fitzgerald," Speciality Tea - Green - 1.30,  Frappes - Chocolate Cookie - 2.75,  Flavoured iced latte - Caramel - 2.75",6.80,CARD,7047909384517924
11/11/2020 14:45,Hounslow,Luca Skjeggestad,"Regular Flavoured hot chocolate - Vanilla - 2.60,  Frappes - Strawberries & Cream - 2.75, Large Espresso - 1.80, Large Flavoured latte - Caramel - 2.85, Regular Flavoured hot chocolate - Vanilla - 2.60",12.60,CASH,
11/11/2020 14:46,Hounslow,Emir Asheim," Frappes - Chocolate Cookie - 2.75,  Mocha - 2.30,  Smoothies - Carrot Kick - 2.00",7.05,CASH,
11/11/2020 14:47,Hounslow,Fiona Charles," Flavoured iced latte - Caramel - 2.75,  Speciality Tea - Darjeeling - 1.30, Regular Flavoured hot chocolate - Caramel - 2.60",6.65,CARD,6011849746372690
11/11/2020 14:47,Hounslow,Lilian Meyer,"Regular Cappuccino - 2.15, Large Hot chocolate - 2.90,  Smoothies - Glowing Greens - 2.00,  Iced latte - 2.35, Regular Flavoured hot chocolate - Hazelnut - 2.60",12.00,CARD,6186943146459363
11/11/2020 14:48,Hounslow,Oliver Laitinen," Hot chocolate - 1.40, Large Flavoured hot chocolate - Vanilla - 2.90,  Speciality Tea - Earl Grey - 1.30, Regular Espresso - 1.50",7.10,CARD,3737983713479316
11/11/2020 14:49,Hounslow,Marilce Souza," Speciality Tea - Camomile - 1.30,  Flavoured iced latte - Caramel - 2.75, Regular Flavoured hot chocolate - Hazelnut - 2.60",6.65,CASH,
11/11/2020 14:49,Hounslow,Donatella Noort,"Regular Latte - 2.15",2.15,CARD,2185249513682779
11/11/2020 14:50,Hounslow,Edwin Douglas," Frappes - Strawberries & Cream - 2.75, Large Flavoured latte - Gingerbread - 2.85",5.60,CASH,
11/11/2020 14:51,Hounslow,Diana Carpenter," Red label tea - 1.20,  Hot chocolate - 1.40,  Speciality Tea - Earl Grey - 1.30,  Smoothies - Carrot Kick - 2.00",5.90,CASH,
11/11/2020 14:51,Hounslow,Caspian Flem," Frappes - Coffee - 2.75,  Speciality Tea - Green - 1.30,  Glass of milk - 0.70",4.75,CASH,
11/11/2020 14:52,Hounslow,Solveig Fosen," Speciality Tea - English breakfast - 1.30,  Speciality Tea - Darjeeling - 1.30",2.60,CARD,968925637616321
11/11/2020 14:53,Hounslow,Aleksi Aalto,"Large Flavoured latte - Hazelnut - 2.85,  Hot chocolate - 1.40,  Speciality Tea - Darjeeling - 1.30",5.55,CASH,
11/11/2020 14:53,Hounslow,Justine Brar,"Large Latte - 2.45,  Babyccino - 0.00, Large Luxury hot chocolate - 2.70",5.15,CARD,4940105743898037
11/11/2020 14:54,Hounslow,Roland Roberts," Flavoured iced latte - Hazelnut - 2.75",2.75,CARD,6205326335373753
11/11/2020 14:55,Hounslow,Max Obrien,"Regular Flavoured latte - Caramel - 2.55,  Flat white - 2.15, Regular Flavoured hot chocolate - Hazelnut - 2.60",7.30,CARD,3917559224490840
11/11/2020 14:55,Hounslow,Amanda Jokinen," Smoothies - Carrot Kick - 2.00,  Speciality Tea - English breakfast - 1.30",3.30,CASH,
11/11/2020 14:56,Hounslow,Annabelle Barnaby," Speciality Tea - Camomile - 1.30,  Flat white - 2.15,  Smoothies - Glowing Greens - 2.00",5.45,CARD,6011561831967995
11/11/2020 14:57,Hounslow,Jeppe Kristensen," Mocha - 2.30,  Babyccino - 0.00,  Flat white - 2.15, Large Flavoured latte - Hazelnut - 2.85",7.30,CARD,4917589347858123
11/11/2020 14:57,Hounslow,Johnni Peters,"Large Flavoured hot chocolate - Vanilla - 2.90,  Red label tea - 1.20",4.10,CASH,
11/11/2020 14:58,Hounslow,Ritthy Kelly," Speciality Tea - English breakfast - 1.30,  Iced latte - 2.35,  Speciality Tea - Fruit - 1.30, Large Espresso - 1.80, Large Filter coffee - 1.80",8.55,CARD,70738949400754795
11/11/2020 14:59,Hounslow,Joseph Meyer," Speciality Tea - Darjeeling - 1.30,  Flavoured iced latte - Hazelnut - 2.75,  Speciality Tea - Camomile - 1.30,  Speciality Tea - Earl Grey - 1.30",6.65,CARD,3550900723205229
11/11/2020 14:59,Hounslow,Cecilie Jensen," Frappes - Chocolate Cookie - 2.75,  Flavoured iced latte - Hazelnut - 2.75, Large Flavoured latte - Vanilla - 2.85, Large Flavoured latte - Vanilla - 2.85,  Speciality Tea - Earl Grey - 1.30",12.50,CASH,
11/11/2020 15:00,Hounslow,Samah Lof," Babyccino - 0.00,  Flavoured iced latte - Hazelnut - 2.75, Regular Flavoured hot chocolate - Hazelnut - 2.60,  Speciality Tea - Darjeeling - 1.30, Large Americano - 2.25",8.90,CARD,6011367010623392
11/11/2020 15:01,Hounslow,Silke Christiansen," Flavoured iced latte - Caramel - 2.75, Large Cappuccino - 2.45, Large Flavoured latte - Vanilla - 2.85, Large Flavoured latte - Gingerbread - 2.85,  Speciality Tea - Fruit - 1.30",12.20,CASH,
11/11/2020 15:01,Hounslow,Addison Ouellet,"Large Luxury hot chocolate - 2.70, Large Flavoured hot chocolate - Hazelnut - 2.90",5.60,CARD,3631974674290
11/11/2020 15:02,Hounslow,Adriana Duran," Speciality Tea - Peppermint - 1.30,  Speciality Tea - Peppermint - 1.30,  Flat white - 2.15, Large Espresso - 1.80",6.55,CASH,
11/11/2020 15:03,Hounslow,Rodney Nichols,"Regular Hot chocolate - 2.20",2.20,CASH,
11/11/2020 15:03,Hounslow,Annamaria Tischer," Speciality Tea - Fruit - 1.30, Large Luxury hot chocolate - 2.70,  Flavoured iced latte - Vanilla - 2.75,  Flavoured iced latte - Vanilla - 2.75, Large Luxury hot chocolate - 2.70",12.20,CARD,6011659094335618
11/11/2020 15:04,Hounslow,Elisa Cabrera," Speciality Tea - Fruit - 1.30,  Frappes - Strawberries & Cream - 2.75,  Flavoured iced latte - Vanilla - 2.75",6.80,CARD,9229926254481
11/11/2020 15:04,Hounslow,Amanda Ollila," Flavoured iced latte - Hazelnut - 2.75",2.75,CASH,
11/11/2020 15:05,Hounslow,Yvete Carvalho," Glass of milk - 0.70,  Speciality Tea - Earl Grey - 1.30,  Flavoured iced latte - Hazelnut - 2.75, Regular Flavoured latte - Hazelnut - 2.55, Large Flavoured hot chocolate - Vanilla - 2.90",10.20,CARD,6011562467762150
11/11/2020 15:06,Hounslow,Maia Wang," Frappes - Strawberries & Cream - 2.75, Large Luxury hot chocolate - 2.70,  Speciality Tea - English breakfast - 1.30,  Hot chocolate - 1.40, Large Flavoured hot chocolate - Hazelnut - 2.90",11.05,CASH,
11/11/2020 15:06,Hounslow,Johannes Moseng," Frappes - Coffee - 2.75,  Flavoured iced latte - Caramel - 2.75, Large Flavoured hot chocolate - Hazelnut - 2.90, Regular Flavoured latte - Hazelnut - 2.55",10.95,CASH,
11/11/2020 15:07,Hounslow,Nelli Makinen," Frappes - Chocolate Cookie - 2.75",2.75,CARD,762901433929620
11/11/2020 15:08,Hounslow,Molly Hughes,"Regular Hot chocolate - 2.20,  Flavoured iced latte - Vanilla - 2.75",4.95,CASH,
11/11/2020 15:08,Hounslow,Ivano Kooijmans,"Regular Filter coffee - 1.50",1.50,CARD,6011904811941727
11/11/2020 15:09,Hounslow,Joona Huotari,"Regular Flavoured latte - Hazelnut - 2.55,  Mocha - 2.30,  Smoothies - Carrot Kick - 2.00,  Glass of milk - 0.70",7.55,CARD,0947620574607
11/11/2020 15:10,Hounslow,Kerim Sezek," Speciality Tea - Camomile - 1.30",1.30,CARD,7177377882092983
11/11/2020 15:10,Hounslow,Joel Jarvela," Frappes - Coffee - 2.75,  Flavoured iced latte - Caramel - 2.75",5.50,CASH,
11/11/2020 15:11,Hounslow,Stella Hughes," Smoothies - Berry Beautiful - 2.00,  Frappes - Coffee - 2.75, Regular Flavoured latte - Caramel - 2.55,  Smoothies - Berry Beautiful - 2.00",9.30,CASH,
11/11/2020 15:12,Hounslow,Montserrat Saez,"Large Espresso - 1.80, Large Flavoured hot chocolate - Caramel - 2.90,  Mocha - 2.30",7.00,CARD,6011578604688555
11/11/2020 15:12,Hounslow,Kiana Jongeling," Flavoured iced latte - Hazelnut - 2.75, Regular Flavoured hot chocolate - Vanilla - 2.60,  Flavoured iced latte - Caramel - 2.75,  Frappes - Strawberries & Cream - 2.75",10.85,CARD,7273449097385
11/11/2020 15:13,Hounslow,Noah Pelletier,"Regular Flavoured hot chocolate - Hazelnut - 2.60,  Speciality Tea - Camomile - 1.30, Large Flavoured hot chocolate - Hazelnut - 2.90, Regular Luxury hot chocolate - 2.40, Large Chai latte - 2.60",11.80,CASH,
11/11/2020 15:14,Hounslow,Kenzi Beck,"Regular Flavoured hot chocolate - Vanilla - 2.60,  Glass of milk - 0.70",3.30,CARD,6011863421674047
11/11/2020 15:14,Hounslow,Viljami Kantola,"Large Flavoured latte - Gingerbread - 2.85,  Glass of milk - 0.70",3.55,CASH,
11/11/2020 15:15,Hounslow,Hansruedi Marchand,"Regular Chai latte - 2.30",2.30,CARD,6011467244684077
11/11/2020 15:16,Hounslow,Federico Roux," Flavoured iced latte - Vanilla - 2.75, Regular Flavoured hot chocolate - Vanilla - 2.60,  Flavoured iced latte - Vanilla - 2.75,  Speciality Tea - Camomile - 1.30",9.40,CASH,
11/11/2020 15:16,Hounslow,Christian Velasco," Mocha - 2.30, Large Flavoured hot chocolate - Caramel - 2.90, Large Flavoured hot chocolate - Hazelnut - 2.90, Regular Americano - 1.95",10.05,CARD,6746050640808887
11/11/2020 15:17,Hounslow,Hunter Rhodes," Speciality Tea - Fruit - 1.30, Regular Hot chocolate - 2.20, Large Luxury hot chocolate - 2.70,  Speciality Tea - Camomile - 1.30, Regular Flavoured hot chocolate - Hazelnut - 2.60",10.10,CARD,40353975409197
11/11/2020 15:18,Hounslow,Oliver Campbell," Flavoured iced latte - Vanilla - 2.75,  Smoothies - Glowing Greens - 2.00, Large Luxury hot chocolate - 2.70,  Babyccino - 0.00, Regular Latte - 2.15",9.60,CASH,
11/11/2020 15:18,Hounslow,Arttu Korhonen," Flavoured iced latte - Hazelnut - 2.75,  Frappes - Coffee - 2.75",5.50,CARD,0378538434469
11/11/2020 15:19,Hounslow,Steve Rivera," Speciality Tea - Earl Grey - 1.30, Large Flavoured hot chocolate - Hazelnut - 2.90,  Frappes - Chocolate Cookie - 2.75, Large Flavoured latte - Vanilla - 2.85, Regular Flavoured latte - Gingerbread - 2.55",12.35,CARD,0710838909682750
11/11/2020 15:20,Hounslow,Noa Roger,"Large Flavoured latte - Vanilla - 2.85, Large Hot chocolate - 2.90,  Speciality Tea - Earl Grey - 1.30",7.05,CARD,220297350044944
11/11/2020 15:20,Hounslow,Topias Jarvela," Speciality Tea - Green - 1.30,  Frappes - Coffee - 2.75,  Frappes - Strawberries & Cream - 2.75,  Smoothies - Carrot Kick - 2.00,  Smoothies - Berry Beautiful - 2.00",10.80,CARD,6011419691869186
11/11/2020 15:21,Hounslow,Mason Cooper," Speciality Tea - English breakfast - 1.30,  Flat white - 2.15,  Smoothies - Carrot Kick - 2.00,  Flat white - 2.15,  Speciality Tea - Fruit - 1.30",8.90,CARD,571939342713294
11/11/2020 15:22,Hounslow,Greg Soto," Flavoured iced latte - Caramel - 2.75, Large Latte - 2.45,  Iced latte - 2.35, Regular Latte - 2.15,  Cortado - 2.05",11.75,CARD,5494024262033322
11/11/2020 15:22,Hounslow,Romarilda Dias," Speciality Tea - Peppermint - 1.30",1.30,CASH,
11/11/2020 15:23,Hounslow,Logan Harris," Cortado - 2.05, Large Latte - 2.45,  Flavoured iced latte - Hazelnut - 2.75, Large Flavoured hot chocolate - Caramel - 2.90,  Iced latte - 2.35",12.50,CARD,7662119915392863
11/11/2020 15:24,Hounslow,Adem Kunter,"Regular Filter coffee - 1.50, Regular Hot chocolate - 2.20,  Mocha - 2.30, Large Espresso - 1.80",7.80,CARD,849664373841002
11/11/2020 15:24,Hounslow,Hannah Lewis," Speciality Tea - Green - 1.30, Regular Cappuccino - 2.15",3.45,CASH,
11/11/2020 15:25,Hounslow,Adam Rey," Smoothies - Carrot Kick - 2.00,  Flavoured iced latte - Vanilla - 2.75,  Glass of milk - 0.70",5.45,CASH,
11/11/2020 15:26,Hounslow,Danielle Mitchelle,"Large Flavoured latte - Caramel - 2.85,  Flat white - 2.15,  Flavoured iced latte - Caramel - 2.75",7.75,CASH,
11/11/2020 15:26,Hounslow,Michelle Schmitt," Mocha - 2.30",2.30,CARD,756710081167461
11/11/2020 15:27,Hounslow,Amadeus Vik,"Large Flavoured latte - Gingerbread - 2.85",2.85,CARD,3710334773739
11/11/2020 15:28,Hounslow,David French," Flavoured iced latte - Caramel - 2.75,  Iced latte - 2.35,  Red label tea - 1.20",6.30,CASH,
11/11/2020 15:28,Hounslow,Asuncion Gil," Flavoured iced latte - Caramel - 2.75,  Speciality Tea - Green - 1.30",4.05,CARD,34948560739546171
11/11/2020 15:29,Hounslow,Odin Underhaug," Speciality Tea - Peppermint - 1.30, Large Flavoured latte - Caramel - 2.85,  Speciality Tea - Green - 1.30",5.45,CARD,6011736832952297
11/11/2020 15:30,Hounslow,Anastasia Lundby," Smoothies - Glowing Greens - 2.00,  Red label tea - 1.20,  Iced latte - 2.35,  Smoothies - Berry Beautiful - 2.00",7.55,CASH,
11/11/2020 15:30,Hounslow,Ava Brown," Flat white - 2.15,  Iced latte - 2.35,  Frappes - Coffee - 2.75,  Iced latte - 2.35",9.60,CARD,1285417388067565
11/11/2020 15:31,Hounslow,Elliot Lam," Frappes - Coffee - 2.75,  Flavoured iced latte - Vanilla - 2.75,  Cortado - 2.05, Large Latte - 2.45",10.00,CARD,8400936127976
11/11/2020 15:32,Hounslow,Misja Brander,"Large Hot chocolate - 2.90,  Frappes - Strawberries & Cream - 2.75,  Flavoured iced latte - Caramel - 2.75, Large Chai latte - 2.60,  Frappes - Strawberries & Cream - 2.75",13.75,CASH,
11/11/2020 15:32,Hounslow,Evelyn Bogen,"Regular Americano - 1.95, Large Filter coffee - 1.80,  Iced latte - 2.35,  Hot chocolate - 1.40,  Flavoured iced latte - Caramel - 2.75",10.25,CARD,8118953155451497
11/11/2020 15:33,Hounslow,Bryan Wallace," Flat white - 2.15,  Smoothies - Carrot Kick - 2.00,  Frappes - Coffee - 2.75,  Speciality Tea - English breakfast - 1.30",8.20,CASH,
11/11/2020 15:33,Hounslow,Ferdinand Huth,"Regular Flavoured hot chocolate - Hazelnut - 2.60,  Hot chocolate - 1.40",4.00,CASH,
11/11/2020 15:34,Hounslow,Jose Woods," Hot chocolate - 1.40,  Speciality Tea - Darjeeling - 1.30, Large Flavoured hot chocolate - Hazelnut - 2.90,  Flat white - 2.15",7.75,CARD,2804185871250675
11/11/2020 15:35,Hounslow,Hugh Holland," Smoothies - Glowing Greens - 2.00, Regular Flavoured latte - Hazelnut - 2.55, Regular Chai latte - 2.30",6.85,CARD,364463097329752
11/11/2020 15:35,Hounslow,Eemeli Leppo,"Regular Flavoured hot chocolate - Hazelnut - 2.60,  Speciality Tea - Fruit - 1.30",3.90,CARD,4802497333443
11/11/2020 15:36,Hounslow,Jesse Hakola,"Regular Flavoured latte - Caramel - 2.55, Large Americano - 2.25, Regular Filter coffee - 1.50,  Iced americano - 2.15,  Speciality Tea - Camomile - 1.30",9.75,CASH,
11/11/2020 15:37,Hounslow,Mounia Karaca," Flavoured iced latte - Caramel - 2.75",2.75,CASH,
11/11/2020 15:37,Hounslow,Ava Jones," Speciality Tea - English breakfast - 1.30",1.30,CARD,5961369247881456
11/11/2020 15:38,Hounslow,Holly Bennett," Iced latte - 2.35,  Iced americano - 2.15,  Flat white - 2.15",6.65,CARD,6011518426604542
11/11/2020 15:39,Hounslow,Addison Macdonald," Speciality Tea - Darjeeling - 1.30, Large Flavoured hot chocolate - Hazelnut - 2.90,  Smoothies - Glowing Greens - 2.00,  Flavoured iced latte - Caramel - 2.75",8.95,CASH,
11/11/2020 15:39,Hounslow,Lumi Seppala,"Large Flavoured latte - Hazelnut - 2.85,  Frappes - Strawberries & Cream - 2.75,  Iced latte - 2.35, Large Flavoured hot chocolate - Vanilla - 2.90",10.85,CARD,869807807636997
11/11/2020 15:40,Hounslow,Nelli Maunu,"Regular Americano - 1.95,  Flavoured iced latte - Caramel - 2.75,  Cortado - 2.05,  Iced americano - 2.15",8.90,CASH,
11/11/2020 15:41,Hounslow,Noelle Barnett,"Regular Luxury hot chocolate - 2.40,  Flavoured iced latte - Vanilla - 2.75,  Speciality Tea - Camomile - 1.30, Regular Flavoured hot chocolate - Hazelnut - 2.60, Regular Cappuccino - 2.15",11.20,CASH,
11/11/2020 15:41,Hounslow,Emilie Jones,"Large Flavoured hot chocolate - Hazelnut - 2.90,  Frappes - Coffee - 2.75",5.65,CARD,8446874738688334
11/11/2020 15:42,Hounslow,Konsta Palo,"Large Flavoured latte - Hazelnut - 2.85",2.85,CARD,6011143319177542
11/11/2020 15:43,Hounslow,Marta Marin," Flavoured iced latte - Caramel - 2.75,  Speciality Tea - Darjeeling - 1.30",4.05,CASH,
11/11/2020 15:43,Hounslow,Nerea Cabrera,"Regular Filter coffee - 1.50,  Speciality Tea - Darjeeling - 1.30",2.80,CARD,8600371559730
11/11/2020 15:44,Hounslow,Hector Wilson,"Large Flavoured hot chocolate - Hazelnut - 2.90,  Speciality Tea - Darjeeling - 1.30",4.20,CASH,
11/11/2020 15:45,Hounslow,Christin Stehr,"Large Flavoured latte - Caramel - 2.85",2.85,CASH,
11/11/2020 15:45,Hounslow,Aubrey Jones,"Regular Flavoured latte - Vanilla - 2.55",2.55,CASH,
11/11/2020 15:46,Hounslow,Samu Moilanen,"Large Americano - 2.25,  Flat white - 2.15,  Flavoured iced latte - Hazelnut - 2.75",7.15,CASH,
11/11/2020 15:47,Hounslow,Tallak Kolstad," Flat white - 2.15,  Cortado - 2.05",4.20,CASH,
11/11/2020 15:47,Hounslow,Kim Welch,"Regular Flavoured hot chocolate - Hazelnut - 2.60, Regular Flavoured hot chocolate - Hazelnut - 2.60,  Speciality Tea - English breakfast - 1.30, Regular Filter coffee - 1.50, Regular Latte - 2.15",10.15,CASH,
11/11/2020 15:48,Hounslow,Sadie Jackson," Speciality Tea - Camomile - 1.30, Regular Cappuccino - 2.15",3.45,CASH,
11/11/2020 15:49,Hounslow,Jeremiah Graham,"Large Luxury hot chocolate - 2.70",2.70,CARD,2844807285873904
11/11/2020 15:49,Hounslow,Nick Macrae," Frappes - Coffee - 2.75,  Frappes - Coffee - 2.75",5.50,CARD,278188826614156
11/11/2020 15:50,Hounslow,Heather Ferguson,"Large Flavoured hot chocolate - Hazelnut - 2.90,  Hot chocolate - 1.40",4.30,CASH,
11/11/2020 15:51,Hounslow,Terry Armstrong,"Regular Flavoured hot chocolate - Caramel - 2.60, Large Flavoured latte - Gingerbread - 2.85,  Speciality Tea - Camomile - 1.30",6.75,CARD,3507127434788382
11/11/2020 15:51,Hounslow,Rosa Crespo," Smoothies - Berry Beautiful - 2.00",2.00,CASH,
11/11/2020 15:52,Hounslow,Jonas Mortensen," Smoothies - Glowing Greens - 2.00,  Frappes - Chocolate Cookie - 2.75, Large Cappuccino - 2.45",7.20,CASH,
11/11/2020 15:53,Hounslow,Maria Jensen,"Regular Americano - 1.95,  Glass of milk - 0.70, Regular Filter coffee - 1.50,  Iced americano - 2.15",6.30,CARD,4084352759726171
11/11/2020 15:53,Hounslow,Marilou Young," Speciality Tea - Darjeeling - 1.30, Regular Espresso - 1.50, Large Flavoured latte - Caramel - 2.85,  Speciality Tea - Darjeeling - 1.30,  Speciality Tea - Darjeeling - 1.30",8.25,CASH,
11/11/2020 15:54,Hounslow,Jessica Black,"Large Chai latte - 2.60",2.60,CASH,
11/11/2020 15:55,Hounslow,Isabella Butler,"Large Flavoured latte - Caramel - 2.85, Regular Flavoured latte - Gingerbread - 2.55",5.40,CASH,
11/11/2020 15:55,Hounslow,Susanna Sutton,"Regular Flavoured latte - Caramel - 2.55",2.55,CASH,
11/11/2020 15:56,Hounslow,Justin Liu,"Large Filter coffee - 1.80,  Frappes - Chocolate Cookie - 2.75,  Smoothies - Carrot Kick - 2.00",6.55,CASH,
11/11/2020 15:57,Hounslow,Andreas Pedersen," Speciality Tea - Green - 1.30, Regular Flavoured latte - Hazelnut - 2.55, Regular Flavoured hot chocolate - Hazelnut - 2.60,  Speciality Tea - Green - 1.30",7.75,CARD,06718617743276395
11/11/2020 15:57,Hounslow,Willard Thomas,"Large Flavoured latte - Caramel - 2.85, Regular Flavoured latte - Caramel - 2.55",5.40,CARD,9201414015307344
11/11/2020 15:58,Hounslow,Hailey Smith,"Large Flavoured latte - Vanilla - 2.85",2.85,CARD,029889914538973
11/11/2020 15:59,Hounslow,Ambre Francois," Frappes - Strawberries & Cream - 2.75",2.75,CARD,000997437302036
11/11/2020 15:59,Hounslow,Otto Lampi,"Large Flavoured hot chocolate - Vanilla - 2.90",2.90,CARD,3878466199432709
11/11/2020 16:00,Hounslow,Clarence Carroll,"Large Flavoured latte - Vanilla - 2.85,  Iced americano - 2.15",5.00,CARD,1405959008029
11/11/2020 16:01,Hounslow,Hayley Martin,"Large Filter coffee - 1.80,  Babyccino - 0.00,  Frappes - Chocolate Cookie - 2.75",4.55,CASH,
11/11/2020 16:02,Hounslow,Jimi Pulkkinen," Cortado - 2.05,  Babyccino - 0.00, Large Americano - 2.25,  Speciality Tea - English breakfast - 1.30",5.60,CARD,904770119699625
11/11/2020 16:03,Hounslow,Daniel Kennedy,"Large Hot chocolate - 2.90, Large Flavoured hot chocolate - Caramel - 2.90, Large Flavoured latte - Caramel - 2.85,  Babyccino - 0.00",8.65,CARD,6011506844609518
11/11/2020 16:04,Hounslow,Elizabeth Stranden," Flavoured iced latte - Caramel - 2.75,  Flat white - 2.15",4.90,CASH,
11/11/2020 16:05,Hounslow,Glen Jackson,"Regular Flavoured latte - Caramel - 2.55, Large Luxury hot chocolate - 2.70",5.25,CARD,7831052024621
11/11/2020 16:06,Hounslow,Luzia Holland," Speciality Tea - Darjeeling - 1.30,  Iced latte - 2.35",3.65,CARD,2665995001602424
11/11/2020 16:07,Hounslow,Christian Moreno," Frappes - Strawberries & Cream - 2.75, Regular Latte - 2.15, Large Flavoured latte - Vanilla - 2.85, Large Espresso - 1.80",9.55,CARD,9251569153909192
11/11/2020 16:08,Hounslow,Ellen Lehtonen," Iced latte - 2.35,  Iced americano - 2.15,  Smoothies - Glowing Greens - 2.00,  Flavoured iced latte - Caramel - 2.75, Large Cappuccino - 2.45",11.70,CASH,
11/11/2020 16:09,Hounslow,Louise Austin," Speciality Tea - Earl Grey - 1.30,  Smoothies - Berry Beautiful - 2.00, Large Filter coffee - 1.80",5.10,CASH,
11/11/2020 16:10,Hounslow,Magnus Jensen," Flavoured iced latte - Hazelnut - 2.75,  Smoothies - Berry Beautiful - 2.00, Large Americano - 2.25, Large Flavoured hot chocolate - Hazelnut - 2.90, Large Flavoured hot chocolate - Hazelnut - 2.90",12.80,CARD,6011535797671633
11/11/2020 16:11,Hounslow,Matthew Johnson,"Large Flavoured hot chocolate - Caramel - 2.90",2.90,CASH,
11/11/2020 16:12,Hounslow,Vero Santos," Glass of milk - 0.70, Regular Flavoured latte - Hazelnut - 2.55, Large Flavoured latte - Vanilla - 2.85, Large Flavoured hot chocolate - Hazelnut - 2.90",9.00,CARD,6011354852121841
11/11/2020 16:13,Hounslow,Arnaud Thompson,"Large Flavoured latte - Caramel - 2.85,  Iced latte - 2.35, Large Filter coffee - 1.80,  Smoothies - Carrot Kick - 2.00,  Babyccino - 0.00",9.00,CARD,747215110914961
11/11/2020 16:14,Hounslow,Nela Rokstad," Frappes - Strawberries & Cream - 2.75",2.75,CASH,
11/11/2020 16:15,Hounslow,Lea Martin," Smoothies - Glowing Greens - 2.00",2.00,CASH,
11/11/2020 16:16,Hounslow,Mario Weaver," Cortado - 2.05,  Frappes - Chocolate Cookie - 2.75, Regular Latte - 2.15,  Frappes - Coffee - 2.75,  Iced americano - 2.15",11.85,CARD,0803206413953865
11/11/2020 16:17,Hounslow,Tilde Nereng," Hot chocolate - 1.40,  Flat white - 2.15,  Frappes - Coffee - 2.75, Regular Flavoured latte - Vanilla - 2.55, Regular Chai latte - 2.30",11.15,CASH,
11/11/2020 16:18,Hounslow,Eeuwe Zomerdijk,"Regular Luxury hot chocolate - 2.40, Large Flavoured latte - Gingerbread - 2.85,  Speciality Tea - Fruit - 1.30, Large Espresso - 1.80, Large Flavoured latte - Gingerbread - 2.85",11.20,CASH,
11/11/2020 16:19,Hounslow,Camilla Gaillard,"Regular Hot chocolate - 2.20,  Flavoured iced latte - Vanilla - 2.75,  Smoothies - Berry Beautiful - 2.00, Large Filter coffee - 1.80",8.75,CARD,6011421468529128
11/11/2020 16:20,Hounslow,Vicente Diez,"Regular Flavoured latte - Caramel - 2.55,  Frappes - Strawberries & Cream - 2.75,  Flavoured iced latte - Hazelnut - 2.75, Regular Espresso - 1.50",9.55,CARD,458371523943304
11/11/2020 16:21,Hounslow,Austin Lawrence," Speciality Tea - Camomile - 1.30, Regular Chai latte - 2.30,  Mocha - 2.30, Large Americano - 2.25,  Hot chocolate - 1.40",9.55,CASH,
11/11/2020 16:22,Hounslow,Peggy Sutton," Babyccino - 0.00,  Smoothies - Berry Beautiful - 2.00, Large Flavoured latte - Caramel - 2.85, Regular Flavoured latte - Gingerbread - 2.55,  Flavoured iced latte - Hazelnut - 2.75",10.15,CARD,5480420691055394
11/11/2020 16:23,Hounslow,Brooklyn Brown,"Regular Hot chocolate - 2.20,  Frappes - Coffee - 2.75",4.95,CARD,6011465658297017
11/11/2020 16:24,Hounslow,Zainab Berggren," Smoothies - Berry Beautiful - 2.00,  Speciality Tea - Earl Grey - 1.30,  Speciality Tea - English breakfast - 1.30, Large Flavoured latte - Caramel - 2.85,  Red label tea - 1.20",8.65,CASH,
11/11/2020 16:25,Hounslow,Davut Akal," Iced americano - 2.15, Regular Flavoured hot chocolate - Caramel - 2.60,  Red label tea - 1.20,  Smoothies - Glowing Greens - 2.00",7.95,CASH,
11/11/2020 16:26,Hounslow,Ingeburg Friedemann," Speciality Tea - Green - 1.30, Large Latte - 2.45,  Flat white - 2.15, Regular Latte - 2.15",8.05,CARD,2201115247176
11/11/2020 16:27,Hounslow,Marcus Poulsen," Speciality Tea - Camomile - 1.30,  Smoothies - Glowing Greens - 2.00,  Flavoured iced latte - Vanilla - 2.75, Large Flavoured hot chocolate - Hazelnut - 2.90",8.95,CASH,
11/11/2020 16:28,Hounslow,Vincent Gill," Frappes - Chocolate Cookie - 2.75,  Flavoured iced latte - Caramel - 2.75",5.50,CASH,
11/11/2020 16:29,Hounslow,Sonia Vazquez," Hot chocolate - 1.40",1.40,CARD,87322366168381
11/11/2020 16:30,Hounslow,Mia King," Glass of milk - 0.70, Large Flavoured latte - Gingerbread - 2.85,  Speciality Tea - Camomile - 1.30, Regular Hot chocolate - 2.20",7.05,CASH,
11/11/2020 16:31,Hounslow,Olivier Bergeron," Speciality Tea - Green - 1.30,  Smoothies - Glowing Greens - 2.00",3.30,CARD,24255499805274461
11/11/2020 16:32,Hounslow,Giovanni Riviere,"Regular Espresso - 1.50, Regular Filter coffee - 1.50,  Red label tea - 1.20,  Babyccino - 0.00",4.20,CASH,
11/11/2020 16:33,Hounslow,Edwin Johnston," Flat white - 2.15,  Speciality Tea - Peppermint - 1.30,  Flavoured iced latte - Caramel - 2.75,  Glass of milk - 0.70, Large Flavoured latte - Hazelnut - 2.85",9.75,CARD,8903880046680303
11/11/2020 16:34,Hounslow,Ron Hunt," Smoothies - Carrot Kick - 2.00,  Red label tea - 1.20,  Babyccino - 0.00,  Iced latte - 2.35, Regular Cappuccino - 2.15",7.70,CARD,8303440070457640
11/11/2020 16:35,Hounslow,Marie Kristensen,"Regular Flavoured hot chocolate - Hazelnut - 2.60",2.60,CARD,59721993464000
11/11/2020 16:36,Hounslow,Alice Campbell," Babyccino - 0.00,  Smoothies - Berry Beautiful - 2.00,  Frappes - Strawberries & Cream - 2.75,  Smoothies - Berry Beautiful - 2.00, Large Flavoured latte - Gingerbread - 2.85",9.60,CASH,
11/11/2020 16:37,Hounslow,Aymeric Guillaume,"Large Chai latte - 2.60,  Speciality Tea - Camomile - 1.30, Regular Flavoured latte - Hazelnut - 2.55, Large Latte - 2.45",8.90,CASH,
11/11/2020 16:38,Hounslow,Ann Hawkins," Frappes - Coffee - 2.75,  Flat white - 2.15",4.90,CARD,478878292257677
11/11/2020 16:39,Hounslow,Leo Pulli," Speciality Tea - Earl Grey - 1.30,  Speciality Tea - Fruit - 1.30, Large Flavoured hot chocolate - Hazelnut - 2.90,  Glass of milk - 0.70, Large Flavoured hot chocolate - Caramel - 2.90",9.10,CARD,3813711970489212
11/11/2020 16:40,Hounslow,Chad Craig," Hot chocolate - 1.40,  Speciality Tea - Camomile - 1.30,  Flavoured iced latte - Caramel - 2.75",5.45,CASH,
11/11/2020 16:41,Hounslow,Louna Legrand," Smoothies - Glowing Greens - 2.00, Regular Latte - 2.15,  Iced latte - 2.35,  Frappes - Strawberries & Cream - 2.75,  Glass of milk - 0.70",9.95,CARD,5818940485587573
11/11/2020 16:42,Hounslow,Aada Laitinen," Speciality Tea - Camomile - 1.30, Regular Flavoured hot chocolate - Caramel - 2.60, Large Latte - 2.45,  Flavoured iced latte - Caramel - 2.75,  Flavoured iced latte - Caramel - 2.75",11.85,CASH,
11/11/2020 16:43,Hounslow,Markus Nystrand," Babyccino - 0.00",.0,CARD,2670987685730
11/11/2020 16:44,Hounslow,Lily Olivier," Flavoured iced latte - Vanilla - 2.75,  Babyccino - 0.00,  Iced latte - 2.35, Regular Flavoured latte - Caramel - 2.55",7.65,CARD,322505948651350
11/11/2020 16:45,Hounslow,Sara Maki," Flavoured iced latte - Hazelnut - 2.75,  Flavoured iced latte - Hazelnut - 2.75,  Smoothies - Carrot Kick - 2.00,  Frappes - Coffee - 2.75, Regular Flavoured latte - Vanilla - 2.55",12.80,CASH,
11/11/2020 16:46,Hounslow,Jonas Petersen," Flavoured iced latte - Hazelnut - 2.75,  Glass of milk - 0.70",3.45,CARD,3167677434027887
11/11/2020 16:47,Hounslow,Ralph Arnold,"Large Flavoured hot chocolate - Vanilla - 2.90,  Red label tea - 1.20, Regular Espresso - 1.50",5.60,CASH,
11/11/2020 16:48,Hounslow,Rosie Jacobs," Iced latte - 2.35",2.35,CARD,1302789306144142
11/11/2020 16:49,Hounslow,Miguel Alonso,"Regular Flavoured latte - Caramel - 2.55,  Babyccino - 0.00,  Smoothies - Glowing Greens - 2.00,  Speciality Tea - Camomile - 1.30",5.85,CASH,
11/11/2020 16:50,Hounslow,Milla Tuominen,"Regular Chai latte - 2.30,  Mocha - 2.30,  Glass of milk - 0.70",5.30,CARD,3795440872631610
11/11/2020 16:51,Hounslow,Alicia Lowe,"Large Flavoured latte - Vanilla - 2.85, Large Flavoured latte - Caramel - 2.85, Large Flavoured latte - Caramel - 2.85, Regular Chai latte - 2.30, Large Espresso - 1.80",12.65,CARD,8264039580162178
11/11/2020 16:52,Hounslow,Jayden Thompson,"Regular Flavoured latte - Gingerbread - 2.55,  Cortado - 2.05,  Flavoured iced latte - Vanilla - 2.75,  Speciality Tea - Darjeeling - 1.30, Regular Flavoured latte - Caramel - 2.55",11.20,CASH,
11/11/2020 16:53,Hounslow,Yolanda Butler," Smoothies - Glowing Greens - 2.00,  Speciality Tea - Fruit - 1.30,  Flavoured iced latte - Hazelnut - 2.75",6.05,CASH,
11/11/2020 16:54,Hounslow,Gema Velasco," Smoothies - Carrot Kick - 2.00,  Babyccino - 0.00,  Speciality Tea - Green - 1.30",3.30,CARD,988341996934903
11/11/2020 16:55,Hounslow,Linda Ellis," Smoothies - Berry Beautiful - 2.00, Regular Filter coffee - 1.50, Large Latte - 2.45,  Hot chocolate - 1.40",7.35,CASH,
11/11/2020 16:56,Hounslow,Juan Watts," Flavoured iced latte - Caramel - 2.75,  Red label tea - 1.20",3.95,CARD,3191190338346340
11/11/2020 16:57,Hounslow,Rosina Mathieu,"Regular Luxury hot chocolate - 2.40,  Speciality Tea - Peppermint - 1.30,  Flavoured iced latte - Hazelnut - 2.75,  Frappes - Chocolate Cookie - 2.75,  Speciality Tea - Fruit - 1.30",10.50,CARD,6011698205540188
11/11/2020 16:58,Hounslow,Lincoln Clarke,"Large Chai latte - 2.60, Large Flavoured hot chocolate - Hazelnut - 2.90, Regular Flavoured latte - Hazelnut - 2.55",8.05,CARD,6011288640421885
11/11/2020 16:59,Hounslow,Alea Reinertsen," Speciality Tea - Fruit - 1.30,  Speciality Tea - Earl Grey - 1.30",2.60,CARD,0896542999493207
