11/11/2020 08:06,Llangefni,Isabella Larsen," Speciality Tea - Camomile - 1.30,  Flat white - 2.15, Regular Chai latte - 2.30, Large Flavoured latte - Vanilla - 2.85",8.60,CASH,
11/11/2020 08:08,Llangefni,Eliza Richardson," Iced americano - 2.15,  Babyccino - 0.00",2.15,CASH,
11/11/2020 08:10,Llangefni,Clyde Meyer," Speciality Tea - Darjeeling - 1.30",1.30,CASH,
11/11/2020 08:12,Llangefni,Lisa Hanson,"Regular Flavoured latte - Vanilla - 2.55, Large Filter coffee - 1.80",4.35,CASH,
11/11/2020 08:15,Llangefni,Emmi Wiita," Speciality Tea - English breakfast - 1.30",1.30,CARD,80123183699094
11/11/2020 08:17,Llangefni,Antal Herben,"Regular Cappuccino - 2.15, Large Cappuccino - 2.45",4.60,CARD,6011374826029515
11/11/2020 08:19,Llangefni,Boris Yildirim," Speciality Tea - Earl Grey - 1.30,  Babyccino - 0.00",1.30,CASH,
11/11/2020 08:22,Llangefni,Melanie Mccoy," Smoothies - Carrot Kick - 2.00, Large Luxury hot chocolate - 2.70,  Speciality Tea - English breakfast - 1.30,  Speciality Tea - Green - 1.30",7.30,CASH,
11/11/2020 08:24,Llangefni,Manuel Vincent," Smoothies - Carrot Kick - 2.00",2.00,CARD,6699797277727034
11/11/2020 08:26,Llangefni,Joe Carter,"Regular Flavoured hot chocolate - Vanilla - 2.60,  Flavoured iced latte - Hazelnut - 2.75,  Cortado - 2.05,  Cortado - 2.05",9.45,CARD,6011354320990919
11/11/2020 08:29,Llangefni,Deniz Solmaz,"Regular Flavoured hot chocolate - Caramel - 2.60, Large Americano - 2.25,  Speciality Tea - English breakfast - 1.30",6.15,CARD,2014663775033904
11/11/2020 08:31,Llangefni,Marc Gil," Iced americano - 2.15, Regular Hot chocolate - 2.20",4.35,CASH,
11/11/2020 08:33,Llangefni,Veronica Moreno,"Regular Flavoured latte - Gingerbread - 2.55,  Smoothies - Berry Beautiful - 2.00,  Speciality Tea - Camomile - 1.30,  Babyccino - 0.00,  Iced latte - 2.35",8.20,CARD,6695895243490094
11/11/2020 08:36,Llangefni,Mads Mortensen,"Regular Flavoured hot chocolate - Hazelnut - 2.60,  Speciality Tea - Camomile - 1.30",3.90,CARD,2307220153427623
11/11/2020 08:38,Llangefni,Vincent Kowalski," Babyccino - 0.00,  Cortado - 2.05,  Hot chocolate - 1.40,  Speciality Tea - Camomile - 1.30,  Smoothies - Glowing Greens - 2.00",6.75,CARD,44371737921568
11/11/2020 08:40,Llangefni,Albert Poulsen," Frappes - Coffee - 2.75,  Smoothies - Carrot Kick - 2.00,  Smoothies - Glowing Greens - 2.00, Large Flavoured hot chocolate - Hazelnut - 2.90",9.65,CASH,
11/11/2020 08:42,Llangefni,Ellen Bailey," Iced americano - 2.15",2.15,CASH,
11/11/2020 08:45,Llangefni,Maia Chen,"Large Latte - 2.45, Large Cappuccino - 2.45,  Glass of milk - 0.70",5.60,CARD,9233161720705
11/11/2020 08:47,Llangefni,Sidney Snellen," Red label tea - 1.20, Large Latte - 2.45,  Frappes - Coffee - 2.75,  Frappes - Strawberries & Cream - 2.75",9.15,CARD,248363814954228
11/11/2020 08:49,Llangefni,Megan Little," Frappes - Chocolate Cookie - 2.75,  Cortado - 2.05, Large Chai latte - 2.60,  Flavoured iced latte - Caramel - 2.75,  Frappes - Chocolate Cookie - 2.75",12.90,CARD,0631910348297688
11/11/2020 08:52,Llangefni,Oliver Cooper,"Large Flavoured hot chocolate - Caramel - 2.90, Large Americano - 2.25, Large Flavoured hot chocolate - Caramel - 2.90",8.05,CASH,
11/11/2020 08:54,Llangefni,Marije Kraai," Smoothies - Carrot Kick - 2.00",2.00,CARD,405596651409558
11/11/2020 08:56,Llangefni,Isabella Alexander,"Regular Flavoured latte - Hazelnut - 2.55",2.55,CASH,
11/11/2020 08:59,Llangefni,Cristian Benitez," Speciality Tea - Darjeeling - 1.30",1.30,CASH,
11/11/2020 09:01,Llangefni,Samuel Lehtinen,"Regular Flavoured latte - Caramel - 2.55, Large Americano - 2.25",4.80,CARD,9380857541187217
11/11/2020 09:02,Llangefni,Sjur Odden,"Regular Flavoured hot chocolate - Hazelnut - 2.60,  Speciality Tea - Darjeeling - 1.30,  Hot chocolate - 1.40, Large Flavoured hot chocolate - Caramel - 2.90",8.20,CARD,4029604611138691
11/11/2020 09:02,Llangefni,Carole Menard,"Regular Luxury hot chocolate - 2.40,  Speciality Tea - Peppermint - 1.30",3.70,CASH,
11/11/2020 09:03,Llangefni,Carter Addy," Cortado - 2.05",2.05,CASH,
11/11/2020 09:04,Llangefni,Jessica Edwards," Flat white - 2.15,  Glass of milk - 0.70,  Speciality Tea - English breakfast - 1.30,  Flavoured iced latte - Vanilla - 2.75,  Red label tea - 1.20",8.10,CASH,
11/11/2020 09:05,Llangefni,Eugenio Castillo," Hot chocolate - 1.40,  Glass of milk - 0.70",2.10,CARD,6619174288545948
11/11/2020 09:05,Llangefni,Michelle Weaver,"Regular Flavoured latte - Hazelnut - 2.55,  Mocha - 2.30, Large Chai latte - 2.60, Regular Latte - 2.15",9.60,CARD,9869847283741
11/11/2020 09:06,Llangefni,Priska Thomas," Speciality Tea - Fruit - 1.30,  Speciality Tea - English breakfast - 1.30,  Speciality Tea - Peppermint - 1.30, Large Filter coffee - 1.80",5.70,CASH,
11/11/2020 09:07,Llangefni,Lea Madsen," Flavoured iced latte - Hazelnut - 2.75",2.75,CASH,
11/11/2020 09:08,Llangefni,Aatu Keranen," Frappes - Coffee - 2.75,  Iced latte - 2.35,  Babyccino - 0.00,  Frappes - Strawberries & Cream - 2.75,  Mocha - 2.30",10.15,CARD,0976818650451903
11/11/2020 09:09,Llangefni,Jeannine Lefevre,"Large Flavoured hot chocolate - Vanilla - 2.90,  Speciality Tea - Camomile - 1.30,  Smoothies - Glowing Greens - 2.00",6.20,CARD,5749041595054544
11/11/2020 09:09,Llangefni,Villads Johansen," Flat white - 2.15",2.15,CASH,
11/11/2020 09:10,Llangefni,Gema Prieto," Speciality Tea - English breakfast - 1.30,  Smoothies - Berry Beautiful - 2.00,  Frappes - Coffee - 2.75,  Flavoured iced latte - Hazelnut - 2.75,  Flavoured iced latte - Caramel - 2.75",11.55,CARD,8353697599716512
11/11/2020 09:11,Llangefni,Frauke Kutscher," Hot chocolate - 1.40, Regular Flavoured hot chocolate - Vanilla - 2.60, Large Flavoured latte - Hazelnut - 2.85,  Mocha - 2.30, Regular Flavoured latte - Vanilla - 2.55",11.70,CASH,
11/11/2020 09:12,Llangefni,Timothy Giraud," Smoothies - Carrot Kick - 2.00",2.00,CASH,
11/11/2020 09:12,Llangefni,Cristina Henry," Frappes - Chocolate Cookie - 2.75",2.75,CARD,658286724690920
11/11/2020 09:13,Llangefni,Samuel Tervo," Smoothies - Glowing Greens - 2.00,  Speciality Tea - Peppermint - 1.30,  Mocha - 2.30,  Speciality Tea - Earl Grey - 1.30",6.90,CARD,458397045498085
11/11/2020 09:14,Llangefni,Tyrone Ward," Frappes - Coffee - 2.75, Large Flavoured hot chocolate - Hazelnut - 2.90, Large Filter coffee - 1.80",7.45,CARD,7297282337350
11/11/2020 09:15,Llangefni,Sjanne Lems,"Large Flavoured hot chocolate - Hazelnut - 2.90, Large Flavoured hot chocolate - Hazelnut - 2.90",5.80,CASH,
11/11/2020 09:15,Llangefni,Augustas Wetteland," Frappes - Coffee - 2.75",2.75,CARD,9876583536869751
11/11/2020 09:16,Llangefni,Stella Riley," Speciality Tea - Camomile - 1.30,  Cortado - 2.05,  Smoothies - Carrot Kick - 2.00",5.35,CASH,
11/11/2020 09:17,Llangefni,Rebecca Stewart," Iced latte - 2.35, Large Flavoured latte - Vanilla - 2.85, Large Americano - 2.25",7.45,CARD,6011299548110601
11/11/2020 09:18,Llangefni,Cosima Hermes," Cortado - 2.05",2.05,CASH,
11/11/2020 09:19,Llangefni,Lylou Aubert," Flavoured iced latte - Caramel - 2.75,  Glass of milk - 0.70, Large Flavoured hot chocolate - Vanilla - 2.90,  Speciality Tea - Camomile - 1.30",7.65,CARD,9986551297053982
11/11/2020 09:19,Llangefni,Martin Benitez," Iced americano - 2.15,  Speciality Tea - Darjeeling - 1.30, Regular Flavoured latte - Caramel - 2.55, Large Flavoured hot chocolate - Hazelnut - 2.90, Regular Flavoured latte - Hazelnut - 2.55",11.45,CASH,
11/11/2020 09:20,Llangefni,Ayat Isdahl," Speciality Tea - Camomile - 1.30, Large Hot chocolate - 2.90, Large Cappuccino - 2.45,  Cortado - 2.05",8.70,CASH,
11/11/2020 09:21,Llangefni,Ronald Franklin," Red label tea - 1.20,  Frappes - Chocolate Cookie - 2.75",3.95,CASH,
11/11/2020 09:22,Llangefni,Mario Garcia," Speciality Tea - Fruit - 1.30,  Speciality Tea - Earl Grey - 1.30, Regular Luxury hot chocolate - 2.40,  Hot chocolate - 1.40",6.40,CARD,3546543905938216
11/11/2020 09:22,Llangefni,Pearl Bryant,"Regular Chai latte - 2.30,  Smoothies - Carrot Kick - 2.00",4.30,CARD,954035139714162
11/11/2020 09:23,Llangefni,Matteo Giraud," Hot chocolate - 1.40",1.40,CARD,6728234468164788
11/11/2020 09:24,Llangefni,Rachel Moore,"Large Chai latte - 2.60",2.60,CASH,
11/11/2020 09:25,Llangefni,Abby Shaw," Iced latte - 2.35,  Speciality Tea - English breakfast - 1.30, Large Cappuccino - 2.45",6.10,CASH,
11/11/2020 09:25,Llangefni,Andrine Holsen," Iced americano - 2.15",2.15,CARD,0490007776863576
11/11/2020 09:26,Llangefni,Akseli Laine," Smoothies - Berry Beautiful - 2.00,  Flavoured iced latte - Caramel - 2.75, Large Hot chocolate - 2.90, Large Latte - 2.45,  Red label tea - 1.20",11.30,CARD,2151198748470
11/11/2020 09:27,Llangefni,Florence Richardson,"Regular Flavoured hot chocolate - Hazelnut - 2.60,  Smoothies - Carrot Kick - 2.00, Large Flavoured hot chocolate - Hazelnut - 2.90,  Speciality Tea - Camomile - 1.30",8.80,CASH,
11/11/2020 09:28,Llangefni,Paige Turner,"Large Chai latte - 2.60,  Cortado - 2.05,  Speciality Tea - Darjeeling - 1.30",5.95,CASH,
11/11/2020 09:29,Llangefni,Coline Rodriguez,"Large Flavoured hot chocolate - Vanilla - 2.90, Regular Flavoured hot chocolate - Vanilla - 2.60, Large Chai latte - 2.60",8.10,CARD,3569747663193008
11/11/2020 09:29,Llangefni,Troy Sutton," Iced americano - 2.15",2.15,CARD,0088449349753
11/11/2020 09:30,Llangefni,Julia Johnson," Babyccino - 0.00,  Flavoured iced latte - Caramel - 2.75,  Babyccino - 0.00, Regular Hot chocolate - 2.20",4.95,CARD,45128953675522343
11/11/2020 09:31,Llangefni,Thea Christensen," Mocha - 2.30,  Cortado - 2.05, Large Flavoured latte - Gingerbread - 2.85",7.20,CARD,4290363345599160
11/11/2020 09:32,Llangefni,Jessica Evans," Frappes - Chocolate Cookie - 2.75, Large Filter coffee - 1.80,  Red label tea - 1.20",5.75,CARD,6011123162835858
11/11/2020 09:32,Llangefni,Alan Vargas,"Regular Cappuccino - 2.15",2.15,CARD,8083391851224
11/11/2020 09:33,Llangefni,Eino Eskola,"Regular Cappuccino - 2.15, Regular Chai latte - 2.30,  Speciality Tea - English breakfast - 1.30",5.75,CARD,06053127380139029
11/11/2020 09:34,Llangefni,Daniel Hidalgo," Speciality Tea - Fruit - 1.30, Large Flavoured latte - Hazelnut - 2.85",4.15,CARD,4082385877066482
11/11/2020 09:35,Llangefni,Marie Johansen," Speciality Tea - Camomile - 1.30,  Frappes - Chocolate Cookie - 2.75,  Frappes - Coffee - 2.75, Regular Flavoured hot chocolate - Vanilla - 2.60",9.40,CASH,
11/11/2020 09:35,Llangefni,Oscar Johansen,"Regular Flavoured hot chocolate - Vanilla - 2.60,  Speciality Tea - Camomile - 1.30, Large Filter coffee - 1.80, Large Latte - 2.45",8.15,CASH,
11/11/2020 09:36,Llangefni,Hugo Johnson," Iced americano - 2.15, Large Cappuccino - 2.45,  Smoothies - Glowing Greens - 2.00, Large Americano - 2.25",8.85,CARD,2986890956256
11/11/2020 09:37,Llangefni,Jeffery Morrison," Frappes - Strawberries & Cream - 2.75,  Glass of milk - 0.70",3.45,CASH,
11/11/2020 09:38,Llangefni,Avalon Jolink," Smoothies - Carrot Kick - 2.00, Large Filter coffee - 1.80",3.80,CARD,66672285694613
11/11/2020 09:39,Llangefni,Flora Kuhnt," Flavoured iced latte - Vanilla - 2.75",2.75,CASH,
11/11/2020 09:39,Llangefni,Rosalina Dias,"Large Latte - 2.45, Large Hot chocolate - 2.90,  Frappes - Strawberries & Cream - 2.75,  Frappes - Strawberries & Cream - 2.75,  Speciality Tea - Green - 1.30",12.15,CARD,375378135386459
11/11/2020 09:40,Llangefni,Tomothy Garrett,"Regular Chai latte - 2.30,  Cortado - 2.05,  Flat white - 2.15",6.50,CASH,
11/11/2020 09:41,Llangefni,Aaron Roussel," Flavoured iced latte - Caramel - 2.75,  Flavoured iced latte - Vanilla - 2.75, Regular Flavoured latte - Gingerbread - 2.55, Regular Hot chocolate - 2.20,  Frappes - Strawberries & Cream - 2.75",13.00,CARD,6011241700371022
11/11/2020 09:42,Llangefni,Mathew Miller,"Regular Hot chocolate - 2.20",2.20,CARD,8321246336560187
11/11/2020 09:42,Llangefni,Judith Jenkins,"Large Flavoured hot chocolate - Caramel - 2.90,  Flat white - 2.15, Regular Hot chocolate - 2.20,  Speciality Tea - Peppermint - 1.30",8.55,CASH,
11/11/2020 09:43,Llangefni,Nella Kallio,"Large Flavoured latte - Gingerbread - 2.85,  Frappes - Strawberries & Cream - 2.75",5.60,CARD,6011977234445615
11/11/2020 09:44,Llangefni,Okan Erberk," Iced latte - 2.35",2.35,CASH,
11/11/2020 09:45,Llangefni,Oliver Larsen,"Regular Luxury hot chocolate - 2.40,  Speciality Tea - Earl Grey - 1.30, Regular Flavoured latte - Vanilla - 2.55,  Red label tea - 1.20, Large Flavoured latte - Gingerbread - 2.85",10.30,CARD,6011963307095628
11/11/2020 09:45,Llangefni,Mestan Kuday," Flavoured iced latte - Vanilla - 2.75,  Smoothies - Carrot Kick - 2.00,  Smoothies - Carrot Kick - 2.00",6.75,CARD,190255800573531
11/11/2020 09:46,Llangefni,Nicoline Thomsen," Glass of milk - 0.70, Regular Cappuccino - 2.15,  Speciality Tea - Darjeeling - 1.30,  Flat white - 2.15,  Glass of milk - 0.70",7.00,CARD,8696703236097916
11/11/2020 09:47,Llangefni,Huibrecht Geerligs," Speciality Tea - Camomile - 1.30,  Speciality Tea - Darjeeling - 1.30,  Glass of milk - 0.70,  Speciality Tea - Peppermint - 1.30",4.60,CARD,5222838569359946
11/11/2020 09:48,Llangefni,Heather Phillips," Smoothies - Berry Beautiful - 2.00",2.00,CARD,467347526657929
11/11/2020 09:49,Llangefni,Emil Leppo," Flat white - 2.15",2.15,CARD,6011568430848275
11/11/2020 09:49,Llangefni,Imogen Walker," Flavoured iced latte - Vanilla - 2.75",2.75,CASH,
11/11/2020 09:50,Llangefni,Pascale Busch," Babyccino - 0.00, Large Espresso - 1.80",1.80,CARD,6011097094098142
11/11/2020 09:51,Llangefni,Abel Moura," Hot chocolate - 1.40,  Hot chocolate - 1.40,  Frappes - Coffee - 2.75,  Cortado - 2.05",7.60,CASH,
11/11/2020 09:52,Llangefni,Falco Porto," Mocha - 2.30",2.30,CARD,7123683789610
11/11/2020 09:52,Llangefni,Hugh Holland,"Large Chai latte - 2.60",2.60,CASH,
11/11/2020 09:53,Llangefni,Alisa Niemi," Flavoured iced latte - Hazelnut - 2.75,  Speciality Tea - Fruit - 1.30",4.05,CASH,
11/11/2020 09:54,Llangefni,Annemarie Leroy," Speciality Tea - English breakfast - 1.30, Regular Luxury hot chocolate - 2.40,  Flavoured iced latte - Caramel - 2.75",6.45,CARD,7584571896007050
11/11/2020 09:55,Llangefni,Juni Eira," Speciality Tea - Darjeeling - 1.30,  Frappes - Chocolate Cookie - 2.75,  Red label tea - 1.20, Large Hot chocolate - 2.90,  Red label tea - 1.20",9.35,CARD,6011947362124809
11/11/2020 09:55,Llangefni,Ronald Bailey,"Large Latte - 2.45,  Speciality Tea - Fruit - 1.30, Regular Chai latte - 2.30,  Flavoured iced latte - Caramel - 2.75, Regular Hot chocolate - 2.20",11.00,CASH,
11/11/2020 09:56,Llangefni,Violet Wang,"Regular Chai latte - 2.30,  Glass of milk - 0.70,  Flavoured iced latte - Caramel - 2.75",5.75,CASH,
11/11/2020 09:57,Llangefni,Aiden Castillo," Flavoured iced latte - Hazelnut - 2.75,  Flavoured iced latte - Caramel - 2.75,  Speciality Tea - Camomile - 1.30",6.80,CARD,2724777327090981
11/11/2020 09:58,Llangefni,John Fuentes,"Large Chai latte - 2.60,  Babyccino - 0.00,  Glass of milk - 0.70,  Iced latte - 2.35",5.65,CARD,2194752674037600
11/11/2020 09:59,Llangefni,Andrea Burton," Mocha - 2.30, Large Flavoured hot chocolate - Vanilla - 2.90",5.20,CASH,
11/11/2020 09:59,Llangefni,Addison Carter,"Large Flavoured hot chocolate - Vanilla - 2.90, Regular Espresso - 1.50,  Flavoured iced latte - Caramel - 2.75, Large Hot chocolate - 2.90",10.05,CARD,787041656347895
11/11/2020 10:00,Llangefni,Renee Turner," Glass of milk - 0.70,  Speciality Tea - Fruit - 1.30,  Speciality Tea - Camomile - 1.30,  Iced americano - 2.15",5.45,CASH,
11/11/2020 10:01,Llangefni,Matthew Wood,"Large Americano - 2.25,  Cortado - 2.05",4.30,CARD,56555152755253782
11/11/2020 10:03,Llangefni,Cherly Ford,"Large Flavoured hot chocolate - Hazelnut - 2.90,  Cortado - 2.05",4.95,CASH,
11/11/2020 10:04,Llangefni,Yael Martin," Flavoured iced latte - Hazelnut - 2.75,  Iced latte - 2.35, Large Chai latte - 2.60,  Speciality Tea - Green - 1.30",9.00,CASH,
11/11/2020 10:05,Llangefni,Scarlett Brown," Speciality Tea - Green - 1.30,  Mocha - 2.30,  Mocha - 2.30, Large Espresso - 1.80",7.70,CARD,6011112092593310
11/11/2020 10:07,Llangefni,Nixon Anderson,"Regular Flavoured latte - Gingerbread - 2.55",2.55,CARD,6011768498830509
11/11/2020 10:08,Llangefni,Margherita Robin,"Regular Flavoured latte - Hazelnut - 2.55,  Hot chocolate - 1.40,  Babyccino - 0.00",3.95,CARD,9174253589778
11/11/2020 10:09,Llangefni,Nicholas Hicks," Frappes - Chocolate Cookie - 2.75,  Smoothies - Glowing Greens - 2.00",4.75,CARD,2523573008879706
11/11/2020 10:11,Llangefni,Deniz Polat," Glass of milk - 0.70, Regular Flavoured latte - Caramel - 2.55",3.25,CARD,4180796645409245
11/11/2020 10:12,Llangefni,Neea Mattila," Mocha - 2.30,  Smoothies - Glowing Greens - 2.00, Regular Flavoured hot chocolate - Vanilla - 2.60",6.90,CARD,2047652699360877
11/11/2020 10:13,Llangefni,Mijo Lambert,"Large Filter coffee - 1.80,  Speciality Tea - Camomile - 1.30,  Flat white - 2.15,  Flavoured iced latte - Caramel - 2.75, Large Flavoured latte - Gingerbread - 2.85",10.85,CARD,9689316551342
11/11/2020 10:14,Llangefni,Elio Mathieu,"Large Flavoured latte - Caramel - 2.85,  Smoothies - Glowing Greens - 2.00,  Frappes - Coffee - 2.75,  Flavoured iced latte - Hazelnut - 2.75",10.35,CASH,
11/11/2020 10:16,Llangefni,Iida Hanka,"Large Hot chocolate - 2.90,  Red label tea - 1.20",4.10,CARD,2312791846270
11/11/2020 10:17,Llangefni,Pinja Niemi," Mocha - 2.30, Regular Luxury hot chocolate - 2.40",4.70,CARD,6011277516137990
11/11/2020 10:18,Llangefni,Alex Bishop,"Regular Filter coffee - 1.50,  Smoothies - Glowing Greens - 2.00,  Hot chocolate - 1.40,  Mocha - 2.30, Regular Filter coffee - 1.50",8.70,CARD,08806926183878522
11/11/2020 10:20,Llangefni,Marcus Christensen,"Large Americano - 2.25",2.25,CARD,7804544438112
11/11/2020 10:21,Llangefni,Melina Hylland," Mocha - 2.30,  Babyccino - 0.00,  Mocha - 2.30,  Hot chocolate - 1.40, Large Flavoured latte - Gingerbread - 2.85",8.85,CASH,
11/11/2020 10:22,Llangefni,Thomas Clark," Speciality Tea - English breakfast - 1.30",1.30,CARD,9363460802005
11/11/2020 10:24,Llangefni,Sophie Ginnish,"Large Espresso - 1.80,  Babyccino - 0.00,  Mocha - 2.30,  Frappes - Coffee - 2.75",6.85,CASH,
11/11/2020 10:25,Llangefni,Linnea Lakso,"Regular Hot chocolate - 2.20, Large Flavoured hot chocolate - Caramel - 2.90,  Speciality Tea - Camomile - 1.30, Large Flavoured hot chocolate - Hazelnut - 2.90,  Cortado - 2.05",11.35,CARD,1095468167116879
11/11/2020 10:26,Llangefni,Billie Walker," Frappes - Strawberries & Cream - 2.75",2.75,CARD,702736830927881
11/11/2020 10:27,Llangefni,Mehmet Dizdar," Speciality Tea - Camomile - 1.30,  Frappes - Chocolate Cookie - 2.75",4.05,CARD,6527025028814
11/11/2020 10:29,Llangefni,Georges Blanchard," Flat white - 2.15,  Frappes - Coffee - 2.75",4.90,CARD,4914257455086117
11/11/2020 10:30,Llangefni,Clara Grewal," Glass of milk - 0.70,  Smoothies - Berry Beautiful - 2.00,  Speciality Tea - Green - 1.30",4.00,CARD,027839693516403
11/11/2020 10:31,Llangefni,Vilje Korsmo," Speciality Tea - Darjeeling - 1.30,  Red label tea - 1.20,  Speciality Tea - English breakfast - 1.30",3.80,CARD,1159693704417795
11/11/2020 10:33,Llangefni,Erin Soto,"Regular Flavoured latte - Hazelnut - 2.55,  Speciality Tea - Fruit - 1.30,  Iced americano - 2.15, Large Americano - 2.25, Large Chai latte - 2.60",10.85,CARD,65246889627239
11/11/2020 10:34,Llangefni,Jessica Mitchell," Speciality Tea - Earl Grey - 1.30,  Cortado - 2.05,  Flavoured iced latte - Caramel - 2.75,  Iced americano - 2.15",8.25,CARD,7958591483273825
11/11/2020 10:35,Llangefni,Regina Phillips,"Large Filter coffee - 1.80, Regular Flavoured latte - Hazelnut - 2.55,  Frappes - Coffee - 2.75, Regular Americano - 1.95,  Flavoured iced latte - Caramel - 2.75",11.80,CARD,6011599049203651
11/11/2020 10:37,Llangefni,Billie Morrison," Red label tea - 1.20,  Mocha - 2.30, Regular Flavoured latte - Vanilla - 2.55,  Mocha - 2.30,  Smoothies - Berry Beautiful - 2.00",10.35,CASH,
11/11/2020 10:38,Llangefni,Hugo Novaes,"Regular Flavoured latte - Gingerbread - 2.55,  Iced latte - 2.35,  Red label tea - 1.20,  Glass of milk - 0.70",6.80,CASH,
11/11/2020 10:39,Llangefni,Tom Lemoine," Hot chocolate - 1.40, Regular Flavoured hot chocolate - Hazelnut - 2.60",4.00,CARD,8430766293365
11/11/2020 10:41,Llangefni,Blake Smith," Speciality Tea - Fruit - 1.30,  Hot chocolate - 1.40, Large Filter coffee - 1.80,  Frappes - Strawberries & Cream - 2.75",7.25,CASH,
11/11/2020 10:42,Llangefni,Gabriel Dubois,"Regular Cappuccino - 2.15, Large Flavoured latte - Hazelnut - 2.85",5.00,CARD,7674507620982754
11/11/2020 10:43,Llangefni,Julio Vazquez," Smoothies - Carrot Kick - 2.00",2.00,CASH,
11/11/2020 10:44,Llangefni,Zachary Morales," Speciality Tea - Earl Grey - 1.30,  Frappes - Chocolate Cookie - 2.75,  Smoothies - Carrot Kick - 2.00, Large Luxury hot chocolate - 2.70,  Speciality Tea - Camomile - 1.30",10.05,CASH,
11/11/2020 10:46,Llangefni,Matthew Brown," Cortado - 2.05,  Mocha - 2.30, Regular Flavoured latte - Caramel - 2.55,  Mocha - 2.30",9.20,CARD,7620521404144298
11/11/2020 10:47,Llangefni,Gabriel Tucker,"Large Flavoured hot chocolate - Hazelnut - 2.90,  Speciality Tea - English breakfast - 1.30,  Frappes - Strawberries & Cream - 2.75,  Frappes - Coffee - 2.75,  Mocha - 2.30",12.00,CASH,
11/11/2020 10:48,Llangefni,Elmer Newman," Cortado - 2.05, Regular Espresso - 1.50, Large Flavoured latte - Gingerbread - 2.85,  Flavoured iced latte - Hazelnut - 2.75,  Speciality Tea - Camomile - 1.30",10.45,CARD,044082236768727
11/11/2020 10:50,Llangefni,Eva Jackson," Flavoured iced latte - Vanilla - 2.75,  Flavoured iced latte - Vanilla - 2.75,  Speciality Tea - Green - 1.30,  Hot chocolate - 1.40,  Speciality Tea - Camomile - 1.30",9.50,CARD,12064464010330122
11/11/2020 10:51,Llangefni,Terri Obrien," Frappes - Strawberries & Cream - 2.75, Large Espresso - 1.80",4.55,CASH,
11/11/2020 10:52,Llangefni,Aylin Nordvik," Babyccino - 0.00",.0,CASH,
11/11/2020 10:54,Llangefni,Samu Rinne," Speciality Tea - Peppermint - 1.30,  Frappes - Chocolate Cookie - 2.75,  Mocha - 2.30",6.35,CARD,7475708962431
11/11/2020 10:55,Llangefni,Charlie Zhang," Hot chocolate - 1.40",1.40,CARD,3228181411819831
11/11/2020 10:56,Llangefni,Torjus Valla,"Regular Chai latte - 2.30,  Frappes - Strawberries & Cream - 2.75",5.05,CASH,
11/11/2020 10:57,Llangefni,Krin Russell," Cortado - 2.05",2.05,CARD,3857588863168696
11/11/2020 10:59,Llangefni,Claire Turner," Iced americano - 2.15,  Flavoured iced latte - Caramel - 2.75",4.90,CASH,
11/11/2020 11:00,Llangefni,Flavio Caron," Frappes - Chocolate Cookie - 2.75, Large Hot chocolate - 2.90,  Glass of milk - 0.70",6.35,CARD,6011959193654375
11/11/2020 11:01,Llangefni,Anette Yildiz," Smoothies - Berry Beautiful - 2.00,  Smoothies - Berry Beautiful - 2.00,  Smoothies - Glowing Greens - 2.00, Large Luxury hot chocolate - 2.70",8.70,CARD,6011542567535560
11/11/2020 11:03,Llangefni,Lumi Pelto,"Large Flavoured hot chocolate - Vanilla - 2.90,  Cortado - 2.05, Large Flavoured latte - Vanilla - 2.85, Regular Luxury hot chocolate - 2.40",10.20,CARD,7447843893758
11/11/2020 11:04,Llangefni,Rick Garcia," Speciality Tea - Camomile - 1.30, Large Luxury hot chocolate - 2.70",4.00,CARD,8766145192247619
11/11/2020 11:05,Llangefni,Teresa Mangold,"Large Flavoured latte - Gingerbread - 2.85",2.85,CARD,9399939717165823
11/11/2020 11:06,Llangefni,Poppy Evans," Frappes - Coffee - 2.75,  Mocha - 2.30,  Flavoured iced latte - Caramel - 2.75",7.80,CASH,
11/11/2020 11:08,Llangefni,Sofia King," Flavoured iced latte - Vanilla - 2.75",2.75,CASH,
11/11/2020 11:09,Llangefni,Lisandro Vieira,"Large Flavoured latte - Caramel - 2.85",2.85,CARD,1701603852798012
11/11/2020 11:10,Llangefni,Christophe Noel," Mocha - 2.30,  Mocha - 2.30,  Frappes - Strawberries & Cream - 2.75,  Glass of milk - 0.70,  Smoothies - Berry Beautiful - 2.00",10.05,CARD,4777113557374750
11/11/2020 11:11,Llangefni,Aaliyah Edwards,"Large Flavoured latte - Gingerbread - 2.85",2.85,CARD,6011317565898756
11/11/2020 11:13,Llangefni,Leonard Payne,"Regular Luxury hot chocolate - 2.40",2.40,CARD,6011455317546099
11/11/2020 11:14,Llangefni,Enola Picard," Frappes - Chocolate Cookie - 2.75,  Mocha - 2.30, Large Flavoured hot chocolate - Vanilla - 2.90,  Flavoured iced latte - Caramel - 2.75",10.70,CASH,
11/11/2020 11:15,Llangefni,Toby Edwards," Mocha - 2.30,  Speciality Tea - Camomile - 1.30",3.60,CARD,168797417668249
11/11/2020 11:16,Llangefni,Annabelle King,"Regular Latte - 2.15, Large Filter coffee - 1.80",3.95,CASH,
11/11/2020 11:18,Llangefni,Riley Williams," Flat white - 2.15",2.15,CASH,
11/11/2020 11:19,Llangefni,Marcia Stone," Iced americano - 2.15, Large Chai latte - 2.60, Large Luxury hot chocolate - 2.70,  Speciality Tea - Green - 1.30",8.75,CARD,80679204753140053
11/11/2020 11:20,Llangefni,Mathilde Thomsen," Speciality Tea - Peppermint - 1.30",1.30,CASH,
11/11/2020 11:21,Llangefni,Jerome Lucas," Speciality Tea - Fruit - 1.30",1.30,CASH,
11/11/2020 11:23,Llangefni,Zack Caldwell,"Regular Chai latte - 2.30, Large Filter coffee - 1.80,  Frappes - Chocolate Cookie - 2.75",6.85,CASH,
11/11/2020 11:24,Llangefni,Paul Lane," Speciality Tea - Peppermint - 1.30,  Frappes - Chocolate Cookie - 2.75, Large Luxury hot chocolate - 2.70",6.75,CARD,6011876311878155
11/11/2020 11:25,Llangefni,Louis Mason," Speciality Tea - English breakfast - 1.30, Regular Flavoured hot chocolate - Vanilla - 2.60,  Speciality Tea - Camomile - 1.30,  Glass of milk - 0.70",5.90,CASH,
11/11/2020 11:26,Llangefni,Ryder Brar,"Regular Flavoured latte - Vanilla - 2.55, Large Flavoured hot chocolate - Caramel - 2.90,  Flat white - 2.15,  Smoothies - Glowing Greens - 2.00,  Flavoured iced latte - Hazelnut - 2.75",12.35,CARD,7684678090856095
11/11/2020 11:28,Llangefni,Lucile Lopez," Flavoured iced latte - Caramel - 2.75,  Frappes - Strawberries & Cream - 2.75,  Cortado - 2.05",7.55,CASH,
11/11/2020 11:29,Llangefni,Thomas Hughes," Smoothies - Carrot Kick - 2.00,  Flavoured iced latte - Caramel - 2.75, Regular Cappuccino - 2.15,  Speciality Tea - Camomile - 1.30",8.20,CARD,4966726381451839
11/11/2020 11:30,Llangefni,Rose Allen,"Large Flavoured hot chocolate - Vanilla - 2.90",2.90,CARD,7082652115633
11/11/2020 11:31,Llangefni,Ellinor Bergset," Cortado - 2.05,  Frappes - Chocolate Cookie - 2.75,  Speciality Tea - Earl Grey - 1.30, Regular Cappuccino - 2.15",8.25,CASH,
11/11/2020 11:33,Llangefni,Gabriella Collins," Smoothies - Glowing Greens - 2.00, Regular Flavoured hot chocolate - Vanilla - 2.60,  Speciality Tea - Green - 1.30, Regular Latte - 2.15",8.05,CASH,
11/11/2020 11:34,Llangefni,Louka Bruijnen," Speciality Tea - Darjeeling - 1.30,  Mocha - 2.30,  Iced americano - 2.15,  Frappes - Strawberries & Cream - 2.75, Large Flavoured hot chocolate - Hazelnut - 2.90",11.40,CASH,
11/11/2020 11:35,Llangefni,Sandra Santana," Cortado - 2.05",2.05,CARD,6011589210883320
11/11/2020 11:36,Llangefni,Seline Legrand," Red label tea - 1.20, Regular Espresso - 1.50,  Flavoured iced latte - Hazelnut - 2.75,  Mocha - 2.30",7.75,CARD,6011213448637892
11/11/2020 11:38,Llangefni,Marcus Cooper,"Large Cappuccino - 2.45",2.45,CARD,6011167407696078
11/11/2020 11:39,Llangefni,Leoberto Moreira," Frappes - Strawberries & Cream - 2.75,  Smoothies - Glowing Greens - 2.00, Regular Americano - 1.95",6.70,CARD,2170488834722215
11/11/2020 11:40,Llangefni,Rhonda Hunter," Frappes - Strawberries & Cream - 2.75",2.75,CARD,4668382353170427
11/11/2020 11:41,Llangefni,Isa Haukenes," Cortado - 2.05,  Babyccino - 0.00,  Smoothies - Carrot Kick - 2.00,  Speciality Tea - Peppermint - 1.30,  Mocha - 2.30",7.65,CARD,7055248484378
11/11/2020 11:43,Llangefni,David Castro," Smoothies - Glowing Greens - 2.00,  Iced latte - 2.35, Large Flavoured latte - Hazelnut - 2.85",7.20,CASH,
11/11/2020 11:44,Llangefni,Marie Howell,"Large Americano - 2.25",2.25,CARD,957702586609093
11/11/2020 11:45,Llangefni,Ryan Sirko," Speciality Tea - Peppermint - 1.30,  Flavoured iced latte - Vanilla - 2.75,  Mocha - 2.30,  Speciality Tea - Green - 1.30,  Speciality Tea - Green - 1.30",8.95,CASH,
11/11/2020 11:46,Llangefni,Filippa Larsen," Flavoured iced latte - Caramel - 2.75,  Speciality Tea - Camomile - 1.30,  Cortado - 2.05,  Smoothies - Glowing Greens - 2.00",8.10,CASH,
11/11/2020 11:48,Llangefni,Siiri Valli,"Large Filter coffee - 1.80, Regular Espresso - 1.50",3.30,CASH,
11/11/2020 11:49,Llangefni,Cassandra Ortiz," Speciality Tea - Camomile - 1.30, Regular Flavoured hot chocolate - Vanilla - 2.60,  Iced latte - 2.35",6.25,CARD,8096505066267
11/11/2020 11:50,Llangefni,Jonathan Campos," Glass of milk - 0.70, Regular Cappuccino - 2.15, Regular Flavoured hot chocolate - Caramel - 2.60,  Red label tea - 1.20,  Speciality Tea - Camomile - 1.30",7.95,CASH,
11/11/2020 11:51,Llangefni,Joona Hiltunen," Speciality Tea - Peppermint - 1.30,  Speciality Tea - Camomile - 1.30",2.60,CARD,0777822051223
11/11/2020 11:53,Llangefni,Wallace Fowler,"Large Americano - 2.25, Large Filter coffee - 1.80",4.05,CARD,521196525726568
11/11/2020 11:54,Llangefni,Kasper Andersen," Speciality Tea - Camomile - 1.30,  Hot chocolate - 1.40,  Speciality Tea - Darjeeling - 1.30,  Mocha - 2.30",6.30,CARD,778030768580948
11/11/2020 11:55,Llangefni,Alex Montero," Frappes - Coffee - 2.75, Regular Flavoured latte - Hazelnut - 2.55,  Smoothies - Glowing Greens - 2.00,  Speciality Tea - Peppermint - 1.30,  Flavoured iced latte - Caramel - 2.75",11.35,CASH,
11/11/2020 11:56,Llangefni,Nathan Harcourt," Speciality Tea - Camomile - 1.30,  Red label tea - 1.20",2.50,CARD,9944607964046703
11/11/2020 11:58,Llangefni,Adolfo Gonzalez," Cortado - 2.05, Large Espresso - 1.80,  Speciality Tea - Camomile - 1.30",5.15,CARD,6011316375641453
11/11/2020 11:59,Llangefni,Roberta Masson," Speciality Tea - Darjeeling - 1.30,  Hot chocolate - 1.40, Regular Latte - 2.15,  Iced americano - 2.15, Regular Flavoured latte - Hazelnut - 2.55",9.55,CARD,1428912136137203
11/11/2020 12:00,Llangefni,Delia David," Speciality Tea - Peppermint - 1.30",1.30,CARD,8177031422587
11/11/2020 12:02,Llangefni,Ada Askevold," Speciality Tea - Green - 1.30,  Cortado - 2.05,  Mocha - 2.30",5.65,CARD,5058720165761706
11/11/2020 12:03,Llangefni,Edwin Wood," Speciality Tea - Green - 1.30,  Iced latte - 2.35, Regular Flavoured latte - Hazelnut - 2.55, Large Filter coffee - 1.80,  Frappes - Chocolate Cookie - 2.75",10.75,CASH,
11/11/2020 12:04,Llangefni,Melvin Gonzalez," Speciality Tea - Darjeeling - 1.30",1.30,CARD,7416054117842273
11/11/2020 12:06,Llangefni,Donna George,"Large Flavoured latte - Caramel - 2.85,  Frappes - Strawberries & Cream - 2.75,  Speciality Tea - Green - 1.30,  Flavoured iced latte - Caramel - 2.75,  Smoothies - Carrot Kick - 2.00",11.65,CASH,
11/11/2020 12:07,Llangefni,Emy Dufour," Mocha - 2.30,  Smoothies - Berry Beautiful - 2.00, Regular Cappuccino - 2.15",6.45,CASH,
11/11/2020 12:09,Llangefni,Emil Larsen,"Regular Espresso - 1.50,  Flavoured iced latte - Vanilla - 2.75,  Flat white - 2.15, Large Flavoured hot chocolate - Caramel - 2.90",9.30,CARD,2971480323626050
11/11/2020 12:10,Llangefni,Sean Cox," Babyccino - 0.00,  Frappes - Strawberries & Cream - 2.75",2.75,CARD,2357184898091415
11/11/2020 12:12,Llangefni,Laura Silva," Babyccino - 0.00",.0,CASH,
11/11/2020 12:13,Llangefni,Tracy Boyd," Speciality Tea - Green - 1.30,  Mocha - 2.30,  Flat white - 2.15",5.75,CASH,
11/11/2020 12:15,Llangefni,Angelita Moreira,"Large Flavoured latte - Hazelnut - 2.85,  Flavoured iced latte - Hazelnut - 2.75,  Speciality Tea - English breakfast - 1.30,  Smoothies - Glowing Greens - 2.00,  Speciality Tea - Darjeeling - 1.30",10.20,CASH,
11/11/2020 12:16,Llangefni,Siiri Moilanen," Mocha - 2.30, Regular Flavoured latte - Gingerbread - 2.55",4.85,CARD,6011262371691067
11/11/2020 12:18,Llangefni,Lena Nichols," Flavoured iced latte - Vanilla - 2.75",2.75,CARD,7189468565096538
11/11/2020 12:19,Llangefni,Clara Iglesias," Smoothies - Carrot Kick - 2.00,  Hot chocolate - 1.40,  Smoothies - Berry Beautiful - 2.00, Large Flavoured latte - Hazelnut - 2.85",8.25,CASH,
11/11/2020 12:21,Llangefni,Theo Wright,"Regular Cappuccino - 2.15,  Red label tea - 1.20",3.35,CASH,
11/11/2020 12:22,Llangefni,Jeppe Nielsen," Iced americano - 2.15",2.15,CARD,0152517755865
11/11/2020 12:23,Llangefni,Sara Hannula," Smoothies - Glowing Greens - 2.00, Large Espresso - 1.80,  Flavoured iced latte - Vanilla - 2.75,  Speciality Tea - Camomile - 1.30, Large Flavoured latte - Caramel - 2.85",10.70,CARD,1313295793378134
11/11/2020 12:25,Llangefni,Etienne Novak," Speciality Tea - Camomile - 1.30, Regular Flavoured latte - Vanilla - 2.55,  Speciality Tea - Fruit - 1.30",5.15,CASH,
11/11/2020 12:26,Llangefni,Marc Rojas," Speciality Tea - Fruit - 1.30,  Speciality Tea - Fruit - 1.30",2.60,CARD,2702817408537192
11/11/2020 12:28,Llangefni,Rabiaa Keereweer," Cortado - 2.05, Large Luxury hot chocolate - 2.70",4.75,CASH,
11/11/2020 12:29,Llangefni,Leo Herrera," Cortado - 2.05,  Flavoured iced latte - Vanilla - 2.75,  Mocha - 2.30",7.10,CARD,1686016986395362
11/11/2020 12:31,Llangefni,Ismet Majewski," Speciality Tea - English breakfast - 1.30, Regular Luxury hot chocolate - 2.40,  Smoothies - Glowing Greens - 2.00",5.70,CARD,6148610411885
11/11/2020 12:32,Llangefni,Clara Williams,"Large Flavoured hot chocolate - Vanilla - 2.90,  Mocha - 2.30,  Mocha - 2.30,  Speciality Tea - English breakfast - 1.30",8.80,CASH,
11/11/2020 12:34,Llangefni,Rebecca Steward," Speciality Tea - Fruit - 1.30, Large Filter coffee - 1.80,  Smoothies - Berry Beautiful - 2.00",5.10,CARD,8868642446725570
11/11/2020 12:35,Llangefni,William Wood," Frappes - Chocolate Cookie - 2.75,  Iced latte - 2.35, Regular Flavoured latte - Caramel - 2.55, Large Hot chocolate - 2.90,  Babyccino - 0.00",10.55,CARD,8096763966626
11/11/2020 12:37,Llangefni,Sophie Clarke," Mocha - 2.30,  Smoothies - Glowing Greens - 2.00,  Smoothies - Glowing Greens - 2.00, Regular Chai latte - 2.30",8.60,CARD,2072047937959
11/11/2020 12:38,Llangefni,Niklas Roche,"Regular Americano - 1.95,  Speciality Tea - Fruit - 1.30,  Iced latte - 2.35",5.60,CASH,
11/11/2020 12:40,Llangefni,Marcel Brunet,"Regular Luxury hot chocolate - 2.40,  Mocha - 2.30",4.70,CARD,41472241154673845
11/11/2020 12:41,Llangefni,Oliver Taylor," Smoothies - Carrot Kick - 2.00",2.00,CASH,
11/11/2020 12:43,Llangefni,Catalina Perez," Mocha - 2.30, Large Filter coffee - 1.80,  Glass of milk - 0.70",4.80,CARD,5235335576674798
11/11/2020 12:44,Llangefni,Jadwiga Kruse,"Large Luxury hot chocolate - 2.70,  Red label tea - 1.20, Regular Flavoured hot chocolate - Caramel - 2.60, Regular Flavoured hot chocolate - Hazelnut - 2.60",9.10,CARD,6498604290671
11/11/2020 12:45,Llangefni,Aiden Pelletier," Flavoured iced latte - Vanilla - 2.75",2.75,CARD,6324291504516132
11/11/2020 12:47,Llangefni,Aapo Makela,"Regular Flavoured latte - Hazelnut - 2.55,  Smoothies - Carrot Kick - 2.00,  Speciality Tea - Darjeeling - 1.30, Regular Latte - 2.15, Large Espresso - 1.80",9.80,CARD,940142357807564
11/11/2020 12:48,Llangefni,Isabel Patel," Mocha - 2.30",2.30,CASH,
11/11/2020 12:50,Llangefni,Emma Stephens," Speciality Tea - Green - 1.30,  Speciality Tea - Camomile - 1.30, Large Americano - 2.25, Large Latte - 2.45",7.30,CASH,
11/11/2020 12:51,Llangefni,Iiris Huotari,"Regular Latte - 2.15,  Speciality Tea - Camomile - 1.30,  Frappes - Coffee - 2.75,  Frappes - Coffee - 2.75",8.95,CASH,
11/11/2020 12:53,Llangefni,Jesse Kyllo," Speciality Tea - Camomile - 1.30, Regular Filter coffee - 1.50,  Iced americano - 2.15",4.95,CARD,6587752448671996
11/11/2020 12:54,Llangefni,Philip Rasmussen," Flavoured iced latte - Vanilla - 2.75,  Mocha - 2.30,  Babyccino - 0.00",5.05,CARD,3404472122629
11/11/2020 12:56,Llangefni,Remedios Aguilar," Flavoured iced latte - Caramel - 2.75,  Babyccino - 0.00,  Red label tea - 1.20, Regular Flavoured latte - Hazelnut - 2.55,  Glass of milk - 0.70",7.20,CARD,36047334236705463
11/11/2020 12:57,Llangefni,Elijah Wilson,"Regular Flavoured latte - Caramel - 2.55, Large Luxury hot chocolate - 2.70,  Cortado - 2.05,  Speciality Tea - Camomile - 1.30",8.60,CARD,818693434367289
11/11/2020 12:59,Llangefni,Carter Long," Smoothies - Carrot Kick - 2.00, Regular Latte - 2.15",4.15,CASH,
11/11/2020 13:00,Llangefni,Mei Groenland,"Large Flavoured latte - Caramel - 2.85,  Flat white - 2.15",5.00,CASH,
11/11/2020 13:01,Llangefni,Purificacion Santos,"Regular Flavoured hot chocolate - Vanilla - 2.60, Regular Flavoured latte - Hazelnut - 2.55",5.15,CARD,6011474207534214
11/11/2020 13:01,Llangefni,Donato Blanc,"Regular Flavoured latte - Gingerbread - 2.55",2.55,CARD,62931520518124141
11/11/2020 13:01,Llangefni,Isolde Brauer,"Large Flavoured latte - Hazelnut - 2.85, Regular Flavoured hot chocolate - Vanilla - 2.60",5.45,CARD,6824216355651189
11/11/2020 13:02,Llangefni,Luciano Nebel," Babyccino - 0.00",.0,CASH,
11/11/2020 13:02,Llangefni,Jacob Thomsen,"Regular Flavoured latte - Vanilla - 2.55, Regular Flavoured latte - Caramel - 2.55,  Hot chocolate - 1.40, Regular Filter coffee - 1.50,  Babyccino - 0.00",8.00,CARD,7576210051846332
11/11/2020 13:03,Llangefni,Jacob Walker," Frappes - Coffee - 2.75,  Frappes - Strawberries & Cream - 2.75, Large Flavoured latte - Vanilla - 2.85",8.35,CASH,
11/11/2020 13:03,Llangefni,Miriam Ryan,"Large Cappuccino - 2.45, Large Flavoured latte - Caramel - 2.85,  Frappes - Chocolate Cookie - 2.75",8.05,CASH,
11/11/2020 13:04,Llangefni,Ben Helgeland," Cortado - 2.05,  Frappes - Chocolate Cookie - 2.75, Regular Americano - 1.95,  Flavoured iced latte - Vanilla - 2.75,  Red label tea - 1.20",10.70,CASH,
11/11/2020 13:04,Llangefni,Mads Johansen," Speciality Tea - Darjeeling - 1.30, Regular Luxury hot chocolate - 2.40,  Red label tea - 1.20",4.90,CASH,
11/11/2020 13:04,Llangefni,Lee Nelson," Smoothies - Glowing Greens - 2.00",2.00,CARD,9622839051138
11/11/2020 13:05,Llangefni,Latife Erkekli," Flavoured iced latte - Hazelnut - 2.75",2.75,CARD,4180071925449701
11/11/2020 13:05,Llangefni,Terry Ward,"Regular Flavoured hot chocolate - Hazelnut - 2.60,  Flavoured iced latte - Hazelnut - 2.75, Regular Latte - 2.15",7.50,CASH,
11/11/2020 13:06,Llangefni,Zeynep Bremer," Speciality Tea - Camomile - 1.30, Large Filter coffee - 1.80,  Smoothies - Carrot Kick - 2.00,  Speciality Tea - Green - 1.30",6.40,CASH,
11/11/2020 13:06,Llangefni,Andrea Lawson,"Regular Flavoured latte - Gingerbread - 2.55,  Iced americano - 2.15",4.70,CASH,
11/11/2020 13:07,Llangefni,Oliver Christiansen," Smoothies - Berry Beautiful - 2.00,  Iced americano - 2.15,  Red label tea - 1.20,  Cortado - 2.05",7.40,CASH,
11/11/2020 13:07,Llangefni,Jean Nguyen," Flat white - 2.15",2.15,CARD,502630566131769
11/11/2020 13:07,Llangefni,Jakob Brown,"Large Espresso - 1.80,  Smoothies - Glowing Greens - 2.00, Regular Filter coffee - 1.50,  Iced latte - 2.35",7.65,CARD,3626696764320057
11/11/2020 13:08,Llangefni,Wesley Walters,"Large Flavoured latte - Caramel - 2.85",2.85,CARD,2769648129113
11/11/2020 13:08,Llangefni,Christian Suarez," Babyccino - 0.00,  Babyccino - 0.00,  Smoothies - Glowing Greens - 2.00, Regular Flavoured latte - Caramel - 2.55,  Hot chocolate - 1.40",5.95,CASH,
11/11/2020 13:09,Llangefni,Christian Castro," Smoothies - Carrot Kick - 2.00,  Hot chocolate - 1.40,  Speciality Tea - Camomile - 1.30, Large Hot chocolate - 2.90",7.60,CARD,458334180591537
11/11/2020 13:09,Llangefni,Flavio Perrin," Cortado - 2.05",2.05,CASH,
11/11/2020 13:10,Llangefni,Colin Sullivan," Red label tea - 1.20",1.20,CASH,
11/11/2020 13:10,Llangefni,Susete Porto,"Large Luxury hot chocolate - 2.70",2.70,CARD,228527562683666
11/11/2020 13:10,Llangefni,Gloria Brooks,"Regular Filter coffee - 1.50,  Speciality Tea - Green - 1.30,  Frappes - Chocolate Cookie - 2.75,  Frappes - Coffee - 2.75,  Smoothies - Berry Beautiful - 2.00",10.30,CARD,6011549317542942
11/11/2020 13:11,Llangefni,Annelies Kalisch," Speciality Tea - Fruit - 1.30,  Hot chocolate - 1.40",2.70,CARD,4970589778718556
11/11/2020 13:11,Llangefni,Zoe French," Smoothies - Glowing Greens - 2.00, Large Hot chocolate - 2.90,  Mocha - 2.30, Large Chai latte - 2.60, Large Americano - 2.25",12.05,CARD,5229429915628027
11/11/2020 13:12,Llangefni,Alice Jennings," Iced americano - 2.15, Regular Flavoured latte - Vanilla - 2.55, Large Flavoured hot chocolate - Hazelnut - 2.90",7.60,CARD,337650550888212
11/11/2020 13:12,Llangefni,Felix Hayes,"Regular Flavoured hot chocolate - Caramel - 2.60,  Glass of milk - 0.70, Regular Flavoured latte - Hazelnut - 2.55, Large Latte - 2.45,  Speciality Tea - Peppermint - 1.30",9.60,CARD,1041817034206
11/11/2020 13:13,Llangefni,Eino Seppanen," Speciality Tea - Camomile - 1.30, Large Latte - 2.45,  Frappes - Strawberries & Cream - 2.75,  Cortado - 2.05",8.55,CASH,
11/11/2020 13:13,Llangefni,Raymond Wilson," Smoothies - Carrot Kick - 2.00, Large Flavoured hot chocolate - Vanilla - 2.90, Large Americano - 2.25, Large Flavoured hot chocolate - Caramel - 2.90",10.05,CASH,
11/11/2020 13:13,Llangefni,Eric Ashraf," Red label tea - 1.20, Large Flavoured latte - Vanilla - 2.85,  Mocha - 2.30",6.35,CARD,2366829922967910
11/11/2020 13:14,Llangefni,Lonnie Graham," Flavoured iced latte - Caramel - 2.75,  Flavoured iced latte - Hazelnut - 2.75,  Cortado - 2.05",7.55,CARD,216119469666942
11/11/2020 13:14,Llangefni,Deborah Welch," Smoothies - Berry Beautiful - 2.00",2.00,CASH,
11/11/2020 13:15,Llangefni,Anita Larson," Flavoured iced latte - Hazelnut - 2.75, Large Espresso - 1.80, Large Flavoured latte - Gingerbread - 2.85",7.40,CARD,4184821344809780
11/11/2020 13:15,Llangefni,Carlos Esteban,"Large Flavoured latte - Hazelnut - 2.85,  Iced latte - 2.35,  Cortado - 2.05",7.25,CARD,6011300080014022
11/11/2020 13:16,Llangefni,Riley Bailey," Flavoured iced latte - Caramel - 2.75",2.75,CARD,0683453845756
11/11/2020 13:16,Llangefni,Arthur Garnier," Speciality Tea - Darjeeling - 1.30,  Babyccino - 0.00, Regular Flavoured latte - Vanilla - 2.55, Large Flavoured hot chocolate - Caramel - 2.90",6.75,CASH,
11/11/2020 13:16,Llangefni,Ricardo Gordon,"Large Americano - 2.25",2.25,CARD,4181555522525
11/11/2020 13:17,Llangefni,Peyton Walker,"Regular Flavoured latte - Caramel - 2.55,  Iced latte - 2.35, Regular Filter coffee - 1.50",6.40,CARD,738127882546784
11/11/2020 13:17,Llangefni,Noa Fabre," Cortado - 2.05,  Iced americano - 2.15",4.20,CARD,1948001586613814
11/11/2020 13:18,Llangefni,Marilyn Murray," Mocha - 2.30,  Smoothies - Glowing Greens - 2.00,  Frappes - Strawberries & Cream - 2.75,  Speciality Tea - Camomile - 1.30, Regular Filter coffee - 1.50",9.85,CARD,8332041688773
11/11/2020 13:18,Llangefni,Daniel Walker," Mocha - 2.30, Large Hot chocolate - 2.90",5.20,CASH,
11/11/2020 13:19,Llangefni,William Martin,"Regular Chai latte - 2.30, Large Filter coffee - 1.80,  Smoothies - Berry Beautiful - 2.00, Regular Luxury hot chocolate - 2.40,  Speciality Tea - Earl Grey - 1.30",9.80,CASH,
11/11/2020 13:19,Llangefni,Guta Peixoto," Smoothies - Berry Beautiful - 2.00, Regular Cappuccino - 2.15",4.15,CARD,5162475763814269
11/11/2020 13:19,Llangefni,Zippora Joziasse," Speciality Tea - Darjeeling - 1.30",1.30,CASH,
11/11/2020 13:20,Llangefni,Jasmine Singh," Speciality Tea - Peppermint - 1.30, Large Filter coffee - 1.80,  Mocha - 2.30, Regular Latte - 2.15,  Cortado - 2.05",9.60,CARD,1606815567059966
11/11/2020 13:20,Llangefni,Ulda Cavalcanti," Smoothies - Berry Beautiful - 2.00, Large Flavoured latte - Hazelnut - 2.85",4.85,CASH,
11/11/2020 13:21,Llangefni,Bernard Gardner,"Regular Cappuccino - 2.15,  Frappes - Chocolate Cookie - 2.75,  Mocha - 2.30",7.20,CASH,
11/11/2020 13:21,Llangefni,Katrine Olsen,"Regular Americano - 1.95,  Iced latte - 2.35,  Glass of milk - 0.70",5.00,CARD,1973428503487066
11/11/2020 13:22,Llangefni,Mahdi Mikalsen," Smoothies - Carrot Kick - 2.00, Large Flavoured hot chocolate - Hazelnut - 2.90",4.90,CARD,6011287336564599
11/11/2020 13:22,Llangefni,Becky Stephens," Speciality Tea - Peppermint - 1.30,  Flavoured iced latte - Caramel - 2.75,  Hot chocolate - 1.40",5.45,CARD,6011307024665386
11/11/2020 13:22,Llangefni,Harvey Schmidt," Speciality Tea - Darjeeling - 1.30, Large Flavoured hot chocolate - Hazelnut - 2.90",4.20,CASH,
11/11/2020 13:23,Llangefni,Misty Romero,"Large Espresso - 1.80,  Hot chocolate - 1.40,  Speciality Tea - Darjeeling - 1.30, Regular Luxury hot chocolate - 2.40, Large Flavoured hot chocolate - Vanilla - 2.90",9.80,CASH,
11/11/2020 13:23,Llangefni,Umut Alyanak,"Large Americano - 2.25, Regular Flavoured hot chocolate - Hazelnut - 2.60",4.85,CARD,3800304503755236
11/11/2020 13:24,Llangefni,Emil Hatala," Speciality Tea - Camomile - 1.30, Large Flavoured hot chocolate - Caramel - 2.90,  Babyccino - 0.00,  Glass of milk - 0.70,  Frappes - Chocolate Cookie - 2.75",7.65,CARD,53866211994112
11/11/2020 13:24,Llangefni,Emma Morales," Speciality Tea - English breakfast - 1.30,  Speciality Tea - Fruit - 1.30,  Red label tea - 1.20, Regular Espresso - 1.50,  Frappes - Coffee - 2.75",8.05,CARD,6011361711748740
11/11/2020 13:25,Llangefni,Fadime Gros," Glass of milk - 0.70, Regular Flavoured latte - Gingerbread - 2.55, Large Espresso - 1.80, Regular Flavoured hot chocolate - Hazelnut - 2.60,  Iced americano - 2.15",9.80,CASH,
11/11/2020 13:25,Llangefni,Summer Walker," Speciality Tea - Green - 1.30, Large Flavoured latte - Hazelnut - 2.85,  Cortado - 2.05,  Flavoured iced latte - Hazelnut - 2.75",8.95,CASH,
11/11/2020 13:25,Llangefni,Nina Chen," Flavoured iced latte - Hazelnut - 2.75,  Speciality Tea - English breakfast - 1.30,  Mocha - 2.30,  Babyccino - 0.00, Large Hot chocolate - 2.90",9.25,CARD,5860406260857
11/11/2020 13:26,Llangefni,Markus Richard," Flavoured iced latte - Hazelnut - 2.75,  Red label tea - 1.20, Regular Espresso - 1.50, Regular Chai latte - 2.30",7.75,CARD,6011649029855983
11/11/2020 13:26,Llangefni,Aline Meyer," Speciality Tea - English breakfast - 1.30, Regular Flavoured hot chocolate - Caramel - 2.60, Regular Flavoured latte - Caramel - 2.55",6.45,CARD,129525729872181
11/11/2020 13:27,Llangefni,Magnus Nowak," Speciality Tea - Darjeeling - 1.30, Large Flavoured hot chocolate - Caramel - 2.90, Regular Espresso - 1.50,  Speciality Tea - Green - 1.30,  Speciality Tea - English breakfast - 1.30",8.30,CARD,5007890044026956
11/11/2020 13:27,Llangefni,Tormod Korsnes," Red label tea - 1.20,  Speciality Tea - Camomile - 1.30,  Mocha - 2.30,  Iced americano - 2.15, Large Flavoured hot chocolate - Hazelnut - 2.90",9.85,CARD,9607772355740
11/11/2020 13:28,Llangefni,Tamar Braber,"Regular Filter coffee - 1.50,  Frappes - Coffee - 2.75,  Smoothies - Glowing Greens - 2.00,  Glass of milk - 0.70",6.95,CASH,
11/11/2020 13:28,Llangefni,Celestine Rolland," Speciality Tea - Camomile - 1.30",1.30,CASH,
11/11/2020 13:28,Llangefni,Alihan Hillebrand,"Regular Hot chocolate - 2.20",2.20,CARD,3850218192736030
11/11/2020 13:29,Llangefni,Mackenzie Davies," Mocha - 2.30, Regular Hot chocolate - 2.20,  Cortado - 2.05,  Speciality Tea - English breakfast - 1.30",7.85,CARD,6011857418295327
11/11/2020 13:29,Llangefni,Jorijn Zeelenberg," Frappes - Coffee - 2.75, Large Hot chocolate - 2.90, Regular Cappuccino - 2.15",7.80,CARD,9506348259244527
11/11/2020 13:30,Llangefni,Sebastian Nielsen,"Regular Luxury hot chocolate - 2.40,  Mocha - 2.30, Large Flavoured latte - Caramel - 2.85",7.55,CASH,
11/11/2020 13:30,Llangefni,Samuel Clark,"Regular Espresso - 1.50,  Flavoured iced latte - Vanilla - 2.75,  Glass of milk - 0.70,  Iced americano - 2.15,  Speciality Tea - Green - 1.30",8.40,CARD,2372931456733603
11/11/2020 13:31,Llangefni,Mathilde Christiansen," Frappes - Chocolate Cookie - 2.75,  Smoothies - Glowing Greens - 2.00, Large Espresso - 1.80,  Speciality Tea - Camomile - 1.30,  Iced latte - 2.35",10.20,CARD,8720348813353350
11/11/2020 13:31,Llangefni,Donald Bishop,"Large Luxury hot chocolate - 2.70,  Cortado - 2.05,  Flavoured iced latte - Hazelnut - 2.75",7.50,CARD,5272001987991126
11/11/2020 13:31,Llangefni,Jessica Medina," Speciality Tea - Camomile - 1.30",1.30,CARD,77007009427786900
11/11/2020 13:32,Llangefni,Ismail Roux,"Large Flavoured hot chocolate - Hazelnut - 2.90, Regular Chai latte - 2.30,  Mocha - 2.30,  Babyccino - 0.00,  Frappes - Chocolate Cookie - 2.75",10.25,CARD,885229056363485
11/11/2020 13:32,Llangefni,Basile Francois," Speciality Tea - Camomile - 1.30,  Red label tea - 1.20,  Speciality Tea - Camomile - 1.30,  Speciality Tea - Green - 1.30,  Speciality Tea - Darjeeling - 1.30",6.40,CASH,
11/11/2020 13:33,Llangefni,Otto Polon," Flat white - 2.15",2.15,CASH,
11/11/2020 13:33,Llangefni,Eliab Caldeira," Speciality Tea - Camomile - 1.30",1.30,CARD,0537153684793
11/11/2020 13:34,Llangefni,Alejandra Serrano,"Regular Flavoured latte - Hazelnut - 2.55",2.55,CASH,
11/11/2020 13:34,Llangefni,Eva Dupuis," Mocha - 2.30,  Speciality Tea - Earl Grey - 1.30, Regular Flavoured hot chocolate - Hazelnut - 2.60,  Speciality Tea - Earl Grey - 1.30",7.50,CARD,5598458095893635
11/11/2020 13:34,Llangefni,Aubin Meunier,"Regular Flavoured hot chocolate - Caramel - 2.60",2.60,CARD,5320525572238894
11/11/2020 13:35,Llangefni,Ashley Mendoza,"Large Flavoured latte - Hazelnut - 2.85, Regular Hot chocolate - 2.20,  Babyccino - 0.00,  Flavoured iced latte - Caramel - 2.75",7.80,CARD,3403195380795708
11/11/2020 13:35,Llangefni,Selma Christensen," Frappes - Chocolate Cookie - 2.75,  Smoothies - Berry Beautiful - 2.00,  Babyccino - 0.00,  Smoothies - Glowing Greens - 2.00",6.75,CASH,
11/11/2020 13:36,Llangefni,Britney Collins," Smoothies - Carrot Kick - 2.00, Regular Flavoured hot chocolate - Caramel - 2.60, Large Flavoured hot chocolate - Caramel - 2.90",7.50,CARD,5399717598345326
11/11/2020 13:36,Llangefni,Latife Durmaz," Red label tea - 1.20, Large Flavoured hot chocolate - Hazelnut - 2.90",4.10,CARD,2101026341544823
11/11/2020 13:37,Llangefni,Samuel Moreau,"Large Americano - 2.25,  Flavoured iced latte - Vanilla - 2.75, Large Flavoured hot chocolate - Vanilla - 2.90",7.90,CASH,
11/11/2020 13:37,Llangefni,Marie Thomsen,"Large Latte - 2.45,  Glass of milk - 0.70,  Babyccino - 0.00",3.15,CASH,
11/11/2020 13:37,Llangefni,Hannah Wilson," Speciality Tea - Fruit - 1.30, Regular Luxury hot chocolate - 2.40,  Cortado - 2.05,  Cortado - 2.05",7.80,CARD,5859878323468458
11/11/2020 13:38,Llangefni,Hugo Montero,"Regular Flavoured latte - Caramel - 2.55,  Speciality Tea - Peppermint - 1.30,  Speciality Tea - Darjeeling - 1.30,  Flavoured iced latte - Caramel - 2.75",7.90,CASH,
11/11/2020 13:38,Llangefni,Louisa Petit,"Large Luxury hot chocolate - 2.70, Large Espresso - 1.80",4.50,CARD,2985796704966
11/11/2020 13:39,Llangefni,Matthew French," Speciality Tea - Green - 1.30",1.30,CASH,
11/11/2020 13:39,Llangefni,Sebastian Calvo,"Regular Luxury hot chocolate - 2.40, Regular Filter coffee - 1.50,  Hot chocolate - 1.40, Regular Cappuccino - 2.15,  Speciality Tea - Camomile - 1.30",8.75,CASH,
11/11/2020 13:40,Llangefni,Arianna Lucas," Mocha - 2.30,  Glass of milk - 0.70, Regular Luxury hot chocolate - 2.40,  Cortado - 2.05",7.45,CARD,0109523998467773
11/11/2020 13:40,Llangefni,Keira Anderson," Smoothies - Glowing Greens - 2.00,  Flavoured iced latte - Vanilla - 2.75,  Smoothies - Berry Beautiful - 2.00",6.75,CARD,435814165525804
11/11/2020 13:40,Llangefni,Akseli Savela," Mocha - 2.30, Regular Luxury hot chocolate - 2.40,  Speciality Tea - Camomile - 1.30, Regular Flavoured latte - Caramel - 2.55,  Flavoured iced latte - Caramel - 2.75",11.30,CARD,2096001691725760
11/11/2020 13:41,Llangefni,Juergen Theisen," Flat white - 2.15,  Flavoured iced latte - Vanilla - 2.75,  Flat white - 2.15, Large Flavoured hot chocolate - Hazelnut - 2.90",9.95,CASH,
11/11/2020 13:41,Llangefni,Grace Elliott," Smoothies - Glowing Greens - 2.00, Regular Flavoured hot chocolate - Hazelnut - 2.60",4.60,CARD,3016972161701
11/11/2020 13:42,Llangefni,Marie Johansen,"Large Flavoured latte - Gingerbread - 2.85, Large Flavoured latte - Caramel - 2.85,  Iced americano - 2.15,  Speciality Tea - Fruit - 1.30,  Speciality Tea - Earl Grey - 1.30",10.45,CARD,9028987378680140
11/11/2020 13:42,Llangefni,Liam Denys," Hot chocolate - 1.40, Large Filter coffee - 1.80,  Glass of milk - 0.70",3.90,CASH,
11/11/2020 13:43,Llangefni,Addison Taylor,"Regular Cappuccino - 2.15",2.15,CASH,
11/11/2020 13:43,Llangefni,Gino Tacke," Smoothies - Glowing Greens - 2.00, Large Flavoured hot chocolate - Hazelnut - 2.90,  Speciality Tea - Camomile - 1.30, Large Flavoured hot chocolate - Hazelnut - 2.90",9.10,CASH,
11/11/2020 13:43,Llangefni,Clarisse Lemoine," Speciality Tea - Fruit - 1.30,  Iced americano - 2.15,  Mocha - 2.30,  Speciality Tea - Camomile - 1.30",7.05,CARD,3981267327204752
11/11/2020 13:44,Llangefni,Rocio Arias," Flat white - 2.15",2.15,CASH,
11/11/2020 13:44,Llangefni,Armando Beuving," Speciality Tea - Fruit - 1.30,  Smoothies - Berry Beautiful - 2.00,  Hot chocolate - 1.40, Large Flavoured hot chocolate - Vanilla - 2.90",7.60,CASH,
11/11/2020 13:45,Llangefni,Lucineri Rodrigues,"Large Filter coffee - 1.80,  Flat white - 2.15,  Mocha - 2.30,  Red label tea - 1.20, Regular Luxury hot chocolate - 2.40",9.85,CASH,
11/11/2020 13:45,Llangefni,Celin Eiken," Smoothies - Berry Beautiful - 2.00, Regular Filter coffee - 1.50,  Iced latte - 2.35",5.85,CARD,0757427567221710
11/11/2020 13:46,Llangefni,Yasemin Kunter,"Regular Chai latte - 2.30, Regular Latte - 2.15,  Iced americano - 2.15,  Speciality Tea - Earl Grey - 1.30",7.90,CARD,5097705372628487
11/11/2020 13:46,Llangefni,Pietra Jesus,"Large Latte - 2.45,  Babyccino - 0.00,  Mocha - 2.30,  Cortado - 2.05",6.80,CARD,90806085353936575
11/11/2020 13:46,Llangefni,Andre Wright,"Large Cappuccino - 2.45, Regular Flavoured hot chocolate - Hazelnut - 2.60",5.05,CASH,
11/11/2020 13:47,Llangefni,Hannah Gagnon," Iced americano - 2.15,  Flavoured iced latte - Hazelnut - 2.75, Regular Americano - 1.95,  Smoothies - Berry Beautiful - 2.00, Large Filter coffee - 1.80",10.65,CARD,6011377034668778
11/11/2020 13:47,Llangefni,Laura Marshall," Speciality Tea - Camomile - 1.30, Large Hot chocolate - 2.90,  Frappes - Chocolate Cookie - 2.75",6.95,CARD,514770112489067
11/11/2020 13:48,Llangefni,Frederikke Larsen," Red label tea - 1.20",1.20,CARD,6011569342730929
11/11/2020 13:48,Llangefni,Frida Thomsen,"Regular Filter coffee - 1.50",1.50,CARD,0136992928278
11/11/2020 13:49,Llangefni,Lily Reynolds," Speciality Tea - Camomile - 1.30,  Speciality Tea - Peppermint - 1.30, Large Flavoured latte - Hazelnut - 2.85,  Smoothies - Berry Beautiful - 2.00, Regular Latte - 2.15",9.60,CASH,
11/11/2020 13:49,Llangefni,Janice Wheeler," Red label tea - 1.20,  Cortado - 2.05",3.25,CARD,022043927185884
11/11/2020 13:49,Llangefni,Paula Ribeiro," Frappes - Strawberries & Cream - 2.75",2.75,CARD,733362573529905
11/11/2020 13:50,Llangefni,Norma Howell," Speciality Tea - Green - 1.30,  Speciality Tea - Fruit - 1.30",2.60,CASH,
11/11/2020 13:50,Llangefni,Diedrich Voll," Speciality Tea - Camomile - 1.30,  Speciality Tea - Peppermint - 1.30",2.60,CASH,
11/11/2020 13:51,Llangefni,Noam Durand,"Large Luxury hot chocolate - 2.70,  Glass of milk - 0.70,  Iced latte - 2.35",5.75,CARD,6011602805132219
11/11/2020 13:51,Llangefni,Lamar Aleksandersen," Mocha - 2.30, Regular Luxury hot chocolate - 2.40,  Speciality Tea - English breakfast - 1.30, Large Flavoured hot chocolate - Caramel - 2.90,  Smoothies - Glowing Greens - 2.00",10.90,CARD,3559910236716
11/11/2020 13:52,Llangefni,Mae Foster,"Large Luxury hot chocolate - 2.70, Large Flavoured latte - Hazelnut - 2.85",5.55,CASH,
11/11/2020 13:52,Llangefni,Armanda Nijssen," Flavoured iced latte - Hazelnut - 2.75,  Iced latte - 2.35, Large Flavoured latte - Hazelnut - 2.85, Regular Flavoured latte - Vanilla - 2.55, Regular Flavoured hot chocolate - Vanilla - 2.60",13.10,CASH,
11/11/2020 13:52,Llangefni,Rose Berger,"Large Hot chocolate - 2.90",2.90,CARD,2968310699597
11/11/2020 13:53,Llangefni,Gabriel Day,"Regular Flavoured latte - Caramel - 2.55,  Speciality Tea - Green - 1.30,  Flavoured iced latte - Hazelnut - 2.75,  Frappes - Coffee - 2.75",9.35,CASH,
11/11/2020 13:53,Llangefni,Margien Yilmaz,"Large Espresso - 1.80,  Red label tea - 1.20, Large Flavoured hot chocolate - Hazelnut - 2.90, Regular Flavoured latte - Vanilla - 2.55,  Frappes - Chocolate Cookie - 2.75",11.20,CASH,
11/11/2020 13:54,Llangefni,Beau Williams," Flat white - 2.15,  Mocha - 2.30",4.45,CARD,6011781330260648
11/11/2020 13:54,Llangefni,Fredrikke Samuelsen," Red label tea - 1.20,  Iced latte - 2.35",3.55,CARD,6011719053858129
11/11/2020 13:55,Llangefni,Amelia Louis,"Large Espresso - 1.80, Large Flavoured latte - Hazelnut - 2.85,  Smoothies - Berry Beautiful - 2.00,  Flavoured iced latte - Vanilla - 2.75,  Smoothies - Carrot Kick - 2.00",11.40,CARD,6011813933392286
11/11/2020 13:55,Llangefni,Coline Blanc," Frappes - Coffee - 2.75",2.75,CARD,3703609365345580
11/11/2020 13:55,Llangefni,Lenny Simon," Frappes - Strawberries & Cream - 2.75",2.75,CARD,6011509063497583
11/11/2020 13:56,Llangefni,Stanislav Schwabe," Smoothies - Berry Beautiful - 2.00",2.00,CARD,6008531671522216
11/11/2020 13:56,Llangefni,Victor Rasmussen," Flavoured iced latte - Caramel - 2.75,  Iced latte - 2.35,  Flavoured iced latte - Caramel - 2.75, Regular Hot chocolate - 2.20,  Speciality Tea - Camomile - 1.30",11.35,CASH,
11/11/2020 13:57,Llangefni,Cameron Gilbert,"Large Flavoured latte - Vanilla - 2.85, Large Filter coffee - 1.80",4.65,CARD,2873693185857327
11/11/2020 13:57,Llangefni,Ariane Liu," Speciality Tea - English breakfast - 1.30,  Flavoured iced latte - Vanilla - 2.75",4.05,CARD,6011873349862017
11/11/2020 13:58,Llangefni,Troy Brown,"Regular Flavoured latte - Hazelnut - 2.55, Large Flavoured hot chocolate - Caramel - 2.90,  Flavoured iced latte - Vanilla - 2.75",8.20,CARD,868421996939739
11/11/2020 13:58,Llangefni,Holly Jones," Flat white - 2.15,  Iced americano - 2.15",4.30,CASH,
11/11/2020 13:58,Llangefni,Danielle Jennings," Smoothies - Carrot Kick - 2.00,  Flat white - 2.15,  Speciality Tea - Fruit - 1.30,  Smoothies - Glowing Greens - 2.00",7.45,CASH,
11/11/2020 13:59,Llangefni,Nurdan Kutlay," Glass of milk - 0.70, Regular Latte - 2.15, Regular Espresso - 1.50,  Flavoured iced latte - Caramel - 2.75,  Cortado - 2.05",9.15,CARD,8165640859308
11/11/2020 13:59,Llangefni,Violet Wood," Frappes - Strawberries & Cream - 2.75",2.75,CARD,1207297099588295
11/11/2020 14:00,Llangefni,Serenity Harvey," Mocha - 2.30",2.30,CARD,467872480569459
11/11/2020 14:02,Llangefni,Freddie Reed," Smoothies - Berry Beautiful - 2.00",2.00,CASH,
11/11/2020 14:05,Llangefni,Josephine Scott," Flavoured iced latte - Vanilla - 2.75, Regular Latte - 2.15, Large Luxury hot chocolate - 2.70,  Glass of milk - 0.70",8.30,CARD,6011565290648167
11/11/2020 14:07,Llangefni,Sonia Tucker," Speciality Tea - Camomile - 1.30,  Cortado - 2.05,  Mocha - 2.30,  Mocha - 2.30, Large Flavoured hot chocolate - Caramel - 2.90",10.85,CASH,
11/11/2020 14:10,Llangefni,Mariana Lopes,"Large Chai latte - 2.60, Large Flavoured latte - Hazelnut - 2.85,  Flat white - 2.15, Large Filter coffee - 1.80,  Hot chocolate - 1.40",10.80,CASH,
11/11/2020 14:12,Llangefni,Rena Peters," Mocha - 2.30,  Speciality Tea - Earl Grey - 1.30",3.60,CARD,943615527048616
11/11/2020 14:15,Llangefni,Matthew Wang," Red label tea - 1.20, Large Chai latte - 2.60,  Flat white - 2.15,  Smoothies - Berry Beautiful - 2.00",7.95,CARD,008660222463861
11/11/2020 14:17,Llangefni,Enrique Chapman," Cortado - 2.05,  Frappes - Strawberries & Cream - 2.75",4.80,CARD,6162190642008
11/11/2020 14:20,Llangefni,Davut Bademci," Speciality Tea - Green - 1.30,  Speciality Tea - Darjeeling - 1.30",2.60,CARD,6011300105653403
11/11/2020 14:22,Llangefni,Maria Larsen," Mocha - 2.30",2.30,CARD,44895289773419046
11/11/2020 14:25,Llangefni,Christoffer Olsen,"Regular Cappuccino - 2.15",2.15,CARD,6883075976643035
11/11/2020 14:27,Llangefni,Zeynep Siekmann," Flavoured iced latte - Caramel - 2.75,  Iced americano - 2.15",4.90,CARD,768357460436483
11/11/2020 14:30,Llangefni,Morris Freeman," Speciality Tea - Earl Grey - 1.30,  Smoothies - Berry Beautiful - 2.00",3.30,CARD,3289277187857
11/11/2020 14:32,Llangefni,Beverley Torres," Cortado - 2.05,  Red label tea - 1.20,  Iced americano - 2.15,  Speciality Tea - Camomile - 1.30",6.70,CARD,003111090198743
11/11/2020 14:35,Llangefni,Henry Hawkins," Cortado - 2.05, Large Filter coffee - 1.80",3.85,CARD,6011003657430043
11/11/2020 14:37,Llangefni,Darlene Simmons," Frappes - Coffee - 2.75,  Flavoured iced latte - Caramel - 2.75",5.50,CASH,
11/11/2020 14:40,Llangefni,Craig Russell," Speciality Tea - Darjeeling - 1.30, Regular Flavoured latte - Caramel - 2.55,  Flavoured iced latte - Caramel - 2.75",6.60,CARD,6011477129537090
11/11/2020 14:42,Llangefni,Elizabeth Pearson,"Large Americano - 2.25,  Flavoured iced latte - Caramel - 2.75, Large Flavoured latte - Gingerbread - 2.85,  Speciality Tea - Earl Grey - 1.30,  Flat white - 2.15",11.30,CASH,
11/11/2020 14:45,Llangefni,Julio Delgado," Glass of milk - 0.70, Large Chai latte - 2.60",3.30,CASH,
11/11/2020 14:47,Llangefni,Leana Nielsen,"Regular Flavoured latte - Vanilla - 2.55",2.55,CASH,
11/11/2020 14:50,Llangefni,Philip Sirko,"Large Flavoured hot chocolate - Vanilla - 2.90,  Hot chocolate - 1.40, Large Cappuccino - 2.45",6.75,CASH,
11/11/2020 14:52,Llangefni,Ron Harrison," Smoothies - Glowing Greens - 2.00, Large Cappuccino - 2.45,  Glass of milk - 0.70",5.15,CASH,
11/11/2020 14:55,Llangefni,Isabella Andersen," Red label tea - 1.20, Regular Hot chocolate - 2.20, Large Flavoured hot chocolate - Caramel - 2.90,  Speciality Tea - Peppermint - 1.30, Regular Chai latte - 2.30",9.90,CARD,2134236127170985
11/11/2020 14:57,Llangefni,Felix Christiansen," Speciality Tea - Camomile - 1.30, Large Luxury hot chocolate - 2.70,  Flavoured iced latte - Caramel - 2.75,  Flat white - 2.15,  Iced latte - 2.35",11.25,CARD,73809054321965
11/11/2020 15:00,Llangefni,Wilma Howell,"Regular Flavoured latte - Caramel - 2.55,  Speciality Tea - Camomile - 1.30, Large Flavoured hot chocolate - Caramel - 2.90, Large Flavoured latte - Hazelnut - 2.85",9.60,CARD,0130115120317390
11/11/2020 15:00,Llangefni,Jacob Reed," Speciality Tea - Earl Grey - 1.30,  Speciality Tea - Camomile - 1.30,  Flavoured iced latte - Vanilla - 2.75, Regular Flavoured hot chocolate - Vanilla - 2.60",7.95,CARD,09076036964376199
11/11/2020 15:01,Llangefni,Joey Montgomery," Speciality Tea - English breakfast - 1.30, Large Espresso - 1.80,  Speciality Tea - Camomile - 1.30,  Babyccino - 0.00",4.40,CARD,7690451843105436
11/11/2020 15:02,Llangefni,Poppy Jackson," Red label tea - 1.20,  Mocha - 2.30, Large Latte - 2.45",5.95,CASH,
11/11/2020 15:03,Llangefni,Ruben Byrd," Speciality Tea - Darjeeling - 1.30",1.30,CASH,
11/11/2020 15:03,Llangefni,Sofia Weberg," Mocha - 2.30",2.30,CARD,0693451095062876
11/11/2020 15:04,Llangefni,Victoria Santos," Frappes - Chocolate Cookie - 2.75,  Speciality Tea - English breakfast - 1.30, Large Flavoured latte - Caramel - 2.85",6.90,CASH,
11/11/2020 15:05,Llangefni,Glenda Burns," Red label tea - 1.20,  Red label tea - 1.20",2.40,CARD,6011352095356953
11/11/2020 15:05,Llangefni,Alex Martin," Mocha - 2.30, Regular Flavoured latte - Vanilla - 2.55",4.85,CASH,
11/11/2020 15:06,Llangefni,Erin Pearson,"Large Flavoured hot chocolate - Hazelnut - 2.90, Large Chai latte - 2.60",5.50,CASH,
11/11/2020 15:07,Llangefni,Jenny Gonzalez," Mocha - 2.30",2.30,CARD,6011029659510370
11/11/2020 15:08,Llangefni,Dennis Brooks," Flavoured iced latte - Caramel - 2.75, Large Hot chocolate - 2.90,  Frappes - Chocolate Cookie - 2.75,  Frappes - Coffee - 2.75,  Iced latte - 2.35",13.50,CASH,
11/11/2020 15:08,Llangefni,Emmy Roussel," Speciality Tea - Fruit - 1.30,  Cortado - 2.05,  Mocha - 2.30, Regular Espresso - 1.50",7.15,CARD,55991573167459394
11/11/2020 15:09,Llangefni,Jeffrey Warren,"Large Flavoured hot chocolate - Hazelnut - 2.90",2.90,CASH,
11/11/2020 15:10,Llangefni,Honorato Nascimento,"Large Latte - 2.45,  Speciality Tea - Darjeeling - 1.30, Regular Filter coffee - 1.50, Large Latte - 2.45",7.70,CARD,6011007606088458
11/11/2020 15:10,Llangefni,Molly Hayes,"Large Flavoured latte - Vanilla - 2.85,  Speciality Tea - Peppermint - 1.30, Large Latte - 2.45, Regular Chai latte - 2.30",8.90,CARD,8754879737584722
11/11/2020 15:11,Llangefni,Julie Elliott,"Regular Flavoured hot chocolate - Hazelnut - 2.60,  Glass of milk - 0.70,  Hot chocolate - 1.40,  Frappes - Coffee - 2.75,  Mocha - 2.30",9.75,CARD,025614990461144
11/11/2020 15:12,Llangefni,Bruce Nelson,"Regular Luxury hot chocolate - 2.40,  Glass of milk - 0.70,  Cortado - 2.05, Large Flavoured latte - Gingerbread - 2.85,  Smoothies - Berry Beautiful - 2.00",10.00,CARD,8651350455681418
11/11/2020 15:13,Llangefni,Noelia Delgado," Hot chocolate - 1.40,  Frappes - Coffee - 2.75, Large Flavoured latte - Caramel - 2.85,  Speciality Tea - English breakfast - 1.30,  Smoothies - Glowing Greens - 2.00",10.30,CASH,
11/11/2020 15:13,Llangefni,Caterina Pongratz," Speciality Tea - English breakfast - 1.30, Large Filter coffee - 1.80, Regular Flavoured latte - Hazelnut - 2.55",5.65,CARD,6335439144147199
11/11/2020 15:14,Llangefni,Sybille Arnaud," Mocha - 2.30,  Flavoured iced latte - Caramel - 2.75,  Smoothies - Berry Beautiful - 2.00,  Cortado - 2.05",9.10,CARD,671729750178922
11/11/2020 15:15,Llangefni,Bernadete Monteiro,"Regular Flavoured hot chocolate - Vanilla - 2.60, Regular Filter coffee - 1.50,  Speciality Tea - English breakfast - 1.30, Large Flavoured hot chocolate - Hazelnut - 2.90, Regular Flavoured latte - Hazelnut - 2.55",10.85,CARD,7071934405316802
11/11/2020 15:16,Llangefni,Alexander Park,"Regular Filter coffee - 1.50,  Frappes - Coffee - 2.75,  Glass of milk - 0.70, Regular Americano - 1.95, Large Hot chocolate - 2.90",9.80,CARD,1758692349301
11/11/2020 15:16,Llangefni,Oliveiros Ramos,"Regular Espresso - 1.50, Regular Hot chocolate - 2.20,  Speciality Tea - Earl Grey - 1.30",5.00,CASH,
11/11/2020 15:17,Llangefni,June Gregory," Iced americano - 2.15",2.15,CASH,
11/11/2020 15:18,Llangefni,Amparo Prieto," Speciality Tea - Peppermint - 1.30, Regular Flavoured latte - Caramel - 2.55",3.85,CARD,38980910617229571
11/11/2020 15:18,Llangefni,Evie Martin,"Regular Flavoured latte - Caramel - 2.55",2.55,CARD,7159687997699530
11/11/2020 15:19,Llangefni,Zackary Gill," Flavoured iced latte - Caramel - 2.75,  Speciality Tea - Fruit - 1.30,  Speciality Tea - English breakfast - 1.30,  Frappes - Strawberries & Cream - 2.75,  Frappes - Chocolate Cookie - 2.75",10.85,CASH,
11/11/2020 15:20,Llangefni,Anna Madsen," Flavoured iced latte - Hazelnut - 2.75, Regular Americano - 1.95,  Flavoured iced latte - Hazelnut - 2.75, Regular Flavoured latte - Hazelnut - 2.55,  Frappes - Coffee - 2.75",12.75,CARD,413815138618875
11/11/2020 15:21,Llangefni,Mae Rousseau,"Large Filter coffee - 1.80,  Speciality Tea - Earl Grey - 1.30,  Mocha - 2.30,  Smoothies - Berry Beautiful - 2.00,  Flavoured iced latte - Hazelnut - 2.75",10.15,CASH,
11/11/2020 15:21,Llangefni,Paolo Clement,"Large Flavoured latte - Vanilla - 2.85, Large Flavoured latte - Gingerbread - 2.85,  Flavoured iced latte - Hazelnut - 2.75,  Smoothies - Glowing Greens - 2.00",10.45,CARD,6011342226177774
11/11/2020 15:22,Llangefni,Giorgio Held," Frappes - Chocolate Cookie - 2.75",2.75,CARD,6011405202068510
11/11/2020 15:23,Llangefni,Nikolaj Nielsen," Red label tea - 1.20,  Cortado - 2.05,  Flavoured iced latte - Caramel - 2.75, Regular Cappuccino - 2.15,  Mocha - 2.30",10.45,CARD,69567602044504850
11/11/2020 15:24,Llangefni,Emeline Picard,"Large Filter coffee - 1.80,  Glass of milk - 0.70",2.50,CARD,3123967137015083
11/11/2020 15:24,Llangefni,Owen Blanchard," Speciality Tea - Darjeeling - 1.30,  Mocha - 2.30,  Speciality Tea - Peppermint - 1.30,  Speciality Tea - Camomile - 1.30",6.20,CASH,
11/11/2020 15:25,Llangefni,Daniel Juntunen," Iced latte - 2.35",2.35,CARD,4581453271159
11/11/2020 15:26,Llangefni,Teresa Hudson," Speciality Tea - Darjeeling - 1.30,  Iced latte - 2.35, Large Flavoured latte - Vanilla - 2.85, Regular Flavoured hot chocolate - Vanilla - 2.60",9.10,CARD,7964225424322704
11/11/2020 15:26,Llangefni,Yonna Kuin," Cortado - 2.05,  Flavoured iced latte - Hazelnut - 2.75,  Frappes - Strawberries & Cream - 2.75",7.55,CASH,
11/11/2020 15:27,Llangefni,Archer Walker," Babyccino - 0.00, Large Filter coffee - 1.80",1.80,CARD,0234506386795768
11/11/2020 15:28,Llangefni,Marcia Sanchez," Flavoured iced latte - Caramel - 2.75, Large Americano - 2.25, Large Flavoured latte - Gingerbread - 2.85",7.85,CARD,6011450578830775
11/11/2020 15:29,Llangefni,Rahul Bannink,"Regular Americano - 1.95",1.95,CASH,
11/11/2020 15:29,Llangefni,Sofia Jones," Flavoured iced latte - Caramel - 2.75, Large Flavoured latte - Caramel - 2.85, Large Flavoured hot chocolate - Hazelnut - 2.90,  Cortado - 2.05",10.55,CARD,8960119710522729
11/11/2020 15:30,Llangefni,Aaron Lee," Speciality Tea - Green - 1.30,  Speciality Tea - Camomile - 1.30, Regular Chai latte - 2.30,  Iced americano - 2.15",7.05,CASH,
11/11/2020 15:31,Llangefni,Encarnacion Morales," Speciality Tea - Darjeeling - 1.30, Large Flavoured latte - Gingerbread - 2.85",4.15,CARD,9902448753952861
11/11/2020 15:31,Llangefni,Jesse Wuori," Mocha - 2.30,  Speciality Tea - English breakfast - 1.30",3.60,CARD,6011046142353616
11/11/2020 15:32,Llangefni,Luis Hicks,"Regular Flavoured latte - Hazelnut - 2.55,  Speciality Tea - Camomile - 1.30,  Hot chocolate - 1.40, Large Luxury hot chocolate - 2.70",7.95,CARD,8813147873102112
11/11/2020 15:33,Llangefni,Emile Andersen,"Regular Flavoured hot chocolate - Caramel - 2.60, Regular Flavoured latte - Caramel - 2.55,  Speciality Tea - English breakfast - 1.30, Regular Luxury hot chocolate - 2.40, Regular Flavoured hot chocolate - Hazelnut - 2.60",11.45,CARD,6011221682865929
11/11/2020 15:34,Llangefni,Kaylee Cook," Frappes - Chocolate Cookie - 2.75",2.75,CARD,5193733817169
11/11/2020 15:34,Llangefni,Kristina Martin," Mocha - 2.30",2.30,CASH,
11/11/2020 15:35,Llangefni,Michael Vasquez," Speciality Tea - Camomile - 1.30",1.30,CARD,0198371040913078
11/11/2020 15:36,Llangefni,Arthur Brown," Mocha - 2.30",2.30,CARD,302601137175361
11/11/2020 15:37,Llangefni,Caleb Knight," Speciality Tea - Green - 1.30,  Speciality Tea - Darjeeling - 1.30,  Speciality Tea - Camomile - 1.30",3.90,CARD,57149104318849
11/11/2020 15:37,Llangefni,Ivan Villanger,"Large Flavoured latte - Hazelnut - 2.85",2.85,CASH,
11/11/2020 15:38,Llangefni,Dan Carter,"Regular Flavoured hot chocolate - Caramel - 2.60,  Frappes - Chocolate Cookie - 2.75",5.35,CARD,5023203545738203
11/11/2020 15:39,Llangefni,Laura Jensen,"Large Flavoured hot chocolate - Vanilla - 2.90,  Frappes - Coffee - 2.75,  Smoothies - Berry Beautiful - 2.00,  Speciality Tea - English breakfast - 1.30,  Speciality Tea - Earl Grey - 1.30",10.25,CASH,
11/11/2020 15:39,Llangefni,Ted Owens," Mocha - 2.30,  Speciality Tea - Fruit - 1.30,  Frappes - Chocolate Cookie - 2.75",6.35,CASH,
11/11/2020 15:40,Llangefni,Summer Clarke,"Regular Flavoured hot chocolate - Caramel - 2.60",2.60,CASH,
11/11/2020 15:41,Llangefni,Emily Clark," Smoothies - Glowing Greens - 2.00,  Babyccino - 0.00,  Frappes - Chocolate Cookie - 2.75,  Smoothies - Carrot Kick - 2.00, Large Hot chocolate - 2.90",9.65,CASH,
11/11/2020 15:42,Llangefni,Eliot Henry,"Regular Flavoured hot chocolate - Caramel - 2.60,  Mocha - 2.30,  Cortado - 2.05",6.95,CASH,
11/11/2020 15:42,Llangefni,Georgia Turner," Mocha - 2.30",2.30,CASH,
11/11/2020 15:43,Llangefni,Amanda Luoma," Mocha - 2.30,  Flavoured iced latte - Caramel - 2.75, Large Espresso - 1.80,  Speciality Tea - Earl Grey - 1.30, Large Flavoured hot chocolate - Caramel - 2.90",11.05,CARD,9152640754702452
11/11/2020 15:44,Llangefni,Enzo Renard," Cortado - 2.05,  Mocha - 2.30, Regular Flavoured latte - Gingerbread - 2.55,  Iced latte - 2.35,  Mocha - 2.30",11.55,CARD,6011965509136583
11/11/2020 15:44,Llangefni,Margot Moulin,"Regular Filter coffee - 1.50",1.50,CARD,6011635197187607
11/11/2020 15:45,Llangefni,Kerttu Moilanen," Speciality Tea - Camomile - 1.30,  Flavoured iced latte - Vanilla - 2.75",4.05,CASH,
11/11/2020 15:46,Llangefni,Dominik Eek," Flavoured iced latte - Hazelnut - 2.75,  Flavoured iced latte - Vanilla - 2.75,  Cortado - 2.05",7.55,CARD,2549740635038831
11/11/2020 15:47,Llangefni,Alexis Prescott,"Large Flavoured hot chocolate - Caramel - 2.90",2.90,CARD,9494362670733162
11/11/2020 15:47,Llangefni,Luuk Oliemans," Speciality Tea - Darjeeling - 1.30, Regular Chai latte - 2.30, Regular Flavoured hot chocolate - Vanilla - 2.60,  Babyccino - 0.00, Regular Flavoured latte - Caramel - 2.55",8.75,CARD,5740219079170572
11/11/2020 15:48,Llangefni,Manon Marchand," Frappes - Strawberries & Cream - 2.75, Large Flavoured hot chocolate - Caramel - 2.90, Large Americano - 2.25",7.90,CASH,
11/11/2020 15:49,Llangefni,Salvador Murray,"Regular Chai latte - 2.30,  Smoothies - Glowing Greens - 2.00",4.30,CARD,572393754511354
11/11/2020 15:50,Llangefni,Baptiste Garcia," Speciality Tea - Peppermint - 1.30, Regular Flavoured hot chocolate - Hazelnut - 2.60, Regular Hot chocolate - 2.20,  Flat white - 2.15",8.25,CARD,1997219124461
11/11/2020 15:50,Llangefni,Alex Walters," Smoothies - Glowing Greens - 2.00, Regular Cappuccino - 2.15, Regular Luxury hot chocolate - 2.40, Large Hot chocolate - 2.90,  Speciality Tea - Camomile - 1.30",10.75,CARD,565852343246504
11/11/2020 15:51,Llangefni,Jayden Williams,"Regular Filter coffee - 1.50",1.50,CARD,52446237932145957
11/11/2020 15:52,Llangefni,Minttu Huotari," Mocha - 2.30",2.30,CARD,6011832659635285
11/11/2020 15:52,Llangefni,Maja Hansen," Cortado - 2.05,  Speciality Tea - Camomile - 1.30",3.35,CARD,9412596491022445
11/11/2020 15:53,Llangefni,Torben Ramsvik,"Regular Flavoured hot chocolate - Caramel - 2.60, Large Flavoured latte - Vanilla - 2.85,  Smoothies - Carrot Kick - 2.00",7.45,CARD,404758441799083
11/11/2020 15:54,Llangefni,Falviana Lopes," Red label tea - 1.20, Regular Luxury hot chocolate - 2.40,  Speciality Tea - Green - 1.30,  Speciality Tea - Fruit - 1.30, Large Flavoured latte - Gingerbread - 2.85",9.05,CASH,
11/11/2020 15:55,Llangefni,Charlotte Aubert," Speciality Tea - Camomile - 1.30,  Cortado - 2.05, Regular Flavoured latte - Hazelnut - 2.55",5.90,CASH,
11/11/2020 15:55,Llangefni,Alex Moore," Speciality Tea - Peppermint - 1.30",1.30,CASH,
11/11/2020 15:56,Llangefni,Andrea Boomkamp," Mocha - 2.30, Regular Flavoured hot chocolate - Vanilla - 2.60, Regular Flavoured latte - Caramel - 2.55, Regular Flavoured hot chocolate - Hazelnut - 2.60,  Flavoured iced latte - Hazelnut - 2.75",12.80,CARD,065538727928164
11/11/2020 15:57,Llangefni,Nicholas Vikan,"Regular Espresso - 1.50,  Hot chocolate - 1.40",2.90,CASH,
11/11/2020 15:57,Llangefni,Philip Anderson,"Regular Americano - 1.95",1.95,CARD,9291326037535449
11/11/2020 15:58,Llangefni,Storm Larsen," Mocha - 2.30,  Hot chocolate - 1.40,  Flavoured iced latte - Vanilla - 2.75,  Flavoured iced latte - Hazelnut - 2.75",9.20,CARD,407223259959264
11/11/2020 15:59,Llangefni,Caleb Davies," Frappes - Chocolate Cookie - 2.75, Regular Hot chocolate - 2.20",4.95,CARD,5545158828274211
11/11/2020 16:00,Llangefni,Gabe Gordon," Flavoured iced latte - Vanilla - 2.75, Large Chai latte - 2.60, Large Americano - 2.25,  Babyccino - 0.00,  Smoothies - Carrot Kick - 2.00",9.60,CARD,46421757846665
11/11/2020 16:02,Llangefni,Gertrud Duval," Frappes - Chocolate Cookie - 2.75, Large Flavoured latte - Vanilla - 2.85,  Flat white - 2.15,  Iced americano - 2.15,  Flavoured iced latte - Vanilla - 2.75",12.65,CARD,6011394740055592
11/11/2020 16:04,Llangefni,Ivan Jimenez," Speciality Tea - Fruit - 1.30,  Flavoured iced latte - Vanilla - 2.75,  Iced americano - 2.15, Regular Espresso - 1.50",7.70,CARD,3090046964589
11/11/2020 16:07,Llangefni,Julia Slawa," Speciality Tea - Peppermint - 1.30, Regular Latte - 2.15,  Speciality Tea - English breakfast - 1.30,  Speciality Tea - English breakfast - 1.30",6.05,CASH,
11/11/2020 16:09,Llangefni,Beatrice Masson," Smoothies - Glowing Greens - 2.00, Regular Latte - 2.15",4.15,CARD,130428113078137
11/11/2020 16:11,Llangefni,Art Peterson," Speciality Tea - Green - 1.30, Large Flavoured latte - Hazelnut - 2.85",4.15,CASH,
11/11/2020 16:13,Llangefni,Emanuele Guerin," Frappes - Coffee - 2.75,  Flavoured iced latte - Vanilla - 2.75, Regular Flavoured latte - Hazelnut - 2.55,  Speciality Tea - Fruit - 1.30",9.35,CARD,22834297231551552
11/11/2020 16:16,Llangefni,Benedikte Stavik," Speciality Tea - Fruit - 1.30,  Mocha - 2.30",3.60,CASH,
11/11/2020 16:18,Llangefni,Randy Russell," Hot chocolate - 1.40",1.40,CASH,
11/11/2020 16:20,Llangefni,Aneita Silva," Cortado - 2.05, Regular Flavoured latte - Vanilla - 2.55",4.60,CASH,
11/11/2020 16:23,Llangefni,Willelmina Nunes," Frappes - Chocolate Cookie - 2.75, Regular Flavoured latte - Gingerbread - 2.55, Regular Filter coffee - 1.50,  Frappes - Coffee - 2.75",9.55,CARD,935374815681301
11/11/2020 16:25,Llangefni,Perry Ryan," Frappes - Coffee - 2.75,  Frappes - Strawberries & Cream - 2.75,  Flavoured iced latte - Hazelnut - 2.75,  Iced americano - 2.15,  Speciality Tea - Camomile - 1.30",11.70,CARD,5861244021772
11/11/2020 16:27,Llangefni,Barbara Wright,"Regular Americano - 1.95,  Iced latte - 2.35, Large Americano - 2.25",6.55,CASH,
11/11/2020 16:30,Llangefni,Carter Pelletier," Frappes - Coffee - 2.75,  Iced latte - 2.35",5.10,CASH,
11/11/2020 16:32,Llangefni,Juliette Young," Mocha - 2.30, Large Hot chocolate - 2.90,  Speciality Tea - Camomile - 1.30,  Smoothies - Carrot Kick - 2.00",8.50,CASH,
11/11/2020 16:34,Llangefni,Leah Matthews,"Regular Cappuccino - 2.15, Large Flavoured hot chocolate - Hazelnut - 2.90",5.05,CASH,
11/11/2020 16:37,Llangefni,Addison Claire," Speciality Tea - Camomile - 1.30, Large Flavoured hot chocolate - Caramel - 2.90",4.20,CARD,6750846050565
11/11/2020 16:39,Llangefni,Victor Rojas,"Regular Flavoured latte - Gingerbread - 2.55, Large Latte - 2.45,  Flat white - 2.15",7.15,CARD,4570272032027
11/11/2020 16:41,Llangefni,Emily Nielsen," Flavoured iced latte - Vanilla - 2.75, Regular Latte - 2.15,  Flavoured iced latte - Vanilla - 2.75,  Frappes - Strawberries & Cream - 2.75",10.40,CARD,1178375083970330
11/11/2020 16:43,Llangefni,Larry Davies,"Regular Flavoured hot chocolate - Caramel - 2.60,  Flavoured iced latte - Vanilla - 2.75",5.35,CARD,583433082732741
11/11/2020 16:46,Llangefni,Elli Pesola,"Large Chai latte - 2.60, Regular Latte - 2.15,  Flat white - 2.15,  Speciality Tea - Green - 1.30,  Flavoured iced latte - Caramel - 2.75",10.95,CARD,6011290967081829
11/11/2020 16:48,Llangefni,Jimi Lahti," Babyccino - 0.00,  Babyccino - 0.00, Large Flavoured latte - Vanilla - 2.85, Regular Flavoured hot chocolate - Caramel - 2.60",5.45,CARD,6011265140388415
11/11/2020 16:50,Llangefni,Adelina Duarte," Flavoured iced latte - Caramel - 2.75,  Speciality Tea - English breakfast - 1.30,  Mocha - 2.30",6.35,CARD,3799355864705
11/11/2020 16:53,Llangefni,Charlie Denys," Frappes - Coffee - 2.75,  Iced latte - 2.35",5.10,CASH,
11/11/2020 16:55,Llangefni,Goda Busch," Frappes - Coffee - 2.75,  Mocha - 2.30,  Mocha - 2.30",7.35,CARD,0002287964206
11/11/2020 16:57,Llangefni,Walter Gruijters,"Large Flavoured hot chocolate - Vanilla - 2.90",2.90,CARD,8850376562892577
