11/11/2020 08:10,Merthyr Tudful,Jesper Langli," Flat white - 2.15, Regular Flavoured latte - Caramel - 2.55, Large Flavoured latte - Vanilla - 2.85",7.55,CARD,8400396831841073
11/11/2020 08:12,Merthyr Tudful,Adam Shelton," Frappes - Strawberries & Cream - 2.75,  Flavoured iced latte - Vanilla - 2.75,  Speciality Tea - Fruit - 1.30,  Smoothies - Glowing Greens - 2.00",8.80,CASH,
11/11/2020 08:14,Merthyr Tudful,Asuncion Diez," Cortado - 2.05",2.05,CARD,04519565202123325
11/11/2020 08:16,Merthyr Tudful,Alain Nguyen," Frappes - Strawberries & Cream - 2.75, Large Latte - 2.45,  Speciality Tea - English breakfast - 1.30,  Cortado - 2.05",8.55,CASH,
11/11/2020 08:19,Merthyr Tudful,Okan Abanuz," Speciality Tea - Earl Grey - 1.30, Regular Latte - 2.15,  Glass of milk - 0.70",4.15,CARD,2192040678533
11/11/2020 08:21,Merthyr Tudful,Darrell Vargas," Mocha - 2.30, Large Flavoured hot chocolate - Hazelnut - 2.90",5.20,CARD,8331203327708300
11/11/2020 08:23,Merthyr Tudful,Nolan Wade," Speciality Tea - Camomile - 1.30",1.30,CASH,
11/11/2020 08:26,Merthyr Tudful,Amin Barmen,"Large Flavoured latte - Hazelnut - 2.85,  Red label tea - 1.20",4.05,CARD,6011814731322724
11/11/2020 08:28,Merthyr Tudful,Freja Olsen," Red label tea - 1.20,  Flavoured iced latte - Vanilla - 2.75, Regular Flavoured hot chocolate - Vanilla - 2.60",6.55,CARD,1637064647927903
11/11/2020 08:30,Merthyr Tudful,Capucine Perrin,"Regular Flavoured latte - Gingerbread - 2.55",2.55,CASH,
11/11/2020 08:33,Merthyr Tudful,Francine Oliveira," Red label tea - 1.20, Regular Flavoured latte - Caramel - 2.55,  Iced latte - 2.35,  Speciality Tea - Earl Grey - 1.30",7.40,CASH,
11/11/2020 08:35,Merthyr Tudful,Glen James,"Large Flavoured hot chocolate - Hazelnut - 2.90,  Red label tea - 1.20, Large Espresso - 1.80,  Mocha - 2.30",8.20,CASH,
11/11/2020 08:37,Merthyr Tudful,Lotta Lampinen," Frappes - Chocolate Cookie - 2.75,  Speciality Tea - Camomile - 1.30, Large Filter coffee - 1.80",5.85,CASH,
11/11/2020 08:40,Merthyr Tudful,Elaine Howell," Speciality Tea - Green - 1.30,  Cortado - 2.05,  Red label tea - 1.20, Large Filter coffee - 1.80, Regular Cappuccino - 2.15",8.50,CARD,6011269907953946
11/11/2020 08:42,Merthyr Tudful,Darlene Perez," Flavoured iced latte - Vanilla - 2.75,  Mocha - 2.30",5.05,CASH,
11/11/2020 08:44,Merthyr Tudful,Isabella Margaret," Speciality Tea - Darjeeling - 1.30",1.30,CASH,
11/11/2020 08:46,Merthyr Tudful,Blake Peterson," Smoothies - Glowing Greens - 2.00,  Speciality Tea - Darjeeling - 1.30",3.30,CARD,6633428564194031
11/11/2020 08:49,Merthyr Tudful,Sofia Mora," Frappes - Strawberries & Cream - 2.75,  Mocha - 2.30,  Mocha - 2.30,  Hot chocolate - 1.40",8.75,CARD,7565025478548325
11/11/2020 08:51,Merthyr Tudful,Megan Diaz," Hot chocolate - 1.40, Regular Flavoured hot chocolate - Hazelnut - 2.60,  Mocha - 2.30,  Frappes - Coffee - 2.75",9.05,CARD,6011344171748125
11/11/2020 08:53,Merthyr Tudful,Michael Howell,"Large Flavoured hot chocolate - Hazelnut - 2.90, Large Flavoured latte - Gingerbread - 2.85, Large Flavoured latte - Caramel - 2.85,  Speciality Tea - English breakfast - 1.30",9.90,CASH,
11/11/2020 08:56,Merthyr Tudful,Nicolas Pascual," Speciality Tea - Camomile - 1.30",1.30,CARD,1323093795521
11/11/2020 08:58,Merthyr Tudful,Laura Berger,"Large Flavoured hot chocolate - Hazelnut - 2.90,  Flavoured iced latte - Vanilla - 2.75, Regular Flavoured latte - Hazelnut - 2.55",8.20,CASH,
11/11/2020 09:00,Merthyr Tudful,Bryan Rivera," Frappes - Coffee - 2.75,  Red label tea - 1.20,  Flavoured iced latte - Caramel - 2.75,  Glass of milk - 0.70,  Babyccino - 0.00",7.40,CARD,2780320571244066
11/11/2020 09:01,Merthyr Tudful,Oscar Lopez," Mocha - 2.30, Regular Espresso - 1.50,  Frappes - Strawberries & Cream - 2.75, Large Filter coffee - 1.80,  Smoothies - Carrot Kick - 2.00",10.35,CASH,
11/11/2020 09:01,Merthyr Tudful,Johanna Ryland,"Regular Filter coffee - 1.50,  Red label tea - 1.20,  Mocha - 2.30, Regular Luxury hot chocolate - 2.40",7.40,CASH,
11/11/2020 09:02,Merthyr Tudful,Jacob Brown," Babyccino - 0.00,  Mocha - 2.30,  Iced americano - 2.15, Large Flavoured hot chocolate - Caramel - 2.90",7.35,CARD,6011179066455572
11/11/2020 09:02,Merthyr Tudful,Augusta Westbye," Cortado - 2.05,  Speciality Tea - Darjeeling - 1.30, Large Flavoured latte - Gingerbread - 2.85,  Glass of milk - 0.70, Large Luxury hot chocolate - 2.70",9.60,CASH,
11/11/2020 09:03,Merthyr Tudful,Oona Jarvela,"Large Latte - 2.45,  Speciality Tea - Darjeeling - 1.30,  Smoothies - Glowing Greens - 2.00,  Flavoured iced latte - Vanilla - 2.75,  Mocha - 2.30",10.80,CASH,
11/11/2020 09:03,Merthyr Tudful,Vanessa Patterson,"Regular Flavoured hot chocolate - Vanilla - 2.60,  Speciality Tea - Earl Grey - 1.30",3.90,CARD,7800570272518193
11/11/2020 09:04,Merthyr Tudful,Michael Girard," Speciality Tea - Darjeeling - 1.30",1.30,CASH,
11/11/2020 09:04,Merthyr Tudful,Austin Weaver," Frappes - Coffee - 2.75, Regular Flavoured hot chocolate - Vanilla - 2.60",5.35,CARD,158686249256242
11/11/2020 09:05,Merthyr Tudful,Florence Pelletier," Speciality Tea - Darjeeling - 1.30,  Smoothies - Carrot Kick - 2.00, Regular Americano - 1.95, Large Flavoured latte - Vanilla - 2.85, Large Latte - 2.45",10.55,CASH,
11/11/2020 09:05,Merthyr Tudful,Tessa Rodriguez," Smoothies - Berry Beautiful - 2.00, Large Flavoured latte - Hazelnut - 2.85,  Flavoured iced latte - Caramel - 2.75, Regular Flavoured latte - Hazelnut - 2.55",10.15,CARD,7821116032882636
11/11/2020 09:06,Merthyr Tudful,Valtteri Ylitalo," Speciality Tea - Earl Grey - 1.30,  Speciality Tea - Earl Grey - 1.30,  Cortado - 2.05,  Red label tea - 1.20,  Speciality Tea - Camomile - 1.30",7.15,CARD,6028951499470759
11/11/2020 09:06,Merthyr Tudful,Salvador Lopez," Speciality Tea - Fruit - 1.30,  Flavoured iced latte - Caramel - 2.75, Regular Flavoured hot chocolate - Hazelnut - 2.60, Regular Hot chocolate - 2.20, Large Flavoured latte - Hazelnut - 2.85",11.70,CASH,
11/11/2020 09:07,Merthyr Tudful,Hilla Huhtala,"Regular Flavoured latte - Hazelnut - 2.55,  Smoothies - Berry Beautiful - 2.00,  Iced americano - 2.15, Large Cappuccino - 2.45",9.15,CASH,
11/11/2020 09:07,Merthyr Tudful,Jose Flores," Red label tea - 1.20, Large Flavoured latte - Gingerbread - 2.85, Regular Chai latte - 2.30, Regular Flavoured latte - Hazelnut - 2.55, Large Flavoured hot chocolate - Vanilla - 2.90",11.80,CARD,7428927182111
11/11/2020 09:08,Merthyr Tudful,Debora Faure," Glass of milk - 0.70,  Flavoured iced latte - Caramel - 2.75,  Flavoured iced latte - Caramel - 2.75",6.20,CARD,7809810340606
11/11/2020 09:08,Merthyr Tudful,Rich Wallace," Smoothies - Carrot Kick - 2.00",2.00,CARD,7100139009442449
11/11/2020 09:09,Merthyr Tudful,Sandro Gautier," Speciality Tea - English breakfast - 1.30,  Speciality Tea - Camomile - 1.30,  Flavoured iced latte - Vanilla - 2.75, Large Hot chocolate - 2.90,  Cortado - 2.05",10.30,CARD,6011982304880852
11/11/2020 09:09,Merthyr Tudful,Aymeric Bernard," Speciality Tea - Darjeeling - 1.30,  Cortado - 2.05,  Speciality Tea - Camomile - 1.30",4.65,CASH,
11/11/2020 09:10,Merthyr Tudful,Brooklyn Walker," Frappes - Coffee - 2.75,  Speciality Tea - Darjeeling - 1.30,  Red label tea - 1.20,  Hot chocolate - 1.40,  Smoothies - Glowing Greens - 2.00",8.65,CARD,2682747924879
11/11/2020 09:10,Merthyr Tudful,Brooke Garza," Speciality Tea - Darjeeling - 1.30,  Speciality Tea - Earl Grey - 1.30,  Frappes - Chocolate Cookie - 2.75",5.35,CARD,6011212341793114
11/11/2020 09:11,Merthyr Tudful,Jurn Boontjes," Mocha - 2.30,  Babyccino - 0.00",2.30,CARD,6011312003401318
11/11/2020 09:11,Merthyr Tudful,Maddison Grant," Speciality Tea - English breakfast - 1.30, Large Flavoured latte - Vanilla - 2.85, Regular Flavoured latte - Caramel - 2.55,  Flavoured iced latte - Hazelnut - 2.75",9.45,CASH,
11/11/2020 09:12,Merthyr Tudful,Yanis Bernard,"Regular Filter coffee - 1.50",1.50,CARD,6011427698445588
11/11/2020 09:12,Merthyr Tudful,Sylviane Petit,"Large Flavoured latte - Vanilla - 2.85,  Speciality Tea - Green - 1.30, Large Cappuccino - 2.45, Regular Latte - 2.15",8.75,CARD,4435193436727
11/11/2020 09:13,Merthyr Tudful,Colin Hilbrink," Smoothies - Carrot Kick - 2.00",2.00,CARD,878208920893695
11/11/2020 09:13,Merthyr Tudful,Mads Larsen," Speciality Tea - Earl Grey - 1.30, Large Chai latte - 2.60",3.90,CASH,
11/11/2020 09:14,Merthyr Tudful,Ceylan Abadan," Frappes - Strawberries & Cream - 2.75, Regular Flavoured latte - Gingerbread - 2.55,  Frappes - Chocolate Cookie - 2.75,  Red label tea - 1.20,  Speciality Tea - Camomile - 1.30",10.55,CASH,
11/11/2020 09:15,Merthyr Tudful,Garcia Fernandes," Babyccino - 0.00, Large Flavoured latte - Hazelnut - 2.85,  Speciality Tea - Earl Grey - 1.30,  Speciality Tea - Earl Grey - 1.30,  Speciality Tea - Peppermint - 1.30",6.75,CARD,5656670881475051
11/11/2020 09:15,Merthyr Tudful,Luis Hale,"Regular Flavoured latte - Hazelnut - 2.55, Regular Flavoured latte - Hazelnut - 2.55, Regular Flavoured hot chocolate - Vanilla - 2.60",7.70,CARD,6990988185478821
11/11/2020 09:16,Merthyr Tudful,Lucas Singh," Cortado - 2.05, Large Flavoured hot chocolate - Vanilla - 2.90,  Frappes - Coffee - 2.75,  Flat white - 2.15, Regular Americano - 1.95",11.80,CASH,
11/11/2020 09:16,Merthyr Tudful,Tom Jordan,"Regular Filter coffee - 1.50,  Frappes - Coffee - 2.75,  Mocha - 2.30, Large Latte - 2.45, Large Hot chocolate - 2.90",11.90,CASH,
11/11/2020 09:17,Merthyr Tudful,Mason Gagnon," Glass of milk - 0.70,  Babyccino - 0.00",.70,CASH,
11/11/2020 09:17,Merthyr Tudful,Addison Ambrose," Speciality Tea - Earl Grey - 1.30,  Speciality Tea - Earl Grey - 1.30, Large Hot chocolate - 2.90",5.50,CARD,7866072148745484
11/11/2020 09:18,Merthyr Tudful,Oscar Petersen," Cortado - 2.05, Regular Flavoured latte - Gingerbread - 2.55",4.60,CASH,
11/11/2020 09:18,Merthyr Tudful,Rosalyn Elliott," Speciality Tea - Earl Grey - 1.30, Large Hot chocolate - 2.90",4.20,CARD,3536624654859438
11/11/2020 09:19,Merthyr Tudful,Kasper Pelto," Frappes - Coffee - 2.75",2.75,CARD,6011141496481041
11/11/2020 09:19,Merthyr Tudful,Diana Carr," Speciality Tea - Earl Grey - 1.30, Large Espresso - 1.80",3.10,CASH,
11/11/2020 09:20,Merthyr Tudful,Allie Griffin," Speciality Tea - Earl Grey - 1.30,  Babyccino - 0.00, Regular Flavoured latte - Hazelnut - 2.55, Large Flavoured hot chocolate - Hazelnut - 2.90, Large Luxury hot chocolate - 2.70",9.45,CASH,
11/11/2020 09:20,Merthyr Tudful,Hunter Harcourt," Flavoured iced latte - Vanilla - 2.75,  Cortado - 2.05, Large Flavoured latte - Hazelnut - 2.85, Large Flavoured hot chocolate - Hazelnut - 2.90, Regular Cappuccino - 2.15",12.70,CASH,
11/11/2020 09:21,Merthyr Tudful,Roxane Adam,"Regular Filter coffee - 1.50,  Mocha - 2.30",3.80,CASH,
11/11/2020 09:21,Merthyr Tudful,Camille Richard,"Regular Filter coffee - 1.50, Regular Latte - 2.15,  Flavoured iced latte - Vanilla - 2.75,  Cortado - 2.05,  Frappes - Strawberries & Cream - 2.75",11.20,CARD,949563773579299
11/11/2020 09:22,Merthyr Tudful,Julian Gonzalez," Speciality Tea - Green - 1.30, Large Filter coffee - 1.80",3.10,CARD,14337965510448640
11/11/2020 09:22,Merthyr Tudful,Dennis Hamilton,"Large Flavoured latte - Caramel - 2.85,  Speciality Tea - English breakfast - 1.30, Large Flavoured latte - Hazelnut - 2.85,  Smoothies - Berry Beautiful - 2.00, Regular Flavoured hot chocolate - Hazelnut - 2.60",11.60,CASH,
11/11/2020 09:23,Merthyr Tudful,Lise Louis,"Regular Filter coffee - 1.50,  Frappes - Strawberries & Cream - 2.75,  Speciality Tea - Camomile - 1.30,  Smoothies - Glowing Greens - 2.00",7.55,CARD,0122644051174250
11/11/2020 09:23,Merthyr Tudful,Sandra Wallace,"Regular Flavoured hot chocolate - Caramel - 2.60,  Iced americano - 2.15,  Flavoured iced latte - Vanilla - 2.75, Large Espresso - 1.80, Regular Flavoured hot chocolate - Caramel - 2.60",11.90,CARD,26742014752472
11/11/2020 09:24,Merthyr Tudful,Ella Bergeron," Frappes - Strawberries & Cream - 2.75,  Babyccino - 0.00",2.75,CASH,
11/11/2020 09:24,Merthyr Tudful,Nicky Mendoza," Smoothies - Glowing Greens - 2.00,  Flavoured iced latte - Caramel - 2.75,  Flat white - 2.15,  Cortado - 2.05, Regular Filter coffee - 1.50",10.45,CARD,370700915894781
11/11/2020 09:25,Merthyr Tudful,Priscilla Hart,"Regular Cappuccino - 2.15, Large Flavoured latte - Gingerbread - 2.85",5.00,CARD,1308999234728726
11/11/2020 09:25,Merthyr Tudful,Gema Iglesias," Speciality Tea - Earl Grey - 1.30,  Flavoured iced latte - Hazelnut - 2.75, Large Luxury hot chocolate - 2.70, Large Flavoured hot chocolate - Hazelnut - 2.90, Regular Flavoured latte - Vanilla - 2.55",12.20,CARD,7549144210039
11/11/2020 09:26,Merthyr Tudful,Eve Martinez,"Large Flavoured latte - Gingerbread - 2.85, Large Flavoured latte - Caramel - 2.85,  Flavoured iced latte - Caramel - 2.75, Large Americano - 2.25",10.70,CASH,
11/11/2020 09:26,Merthyr Tudful,Sofia Pettersson," Red label tea - 1.20, Regular Chai latte - 2.30,  Speciality Tea - Darjeeling - 1.30,  Frappes - Chocolate Cookie - 2.75",7.55,CASH,
11/11/2020 09:27,Merthyr Tudful,Kemal Stobbe,"Regular Filter coffee - 1.50, Regular Americano - 1.95, Regular Hot chocolate - 2.20,  Cortado - 2.05",7.70,CASH,
11/11/2020 09:27,Merthyr Tudful,Vemund Kjelsrud,"Regular Cappuccino - 2.15, Regular Flavoured latte - Gingerbread - 2.55, Regular Americano - 1.95,  Hot chocolate - 1.40, Regular Espresso - 1.50",9.55,CARD,6000409543042880
11/11/2020 09:28,Merthyr Tudful,Chiem Tuncer," Speciality Tea - Earl Grey - 1.30,  Speciality Tea - Fruit - 1.30",2.60,CARD,4275512143011
11/11/2020 09:28,Merthyr Tudful,Virgil Curtis," Cortado - 2.05,  Smoothies - Glowing Greens - 2.00,  Flavoured iced latte - Hazelnut - 2.75,  Speciality Tea - Earl Grey - 1.30",8.10,CARD,5194857524505145
11/11/2020 09:29,Merthyr Tudful,Katie May," Speciality Tea - Peppermint - 1.30, Regular Flavoured latte - Gingerbread - 2.55, Large Flavoured hot chocolate - Caramel - 2.90,  Frappes - Chocolate Cookie - 2.75",9.50,CARD,2057028460003004
11/11/2020 09:29,Merthyr Tudful,Jeremy Baer," Iced latte - 2.35, Large Chai latte - 2.60,  Frappes - Strawberries & Cream - 2.75,  Speciality Tea - Green - 1.30, Regular Flavoured hot chocolate - Vanilla - 2.60",11.60,CASH,
11/11/2020 09:30,Merthyr Tudful,Louise Howard," Cortado - 2.05,  Speciality Tea - English breakfast - 1.30",3.35,CARD,6011501582790441
11/11/2020 09:30,Merthyr Tudful,Melvin Schmitt," Smoothies - Glowing Greens - 2.00, Regular Flavoured latte - Hazelnut - 2.55,  Speciality Tea - Green - 1.30,  Mocha - 2.30, Large Flavoured latte - Hazelnut - 2.85",11.00,CASH,
11/11/2020 09:31,Merthyr Tudful,Kenan Fahri," Smoothies - Berry Beautiful - 2.00, Large Flavoured latte - Hazelnut - 2.85, Large Flavoured hot chocolate - Vanilla - 2.90",7.75,CASH,
11/11/2020 09:31,Merthyr Tudful,Ellen Green," Glass of milk - 0.70, Regular Flavoured latte - Gingerbread - 2.55,  Hot chocolate - 1.40,  Smoothies - Carrot Kick - 2.00",6.65,CASH,
11/11/2020 09:32,Merthyr Tudful,Alisa Kivisto," Speciality Tea - Earl Grey - 1.30,  Speciality Tea - Earl Grey - 1.30, Regular Latte - 2.15",4.75,CASH,
11/11/2020 09:32,Merthyr Tudful,Theo Sirko,"Large Espresso - 1.80",1.80,CARD,3363449796141244
11/11/2020 09:33,Merthyr Tudful,Henri Bohlen,"Large Espresso - 1.80,  Iced latte - 2.35,  Frappes - Coffee - 2.75,  Speciality Tea - Camomile - 1.30,  Speciality Tea - Darjeeling - 1.30",9.50,CASH,
11/11/2020 09:33,Merthyr Tudful,Alberto Terry," Flat white - 2.15,  Mocha - 2.30, Regular Filter coffee - 1.50,  Speciality Tea - Camomile - 1.30,  Cortado - 2.05",9.30,CASH,
11/11/2020 09:34,Merthyr Tudful,Efe Balaban," Speciality Tea - Earl Grey - 1.30, Large Chai latte - 2.60",3.90,CASH,
11/11/2020 09:34,Merthyr Tudful,Claude Terry," Babyccino - 0.00",.0,CASH,
11/11/2020 09:35,Merthyr Tudful,Fatma Toraman," Mocha - 2.30, Large Flavoured latte - Gingerbread - 2.85, Regular Flavoured latte - Vanilla - 2.55, Large Flavoured hot chocolate - Vanilla - 2.90",10.60,CASH,
11/11/2020 09:35,Merthyr Tudful,Guido Masson," Babyccino - 0.00,  Flavoured iced latte - Hazelnut - 2.75, Large Flavoured latte - Gingerbread - 2.85, Regular Flavoured latte - Caramel - 2.55, Large Hot chocolate - 2.90",11.05,CARD,9037252890303395
11/11/2020 09:36,Merthyr Tudful,Annabelle Hughes," Flat white - 2.15, Large Cappuccino - 2.45,  Speciality Tea - Earl Grey - 1.30",5.90,CARD,9305601354646394
11/11/2020 09:36,Merthyr Tudful,Eetu Niva," Iced americano - 2.15",2.15,CARD,600644439128308
11/11/2020 09:37,Merthyr Tudful,Arnaud Taylor," Frappes - Coffee - 2.75,  Hot chocolate - 1.40",4.15,CASH,
11/11/2020 09:37,Merthyr Tudful,Storm Christensen,"Regular Flavoured latte - Hazelnut - 2.55, Large Flavoured hot chocolate - Hazelnut - 2.90,  Speciality Tea - Camomile - 1.30,  Speciality Tea - English breakfast - 1.30,  Flat white - 2.15",10.20,CASH,
11/11/2020 09:38,Merthyr Tudful,Florence Walker,"Large Latte - 2.45, Large Hot chocolate - 2.90, Large Americano - 2.25,  Red label tea - 1.20,  Frappes - Strawberries & Cream - 2.75",11.55,CASH,
11/11/2020 09:38,Merthyr Tudful,Siiri Laakso," Hot chocolate - 1.40,  Babyccino - 0.00, Large Flavoured hot chocolate - Vanilla - 2.90",4.30,CARD,229776554314293
11/11/2020 09:39,Merthyr Tudful,Latife Adan," Speciality Tea - Earl Grey - 1.30",1.30,CASH,
11/11/2020 09:39,Merthyr Tudful,Mikael Kyllonen," Speciality Tea - Camomile - 1.30,  Mocha - 2.30",3.60,CASH,
11/11/2020 09:40,Merthyr Tudful,Noah Lucas," Frappes - Chocolate Cookie - 2.75,  Mocha - 2.30,  Smoothies - Carrot Kick - 2.00",7.05,CASH,
11/11/2020 09:40,Merthyr Tudful,Walter Cox," Cortado - 2.05,  Flat white - 2.15,  Speciality Tea - Earl Grey - 1.30",5.50,CARD,1391324479072599
11/11/2020 09:41,Merthyr Tudful,Jacob Chan," Glass of milk - 0.70",.70,CASH,
11/11/2020 09:41,Merthyr Tudful,Julia Keranen," Smoothies - Berry Beautiful - 2.00,  Speciality Tea - Camomile - 1.30, Regular Flavoured latte - Hazelnut - 2.55",5.85,CASH,
11/11/2020 09:42,Merthyr Tudful,Charline Dupuis," Speciality Tea - Peppermint - 1.30",1.30,CASH,
11/11/2020 09:42,Merthyr Tudful,Ella Harris," Iced latte - 2.35, Regular Flavoured hot chocolate - Hazelnut - 2.60,  Frappes - Coffee - 2.75,  Glass of milk - 0.70",8.40,CASH,
11/11/2020 09:43,Merthyr Tudful,Tobias Christensen," Flavoured iced latte - Caramel - 2.75,  Frappes - Chocolate Cookie - 2.75,  Speciality Tea - Camomile - 1.30, Regular Flavoured latte - Caramel - 2.55, Large Americano - 2.25",11.60,CASH,
11/11/2020 09:43,Merthyr Tudful,Rosano Porto,"Regular Flavoured latte - Vanilla - 2.55,  Speciality Tea - Darjeeling - 1.30",3.85,CARD,5804915639591491
11/11/2020 09:44,Merthyr Tudful,Oona Marttila," Flavoured iced latte - Caramel - 2.75",2.75,CASH,
11/11/2020 09:45,Merthyr Tudful,Susie Sales,"Large Flavoured latte - Gingerbread - 2.85,  Speciality Tea - English breakfast - 1.30",4.15,CASH,
11/11/2020 09:45,Merthyr Tudful,Kelly Smith," Speciality Tea - Darjeeling - 1.30,  Speciality Tea - Fruit - 1.30",2.60,CASH,
11/11/2020 09:46,Merthyr Tudful,Sharlene Morgan," Smoothies - Glowing Greens - 2.00, Large Flavoured hot chocolate - Vanilla - 2.90,  Glass of milk - 0.70, Large Americano - 2.25",7.85,CASH,
11/11/2020 09:46,Merthyr Tudful,Alexa Myers," Cortado - 2.05, Regular Flavoured hot chocolate - Hazelnut - 2.60,  Smoothies - Carrot Kick - 2.00, Large Flavoured hot chocolate - Caramel - 2.90",9.55,CASH,
11/11/2020 09:47,Merthyr Tudful,Gabriela Lemaire," Speciality Tea - Earl Grey - 1.30,  Speciality Tea - Earl Grey - 1.30,  Speciality Tea - English breakfast - 1.30",3.90,CASH,
11/11/2020 09:47,Merthyr Tudful,Mille Nielsen," Speciality Tea - Earl Grey - 1.30, Regular Latte - 2.15,  Speciality Tea - Darjeeling - 1.30,  Red label tea - 1.20, Regular Flavoured latte - Hazelnut - 2.55",8.50,CARD,3352277774097
11/11/2020 09:48,Merthyr Tudful,Aubrey Lam," Babyccino - 0.00,  Speciality Tea - Earl Grey - 1.30,  Speciality Tea - English breakfast - 1.30,  Flavoured iced latte - Hazelnut - 2.75",5.35,CARD,8355797725123
11/11/2020 09:48,Merthyr Tudful,Mira Wallner," Mocha - 2.30, Regular Espresso - 1.50,  Smoothies - Carrot Kick - 2.00,  Mocha - 2.30,  Speciality Tea - English breakfast - 1.30",9.40,CARD,163324084908812
11/11/2020 09:49,Merthyr Tudful,Sadie Johnson," Speciality Tea - Earl Grey - 1.30,  Cortado - 2.05,  Speciality Tea - Fruit - 1.30,  Cortado - 2.05",6.70,CASH,
11/11/2020 09:49,Merthyr Tudful,Marie Kristensen," Red label tea - 1.20, Large Chai latte - 2.60,  Flavoured iced latte - Vanilla - 2.75,  Flat white - 2.15, Large Flavoured latte - Hazelnut - 2.85",11.55,CARD,1680855752449224
11/11/2020 09:50,Merthyr Tudful,Luukas Niska," Glass of milk - 0.70,  Glass of milk - 0.70,  Smoothies - Glowing Greens - 2.00",3.40,CASH,
11/11/2020 09:50,Merthyr Tudful,Tracy Davies," Smoothies - Glowing Greens - 2.00, Regular Flavoured hot chocolate - Caramel - 2.60,  Smoothies - Glowing Greens - 2.00, Large Latte - 2.45",9.05,CASH,
11/11/2020 09:51,Merthyr Tudful,Kent Jordan,"Regular Flavoured latte - Hazelnut - 2.55,  Hot chocolate - 1.40",3.95,CASH,
11/11/2020 09:51,Merthyr Tudful,Oliver Margaret," Cortado - 2.05,  Red label tea - 1.20, Large Flavoured latte - Gingerbread - 2.85",6.10,CASH,
11/11/2020 09:52,Merthyr Tudful,Dylan Cooper,"Large Flavoured latte - Hazelnut - 2.85,  Mocha - 2.30,  Smoothies - Glowing Greens - 2.00",7.15,CARD,6011313658600672
11/11/2020 09:52,Merthyr Tudful,Maddison Mitchell," Speciality Tea - Fruit - 1.30,  Flavoured iced latte - Hazelnut - 2.75, Large Flavoured latte - Gingerbread - 2.85, Large Flavoured latte - Vanilla - 2.85,  Speciality Tea - Earl Grey - 1.30",11.05,CARD,691407705535757
11/11/2020 09:53,Merthyr Tudful,Julia Ward," Cortado - 2.05",2.05,CARD,1179318640524988
11/11/2020 09:53,Merthyr Tudful,Sofia Polon," Speciality Tea - Peppermint - 1.30, Large Chai latte - 2.60,  Frappes - Strawberries & Cream - 2.75",6.65,CASH,
11/11/2020 09:54,Merthyr Tudful,Tyler Roberts," Speciality Tea - Darjeeling - 1.30,  Babyccino - 0.00,  Babyccino - 0.00, Regular Chai latte - 2.30,  Mocha - 2.30",5.90,CASH,
11/11/2020 09:54,Merthyr Tudful,Maya Jimenez,"Regular Flavoured latte - Hazelnut - 2.55",2.55,CASH,
11/11/2020 09:55,Merthyr Tudful,Maritza Teixeira,"Regular Filter coffee - 1.50,  Glass of milk - 0.70,  Smoothies - Glowing Greens - 2.00",4.20,CARD,6011723991539845
11/11/2020 09:55,Merthyr Tudful,Veeti Koivisto,"Large Latte - 2.45, Regular Flavoured latte - Hazelnut - 2.55, Large Flavoured latte - Hazelnut - 2.85,  Red label tea - 1.20, Regular Flavoured latte - Hazelnut - 2.55",11.60,CARD,052991262070279
11/11/2020 09:56,Merthyr Tudful,Volkmar Waibel,"Large Flavoured latte - Hazelnut - 2.85, Regular Flavoured latte - Caramel - 2.55, Regular Flavoured hot chocolate - Caramel - 2.60,  Speciality Tea - Earl Grey - 1.30, Large Flavoured hot chocolate - Caramel - 2.90",12.20,CASH,
11/11/2020 09:56,Merthyr Tudful,Anthony King," Mocha - 2.30,  Flavoured iced latte - Hazelnut - 2.75, Large Cappuccino - 2.45",7.50,CASH,
11/11/2020 09:57,Merthyr Tudful,Ryder Bouchard," Flat white - 2.15,  Glass of milk - 0.70,  Flavoured iced latte - Hazelnut - 2.75,  Frappes - Chocolate Cookie - 2.75",8.35,CASH,
11/11/2020 09:57,Merthyr Tudful,Minea Makela," Flavoured iced latte - Hazelnut - 2.75,  Speciality Tea - Green - 1.30, Regular Chai latte - 2.30, Regular Cappuccino - 2.15",8.50,CASH,
11/11/2020 09:58,Merthyr Tudful,Amber Hicks,"Large Americano - 2.25,  Mocha - 2.30,  Speciality Tea - Fruit - 1.30,  Glass of milk - 0.70, Large Flavoured latte - Caramel - 2.85",9.40,CARD,6745162875684
11/11/2020 09:58,Merthyr Tudful,Hudson Roy," Flavoured iced latte - Caramel - 2.75",2.75,CASH,
11/11/2020 09:59,Merthyr Tudful,Elly Thuen," Flat white - 2.15,  Frappes - Strawberries & Cream - 2.75",4.90,CARD,5444216587353378
11/11/2020 09:59,Merthyr Tudful,Brianna Gordon," Speciality Tea - Earl Grey - 1.30,  Flavoured iced latte - Caramel - 2.75, Large Flavoured latte - Hazelnut - 2.85, Large Luxury hot chocolate - 2.70",9.60,CASH,
11/11/2020 10:00,Merthyr Tudful,Annabelle Lavigne," Speciality Tea - Earl Grey - 1.30,  Glass of milk - 0.70,  Glass of milk - 0.70",2.70,CARD,09437382302272700
11/11/2020 10:00,Merthyr Tudful,Yasemin Kunt," Hot chocolate - 1.40,  Smoothies - Carrot Kick - 2.00,  Iced americano - 2.15, Large Flavoured hot chocolate - Caramel - 2.90,  Frappes - Coffee - 2.75",11.20,CARD,6011688234114891
11/11/2020 10:01,Merthyr Tudful,Naomi Lopes," Smoothies - Glowing Greens - 2.00",2.00,CASH,
11/11/2020 10:01,Merthyr Tudful,Olivier Ennis,"Regular Filter coffee - 1.50, Regular Filter coffee - 1.50",3.00,CARD,9319564742770246
11/11/2020 10:02,Merthyr Tudful,Astrid Petersen,"Regular Flavoured latte - Gingerbread - 2.55,  Speciality Tea - Darjeeling - 1.30",3.85,CASH,
11/11/2020 10:03,Merthyr Tudful,Manuela Kind,"Regular Americano - 1.95,  Mocha - 2.30,  Frappes - Chocolate Cookie - 2.75",7.00,CASH,
11/11/2020 10:03,Merthyr Tudful,Gavin Welch," Flavoured iced latte - Vanilla - 2.75,  Smoothies - Glowing Greens - 2.00, Large Filter coffee - 1.80",6.55,CARD,932672083587202
11/11/2020 10:04,Merthyr Tudful,Isla Wright," Iced latte - 2.35,  Iced americano - 2.15,  Smoothies - Carrot Kick - 2.00,  Smoothies - Berry Beautiful - 2.00, Regular Flavoured latte - Hazelnut - 2.55",11.05,CARD,6011674571347802
11/11/2020 10:04,Merthyr Tudful,Lila Meyer,"Regular Hot chocolate - 2.20",2.20,CARD,4829898924574480
11/11/2020 10:05,Merthyr Tudful,Selim Fernandez,"Large Cappuccino - 2.45, Large Latte - 2.45,  Speciality Tea - Camomile - 1.30, Large Flavoured latte - Hazelnut - 2.85",9.05,CASH,
11/11/2020 10:06,Merthyr Tudful,Federico Muller," Glass of milk - 0.70, Regular Espresso - 1.50",2.20,CASH,
11/11/2020 10:06,Merthyr Tudful,Geert Palm,"Large Flavoured latte - Gingerbread - 2.85, Large Flavoured latte - Gingerbread - 2.85,  Speciality Tea - Fruit - 1.30, Regular Flavoured latte - Hazelnut - 2.55",9.55,CASH,
11/11/2020 10:07,Merthyr Tudful,Jayden Ross,"Large Latte - 2.45,  Babyccino - 0.00,  Red label tea - 1.20, Large Chai latte - 2.60,  Red label tea - 1.20",7.45,CASH,
11/11/2020 10:07,Merthyr Tudful,Luciana Caron,"Regular Flavoured latte - Gingerbread - 2.55, Regular Latte - 2.15,  Red label tea - 1.20",5.90,CARD,3573878086459
11/11/2020 10:08,Merthyr Tudful,Katherine Cooper," Smoothies - Berry Beautiful - 2.00, Large Luxury hot chocolate - 2.70,  Flavoured iced latte - Vanilla - 2.75,  Flavoured iced latte - Hazelnut - 2.75,  Flavoured iced latte - Caramel - 2.75",12.95,CASH,
11/11/2020 10:08,Merthyr Tudful,Emile Rey," Speciality Tea - Earl Grey - 1.30, Large Flavoured hot chocolate - Hazelnut - 2.90,  Speciality Tea - Fruit - 1.30,  Mocha - 2.30",7.80,CASH,
11/11/2020 10:09,Merthyr Tudful,Claudette Laarhoven," Smoothies - Glowing Greens - 2.00",2.00,CASH,
11/11/2020 10:10,Merthyr Tudful,Giulia Bertrand," Speciality Tea - Earl Grey - 1.30,  Speciality Tea - Green - 1.30,  Cortado - 2.05",4.65,CASH,
11/11/2020 10:10,Merthyr Tudful,Mileu Santos,"Large Americano - 2.25, Large Hot chocolate - 2.90,  Smoothies - Berry Beautiful - 2.00",7.15,CARD,8347771692300237
11/11/2020 10:11,Merthyr Tudful,Alan Steward," Mocha - 2.30",2.30,CARD,796073983715370
11/11/2020 10:11,Merthyr Tudful,Jean Holt," Speciality Tea - Peppermint - 1.30,  Cortado - 2.05,  Cortado - 2.05,  Speciality Tea - Peppermint - 1.30,  Cortado - 2.05",8.75,CASH,
11/11/2020 10:12,Merthyr Tudful,Carrie Elliott," Smoothies - Glowing Greens - 2.00,  Speciality Tea - Camomile - 1.30,  Flavoured iced latte - Hazelnut - 2.75",6.05,CARD,31171080585547288
11/11/2020 10:13,Merthyr Tudful,Orion Scheerhoorn,"Large Cappuccino - 2.45, Large Flavoured hot chocolate - Caramel - 2.90,  Iced latte - 2.35,  Speciality Tea - Earl Grey - 1.30,  Frappes - Strawberries & Cream - 2.75",11.75,CASH,
11/11/2020 10:13,Merthyr Tudful,Hugo Wright," Speciality Tea - Earl Grey - 1.30,  Cortado - 2.05,  Flavoured iced latte - Hazelnut - 2.75, Regular Flavoured hot chocolate - Vanilla - 2.60,  Speciality Tea - Fruit - 1.30",10.00,CARD,6011808152404107
11/11/2020 10:14,Merthyr Tudful,Elliot Addy," Smoothies - Carrot Kick - 2.00, Regular Luxury hot chocolate - 2.40,  Frappes - Coffee - 2.75",7.15,CASH,
11/11/2020 10:14,Merthyr Tudful,Naja Jensen," Red label tea - 1.20, Regular Latte - 2.15, Large Flavoured latte - Gingerbread - 2.85, Regular Filter coffee - 1.50",7.70,CASH,
11/11/2020 10:15,Merthyr Tudful,Holly White," Frappes - Coffee - 2.75,  Cortado - 2.05,  Speciality Tea - Fruit - 1.30,  Speciality Tea - Peppermint - 1.30, Large Flavoured latte - Vanilla - 2.85",10.25,CASH,
11/11/2020 10:15,Merthyr Tudful,Michael Robin," Mocha - 2.30, Regular Luxury hot chocolate - 2.40, Regular Luxury hot chocolate - 2.40, Large Flavoured latte - Gingerbread - 2.85,  Red label tea - 1.20",11.15,CASH,
11/11/2020 10:16,Merthyr Tudful,Marianne Ambrose,"Regular Flavoured hot chocolate - Caramel - 2.60,  Smoothies - Glowing Greens - 2.00,  Glass of milk - 0.70,  Babyccino - 0.00",5.30,CASH,
11/11/2020 10:17,Merthyr Tudful,Joe Warren," Babyccino - 0.00, Regular Flavoured hot chocolate - Hazelnut - 2.60, Large Flavoured latte - Caramel - 2.85",5.45,CARD,26628707585795086
11/11/2020 10:17,Merthyr Tudful,Aaron Clarke," Frappes - Coffee - 2.75,  Flavoured iced latte - Hazelnut - 2.75,  Mocha - 2.30",7.80,CARD,1069753599918344
11/11/2020 10:18,Merthyr Tudful,Antonio Moreno,"Large Cappuccino - 2.45, Large Flavoured latte - Gingerbread - 2.85, Large Filter coffee - 1.80",7.10,CASH,
11/11/2020 10:18,Merthyr Tudful,Ljubica Ender," Mocha - 2.30,  Speciality Tea - Peppermint - 1.30,  Speciality Tea - Darjeeling - 1.30",4.90,CARD,6011623733199235
11/11/2020 10:19,Merthyr Tudful,Arthur Joly," Flavoured iced latte - Caramel - 2.75, Large Americano - 2.25,  Frappes - Coffee - 2.75",7.75,CASH,
11/11/2020 10:20,Merthyr Tudful,Isabel Sanz,"Large Flavoured hot chocolate - Caramel - 2.90,  Cortado - 2.05",4.95,CARD,6011953610023637
11/11/2020 10:20,Merthyr Tudful,Faith Burton,"Regular Flavoured hot chocolate - Vanilla - 2.60,  Smoothies - Glowing Greens - 2.00",4.60,CASH,
11/11/2020 10:21,Merthyr Tudful,Sarah Margaret,"Large Cappuccino - 2.45, Regular Flavoured hot chocolate - Hazelnut - 2.60, Large Filter coffee - 1.80,  Speciality Tea - Camomile - 1.30",8.15,CARD,6011417480449175
11/11/2020 10:21,Merthyr Tudful,Georgia Jackson,"Large Flavoured latte - Hazelnut - 2.85, Regular Cappuccino - 2.15,  Speciality Tea - Green - 1.30",6.30,CASH,
11/11/2020 10:22,Merthyr Tudful,Elif Strack," Red label tea - 1.20, Large Flavoured hot chocolate - Hazelnut - 2.90,  Speciality Tea - Earl Grey - 1.30",5.40,CASH,
11/11/2020 10:22,Merthyr Tudful,Arthur Lambert," Smoothies - Glowing Greens - 2.00",2.00,CARD,41722888987384
11/11/2020 10:23,Merthyr Tudful,Guenther Pongratz,"Large Flavoured latte - Gingerbread - 2.85,  Mocha - 2.30,  Mocha - 2.30, Regular Flavoured hot chocolate - Vanilla - 2.60,  Frappes - Strawberries & Cream - 2.75",12.80,CASH,
11/11/2020 10:24,Merthyr Tudful,Anita George,"Regular Flavoured latte - Gingerbread - 2.55,  Speciality Tea - Darjeeling - 1.30,  Speciality Tea - Earl Grey - 1.30,  Flavoured iced latte - Caramel - 2.75,  Speciality Tea - Darjeeling - 1.30",9.20,CASH,
11/11/2020 10:24,Merthyr Tudful,Juan Lewis," Cortado - 2.05,  Speciality Tea - Earl Grey - 1.30,  Frappes - Chocolate Cookie - 2.75,  Babyccino - 0.00,  Flat white - 2.15",8.25,CASH,
11/11/2020 10:25,Merthyr Tudful,Ava Clarke," Iced americano - 2.15",2.15,CASH,
11/11/2020 10:25,Merthyr Tudful,Stephanie Day,"Large Flavoured latte - Hazelnut - 2.85, Large Flavoured latte - Gingerbread - 2.85,  Mocha - 2.30, Large Flavoured latte - Vanilla - 2.85,  Flat white - 2.15",13.00,CASH,
11/11/2020 10:26,Merthyr Tudful,Anna Andersen," Red label tea - 1.20",1.20,CASH,
11/11/2020 10:27,Merthyr Tudful,Flora Adam," Flavoured iced latte - Caramel - 2.75, Regular Flavoured latte - Caramel - 2.55,  Frappes - Strawberries & Cream - 2.75,  Red label tea - 1.20",9.25,CARD,808744811970057
11/11/2020 10:27,Merthyr Tudful,Jean Tucker," Iced americano - 2.15, Large Filter coffee - 1.80",3.95,CARD,6011756660809656
11/11/2020 10:28,Merthyr Tudful,Niko Bahr," Babyccino - 0.00,  Cortado - 2.05",2.05,CASH,
11/11/2020 10:28,Merthyr Tudful,Nikolaj Olsen," Cortado - 2.05, Large Luxury hot chocolate - 2.70,  Flat white - 2.15",6.90,CARD,5142682479447088
11/11/2020 10:29,Merthyr Tudful,Charly Denis,"Large Hot chocolate - 2.90, Regular Flavoured hot chocolate - Caramel - 2.60,  Speciality Tea - Camomile - 1.30",6.80,CARD,8804307417208324
11/11/2020 10:29,Merthyr Tudful,Fatih Kuday,"Regular Flavoured hot chocolate - Caramel - 2.60,  Flavoured iced latte - Vanilla - 2.75,  Frappes - Strawberries & Cream - 2.75, Large Flavoured hot chocolate - Vanilla - 2.90, Large Flavoured hot chocolate - Hazelnut - 2.90",13.90,CASH,
11/11/2020 10:30,Merthyr Tudful,Patrick Williams," Flavoured iced latte - Vanilla - 2.75,  Iced americano - 2.15,  Speciality Tea - English breakfast - 1.30, Large Flavoured latte - Gingerbread - 2.85,  Speciality Tea - Earl Grey - 1.30",10.35,CARD,082775338414129
11/11/2020 10:31,Merthyr Tudful,Jens Malde," Flavoured iced latte - Hazelnut - 2.75, Regular Flavoured latte - Gingerbread - 2.55,  Speciality Tea - Camomile - 1.30, Large Flavoured latte - Hazelnut - 2.85, Regular Chai latte - 2.30",11.75,CARD,64874589693349895
11/11/2020 10:31,Merthyr Tudful,Ryan Addy," Speciality Tea - Earl Grey - 1.30",1.30,CARD,4136889745174756
11/11/2020 10:32,Merthyr Tudful,Suzy Watts,"Regular Cappuccino - 2.15, Regular Flavoured hot chocolate - Vanilla - 2.60,  Flavoured iced latte - Caramel - 2.75",7.50,CARD,5859591804250491
11/11/2020 10:32,Merthyr Tudful,Rebecca Simmons," Glass of milk - 0.70, Regular Luxury hot chocolate - 2.40,  Speciality Tea - Fruit - 1.30,  Frappes - Chocolate Cookie - 2.75,  Hot chocolate - 1.40",8.55,CASH,
11/11/2020 10:33,Merthyr Tudful,Molly Uitendaal," Speciality Tea - Green - 1.30, Large Latte - 2.45, Regular Flavoured hot chocolate - Hazelnut - 2.60, Large Luxury hot chocolate - 2.70",9.05,CARD,78035828209435
11/11/2020 10:34,Merthyr Tudful,Arthur Chen," Speciality Tea - English breakfast - 1.30,  Frappes - Coffee - 2.75, Regular Flavoured latte - Gingerbread - 2.55",6.60,CASH,
11/11/2020 10:34,Merthyr Tudful,Eemil Halko,"Regular Luxury hot chocolate - 2.40,  Smoothies - Berry Beautiful - 2.00,  Red label tea - 1.20,  Speciality Tea - Peppermint - 1.30,  Speciality Tea - Green - 1.30",8.20,CASH,
11/11/2020 10:35,Merthyr Tudful,Amelia Meyer," Mocha - 2.30,  Flavoured iced latte - Vanilla - 2.75, Large Latte - 2.45, Large Flavoured latte - Hazelnut - 2.85,  Red label tea - 1.20",11.55,CARD,654634036045075
11/11/2020 10:35,Merthyr Tudful,Oya Durak,"Large Flavoured latte - Hazelnut - 2.85,  Mocha - 2.30,  Cortado - 2.05, Large Hot chocolate - 2.90,  Speciality Tea - Darjeeling - 1.30",11.40,CASH,
11/11/2020 10:36,Merthyr Tudful,Bernardino Gomes,"Regular Flavoured latte - Hazelnut - 2.55, Large Flavoured latte - Vanilla - 2.85,  Mocha - 2.30,  Frappes - Coffee - 2.75",10.45,CASH,
11/11/2020 10:36,Merthyr Tudful,Adam Green,"Regular Flavoured latte - Hazelnut - 2.55,  Frappes - Coffee - 2.75, Regular Flavoured latte - Hazelnut - 2.55",7.85,CARD,6011281304292179
11/11/2020 10:37,Merthyr Tudful,Jeanne Baker," Speciality Tea - English breakfast - 1.30,  Frappes - Strawberries & Cream - 2.75, Regular Flavoured hot chocolate - Vanilla - 2.60",6.65,CASH,
11/11/2020 10:38,Merthyr Tudful,Seline Bryhn," Frappes - Coffee - 2.75,  Speciality Tea - Earl Grey - 1.30,  Speciality Tea - Darjeeling - 1.30, Large Espresso - 1.80",7.15,CASH,
11/11/2020 10:38,Merthyr Tudful,Hazel Patel," Speciality Tea - Darjeeling - 1.30, Regular Flavoured latte - Caramel - 2.55,  Red label tea - 1.20, Regular Flavoured latte - Hazelnut - 2.55",7.60,CASH,
11/11/2020 10:39,Merthyr Tudful,Nella Rantala,"Large Flavoured latte - Hazelnut - 2.85,  Red label tea - 1.20,  Frappes - Strawberries & Cream - 2.75",6.80,CARD,6011863505073659
11/11/2020 10:39,Merthyr Tudful,Scarlett Garrett," Speciality Tea - English breakfast - 1.30",1.30,CASH,
11/11/2020 10:40,Merthyr Tudful,Dennis Wells,"Regular Luxury hot chocolate - 2.40, Large Flavoured latte - Gingerbread - 2.85",5.25,CASH,
11/11/2020 10:41,Merthyr Tudful,Marta Marin,"Regular Chai latte - 2.30,  Smoothies - Berry Beautiful - 2.00",4.30,CARD,812723802269685
11/11/2020 10:41,Merthyr Tudful,Murat Yetkiner," Frappes - Chocolate Cookie - 2.75",2.75,CASH,
11/11/2020 10:42,Merthyr Tudful,Iina Pesola,"Regular Cappuccino - 2.15, Regular Flavoured hot chocolate - Caramel - 2.60",4.75,CARD,6641911864160205
11/11/2020 10:42,Merthyr Tudful,Jolanda Wiegand,"Regular Hot chocolate - 2.20",2.20,CARD,5750913132097926
11/11/2020 10:43,Merthyr Tudful,Zilena Cavalcanti,"Large Flavoured latte - Gingerbread - 2.85, Regular Flavoured latte - Gingerbread - 2.55,  Frappes - Chocolate Cookie - 2.75",8.15,CARD,6011658545781845
11/11/2020 10:43,Merthyr Tudful,Rasmus Thomsen,"Large Flavoured latte - Gingerbread - 2.85",2.85,CASH,
11/11/2020 10:44,Merthyr Tudful,Ida Madsen," Frappes - Strawberries & Cream - 2.75",2.75,CARD,627220079141683
11/11/2020 10:45,Merthyr Tudful,Manuela Lefebvre," Flavoured iced latte - Hazelnut - 2.75",2.75,CARD,6890742423658
11/11/2020 10:45,Merthyr Tudful,Becky Bryant," Speciality Tea - Fruit - 1.30",1.30,CARD,931887535204305
11/11/2020 10:46,Merthyr Tudful,Debra Rodriquez,"Large Chai latte - 2.60,  Speciality Tea - Darjeeling - 1.30,  Cortado - 2.05,  Frappes - Chocolate Cookie - 2.75",8.70,CASH,
11/11/2020 10:46,Merthyr Tudful,Marilda Barros,"Large Americano - 2.25, Large Flavoured latte - Gingerbread - 2.85",5.10,CARD,5116982925110625
11/11/2020 10:47,Merthyr Tudful,Jake Williams," Cortado - 2.05",2.05,CARD,2380834429742746
11/11/2020 10:48,Merthyr Tudful,Hazel Griffin," Flavoured iced latte - Hazelnut - 2.75,  Flavoured iced latte - Caramel - 2.75, Regular Americano - 1.95",7.45,CARD,575348084401781
11/11/2020 10:48,Merthyr Tudful,Romy Gautier," Glass of milk - 0.70,  Babyccino - 0.00, Large Americano - 2.25, Regular Flavoured latte - Hazelnut - 2.55, Large Espresso - 1.80",7.30,CASH,
11/11/2020 10:49,Merthyr Tudful,Violetta Ried," Smoothies - Carrot Kick - 2.00, Large Flavoured hot chocolate - Caramel - 2.90",4.90,CASH,
11/11/2020 10:49,Merthyr Tudful,Brede Dagsland," Speciality Tea - Earl Grey - 1.30,  Glass of milk - 0.70",2.00,CASH,
11/11/2020 10:50,Merthyr Tudful,Isaac Zhang," Speciality Tea - Camomile - 1.30, Regular Espresso - 1.50,  Speciality Tea - Fruit - 1.30,  Cortado - 2.05",6.15,CASH,
11/11/2020 10:50,Merthyr Tudful,Poppy Patel," Glass of milk - 0.70,  Smoothies - Carrot Kick - 2.00,  Smoothies - Glowing Greens - 2.00,  Flavoured iced latte - Hazelnut - 2.75",7.45,CASH,
11/11/2020 10:51,Merthyr Tudful,Marito Peixoto," Speciality Tea - Earl Grey - 1.30,  Flat white - 2.15,  Smoothies - Berry Beautiful - 2.00,  Iced americano - 2.15,  Mocha - 2.30",9.90,CARD,5076323515314267
11/11/2020 10:52,Merthyr Tudful,Alfred Mason,"Regular Flavoured latte - Vanilla - 2.55,  Speciality Tea - Peppermint - 1.30, Large Flavoured latte - Gingerbread - 2.85, Large Espresso - 1.80,  Smoothies - Carrot Kick - 2.00",10.50,CARD,5132612658296
11/11/2020 10:52,Merthyr Tudful,Emilia Flores," Hot chocolate - 1.40, Regular Cappuccino - 2.15, Regular Americano - 1.95,  Babyccino - 0.00,  Frappes - Strawberries & Cream - 2.75",8.25,CARD,159367579585965
11/11/2020 10:53,Merthyr Tudful,Thibault Pierre," Iced latte - 2.35",2.35,CASH,
11/11/2020 10:53,Merthyr Tudful,Tristan Gauthier,"Regular Flavoured hot chocolate - Hazelnut - 2.60, Regular Flavoured latte - Gingerbread - 2.55,  Flavoured iced latte - Vanilla - 2.75, Regular Hot chocolate - 2.20",10.10,CASH,
11/11/2020 10:54,Merthyr Tudful,Bodine Wigmans," Flat white - 2.15, Regular Flavoured latte - Hazelnut - 2.55, Regular Flavoured hot chocolate - Caramel - 2.60,  Frappes - Coffee - 2.75,  Frappes - Coffee - 2.75",12.80,CARD,8791505640815556
11/11/2020 10:55,Merthyr Tudful,Larry Garza,"Regular Flavoured latte - Gingerbread - 2.55",2.55,CARD,362426522283380
11/11/2020 10:55,Merthyr Tudful,Jordan Meyer,"Large Flavoured latte - Gingerbread - 2.85, Large Hot chocolate - 2.90,  Frappes - Coffee - 2.75",8.50,CARD,790561955103243
11/11/2020 10:56,Merthyr Tudful,Theo King," Flavoured iced latte - Caramel - 2.75,  Flavoured iced latte - Caramel - 2.75, Large Latte - 2.45",7.95,CASH,
11/11/2020 10:56,Merthyr Tudful,Peyton Wang," Mocha - 2.30,  Smoothies - Glowing Greens - 2.00,  Speciality Tea - Earl Grey - 1.30,  Cortado - 2.05",7.65,CASH,
11/11/2020 10:57,Merthyr Tudful,Lineia Melo,"Regular Americano - 1.95",1.95,CARD,6011528740931583
11/11/2020 10:57,Merthyr Tudful,Hailey Sirko," Speciality Tea - Earl Grey - 1.30,  Babyccino - 0.00",1.30,CASH,
11/11/2020 10:58,Merthyr Tudful,Mackenzie Kumar," Speciality Tea - Peppermint - 1.30,  Speciality Tea - Green - 1.30,  Speciality Tea - Green - 1.30",3.90,CARD,3759946219528
11/11/2020 10:59,Merthyr Tudful,Stella Harris," Speciality Tea - English breakfast - 1.30,  Flavoured iced latte - Caramel - 2.75,  Flavoured iced latte - Vanilla - 2.75",6.80,CASH,
11/11/2020 10:59,Merthyr Tudful,Amber King," Cortado - 2.05,  Frappes - Strawberries & Cream - 2.75,  Speciality Tea - Camomile - 1.30",6.10,CASH,
11/11/2020 11:00,Merthyr Tudful,Fatma Dizdar," Flavoured iced latte - Caramel - 2.75,  Cortado - 2.05,  Red label tea - 1.20, Regular Flavoured latte - Gingerbread - 2.55,  Smoothies - Glowing Greens - 2.00",10.55,CASH,
11/11/2020 11:01,Merthyr Tudful,Judy Turner," Frappes - Chocolate Cookie - 2.75, Regular Flavoured latte - Gingerbread - 2.55, Large Flavoured hot chocolate - Hazelnut - 2.90,  Iced americano - 2.15",10.35,CARD,5642598453054021
11/11/2020 11:01,Merthyr Tudful,Emilis Ekeli," Speciality Tea - Camomile - 1.30,  Speciality Tea - Camomile - 1.30",2.60,CASH,
11/11/2020 11:02,Merthyr Tudful,Ines Santos," Cortado - 2.05, Large Flavoured latte - Hazelnut - 2.85",4.90,CARD,2825851268932
11/11/2020 11:03,Merthyr Tudful,Andre Eek," Cortado - 2.05",2.05,CASH,
11/11/2020 11:04,Merthyr Tudful,Zoe Perry," Speciality Tea - Earl Grey - 1.30,  Mocha - 2.30",3.60,CASH,
11/11/2020 11:05,Merthyr Tudful,Nicolas Harris,"Regular Hot chocolate - 2.20",2.20,CASH,
11/11/2020 11:05,Merthyr Tudful,Jorge Exalto," Smoothies - Berry Beautiful - 2.00, Large Flavoured latte - Caramel - 2.85,  Iced americano - 2.15, Regular Cappuccino - 2.15, Large Espresso - 1.80",10.95,CARD,5745817535158
11/11/2020 11:06,Merthyr Tudful,Deniz Simon,"Large Flavoured latte - Vanilla - 2.85, Large Flavoured latte - Vanilla - 2.85,  Speciality Tea - Darjeeling - 1.30,  Mocha - 2.30, Regular Flavoured latte - Hazelnut - 2.55",11.85,CARD,6765451528482504
11/11/2020 11:07,Merthyr Tudful,Anton Thomsen," Babyccino - 0.00",.0,CASH,
11/11/2020 11:08,Merthyr Tudful,Emil Engeland," Mocha - 2.30, Regular Flavoured latte - Gingerbread - 2.55,  Speciality Tea - Earl Grey - 1.30",6.15,CASH,
11/11/2020 11:09,Merthyr Tudful,Julian Cortes,"Regular Flavoured hot chocolate - Vanilla - 2.60, Regular Flavoured latte - Hazelnut - 2.55",5.15,CASH,
11/11/2020 11:09,Merthyr Tudful,Priscilla Pearson," Flavoured iced latte - Hazelnut - 2.75,  Frappes - Coffee - 2.75,  Speciality Tea - English breakfast - 1.30,  Frappes - Coffee - 2.75",9.55,CASH,
11/11/2020 11:10,Merthyr Tudful,Frances George,"Large Flavoured latte - Gingerbread - 2.85,  Speciality Tea - English breakfast - 1.30,  Flavoured iced latte - Vanilla - 2.75, Regular Hot chocolate - 2.20",9.10,CASH,
11/11/2020 11:11,Merthyr Tudful,Eloane Picard," Smoothies - Glowing Greens - 2.00,  Speciality Tea - Darjeeling - 1.30,  Flavoured iced latte - Caramel - 2.75, Large Flavoured latte - Gingerbread - 2.85, Regular Luxury hot chocolate - 2.40",11.30,CASH,
11/11/2020 11:12,Merthyr Tudful,Larry Dixon," Iced latte - 2.35, Regular Chai latte - 2.30,  Glass of milk - 0.70",5.35,CASH,
11/11/2020 11:13,Merthyr Tudful,Lois Evans," Mocha - 2.30,  Smoothies - Berry Beautiful - 2.00,  Speciality Tea - English breakfast - 1.30",5.60,CARD,7654130921627421
11/11/2020 11:14,Merthyr Tudful,Francisco Leon,"Large Flavoured latte - Vanilla - 2.85,  Frappes - Coffee - 2.75, Regular Flavoured hot chocolate - Vanilla - 2.60, Large Flavoured latte - Gingerbread - 2.85",11.05,CARD,6011971253609795
11/11/2020 11:14,Merthyr Tudful,Ben Lambert,"Large Flavoured latte - Caramel - 2.85",2.85,CASH,
11/11/2020 11:15,Merthyr Tudful,Sara Robert," Hot chocolate - 1.40, Large Flavoured latte - Gingerbread - 2.85, Large Flavoured latte - Gingerbread - 2.85, Large Luxury hot chocolate - 2.70",9.80,CASH,
11/11/2020 11:16,Merthyr Tudful,Gaspard Guillaume,"Large Filter coffee - 1.80, Large Filter coffee - 1.80",3.60,CARD,962671302514072
11/11/2020 11:17,Merthyr Tudful,Oskar Dufour,"Large Americano - 2.25,  Smoothies - Berry Beautiful - 2.00, Large Latte - 2.45,  Smoothies - Carrot Kick - 2.00",8.70,CARD,22347069437368193
11/11/2020 11:18,Merthyr Tudful,Raffaella Girard,"Regular Flavoured latte - Caramel - 2.55,  Smoothies - Berry Beautiful - 2.00,  Glass of milk - 0.70",5.25,CASH,
11/11/2020 11:18,Merthyr Tudful,Connor Collins," Speciality Tea - Camomile - 1.30,  Speciality Tea - Earl Grey - 1.30,  Mocha - 2.30",4.90,CASH,
11/11/2020 11:19,Merthyr Tudful,Yvonne Duncan," Speciality Tea - Peppermint - 1.30,  Glass of milk - 0.70, Large Flavoured latte - Gingerbread - 2.85, Large Flavoured latte - Hazelnut - 2.85",7.70,CASH,
11/11/2020 11:20,Merthyr Tudful,Oktay Hondebrink," Smoothies - Glowing Greens - 2.00,  Iced americano - 2.15,  Flat white - 2.15",6.30,CARD,0889713830018243
11/11/2020 11:21,Merthyr Tudful,David Walker," Iced americano - 2.15,  Hot chocolate - 1.40,  Red label tea - 1.20,  Speciality Tea - Earl Grey - 1.30",6.05,CARD,4585047952019347
11/11/2020 11:22,Merthyr Tudful,Andreas Kristensen," Hot chocolate - 1.40,  Speciality Tea - Earl Grey - 1.30, Large Flavoured hot chocolate - Caramel - 2.90, Regular Filter coffee - 1.50,  Speciality Tea - Green - 1.30",8.40,CASH,
11/11/2020 11:22,Merthyr Tudful,Frida Farias," Iced americano - 2.15,  Smoothies - Berry Beautiful - 2.00",4.15,CARD,8180103259270960
11/11/2020 11:23,Merthyr Tudful,Juho Lehtonen,"Large Espresso - 1.80,  Speciality Tea - Darjeeling - 1.30,  Speciality Tea - Camomile - 1.30,  Cortado - 2.05",6.45,CASH,
11/11/2020 11:24,Merthyr Tudful,Estelle Lemoine,"Regular Flavoured latte - Vanilla - 2.55,  Glass of milk - 0.70,  Frappes - Chocolate Cookie - 2.75, Large Flavoured latte - Gingerbread - 2.85, Regular Filter coffee - 1.50",10.35,CASH,
11/11/2020 11:25,Merthyr Tudful,Maricilda Rezende," Flat white - 2.15,  Speciality Tea - Camomile - 1.30",3.45,CASH,
11/11/2020 11:26,Merthyr Tudful,Andrea Carr," Smoothies - Carrot Kick - 2.00,  Speciality Tea - Darjeeling - 1.30,  Speciality Tea - English breakfast - 1.30,  Flavoured iced latte - Caramel - 2.75, Regular Flavoured hot chocolate - Vanilla - 2.60",9.95,CASH,
11/11/2020 11:26,Merthyr Tudful,Samuel Koskinen," Speciality Tea - Fruit - 1.30, Large Flavoured hot chocolate - Caramel - 2.90, Large Flavoured latte - Vanilla - 2.85, Large Flavoured latte - Vanilla - 2.85",9.90,CASH,
11/11/2020 11:27,Merthyr Tudful,Allen Burton," Smoothies - Berry Beautiful - 2.00,  Flavoured iced latte - Hazelnut - 2.75",4.75,CARD,1469342289135
11/11/2020 11:28,Merthyr Tudful,Mestan Bademci," Cortado - 2.05,  Iced americano - 2.15, Regular Espresso - 1.50,  Iced latte - 2.35",8.05,CARD,0908679888502
11/11/2020 11:29,Merthyr Tudful,Luka Lemoine,"Regular Flavoured latte - Caramel - 2.55,  Frappes - Strawberries & Cream - 2.75,  Iced americano - 2.15,  Cortado - 2.05,  Cortado - 2.05",11.55,CARD,51757089226679
11/11/2020 11:30,Merthyr Tudful,Mac Belhaj," Speciality Tea - Earl Grey - 1.30,  Flavoured iced latte - Caramel - 2.75,  Speciality Tea - Darjeeling - 1.30",5.35,CARD,2808084683283
11/11/2020 11:31,Merthyr Tudful,Basile Dupont," Flat white - 2.15,  Speciality Tea - English breakfast - 1.30",3.45,CASH,
11/11/2020 11:31,Merthyr Tudful,Cameron Chen,"Large Americano - 2.25,  Flavoured iced latte - Vanilla - 2.75,  Frappes - Coffee - 2.75,  Mocha - 2.30,  Smoothies - Berry Beautiful - 2.00",12.05,CASH,
11/11/2020 11:32,Merthyr Tudful,Claire Barnett," Cortado - 2.05",2.05,CASH,
11/11/2020 11:33,Merthyr Tudful,Kayla Martin," Iced latte - 2.35, Regular Flavoured latte - Gingerbread - 2.55,  Speciality Tea - English breakfast - 1.30",6.20,CARD,6011262318905037
11/11/2020 11:34,Merthyr Tudful,Maridelza Santos," Frappes - Chocolate Cookie - 2.75,  Flavoured iced latte - Vanilla - 2.75, Regular Espresso - 1.50",7.00,CARD,6151448300962735
11/11/2020 11:35,Merthyr Tudful,Helmer Kjelsrud," Flavoured iced latte - Vanilla - 2.75",2.75,CARD,6236577599036936
11/11/2020 11:35,Merthyr Tudful,Carter Holland,"Regular Flavoured latte - Hazelnut - 2.55",2.55,CARD,949969344145624
11/11/2020 11:36,Merthyr Tudful,Amalie Klev," Speciality Tea - English breakfast - 1.30, Regular Flavoured hot chocolate - Hazelnut - 2.60",3.90,CASH,
11/11/2020 11:37,Merthyr Tudful,Isaac Iglesias," Smoothies - Berry Beautiful - 2.00,  Speciality Tea - Fruit - 1.30, Regular Flavoured latte - Hazelnut - 2.55,  Speciality Tea - Earl Grey - 1.30, Regular Americano - 1.95",9.10,CASH,
11/11/2020 11:38,Merthyr Tudful,Wanda Hopkins," Speciality Tea - English breakfast - 1.30,  Cortado - 2.05,  Cortado - 2.05,  Mocha - 2.30",7.70,CASH,
11/11/2020 11:39,Merthyr Tudful,Jimmie Ramos," Flavoured iced latte - Hazelnut - 2.75,  Flavoured iced latte - Caramel - 2.75,  Speciality Tea - Green - 1.30,  Babyccino - 0.00, Large Flavoured latte - Hazelnut - 2.85",9.65,CARD,9787985462684931
11/11/2020 11:39,Merthyr Tudful,Tessa Deschamps,"Regular Espresso - 1.50,  Cortado - 2.05, Regular Latte - 2.15,  Flavoured iced latte - Caramel - 2.75",8.45,CARD,6011584452850797
11/11/2020 11:40,Merthyr Tudful,Barry Ruiz,"Large Flavoured latte - Hazelnut - 2.85, Regular Flavoured latte - Hazelnut - 2.55,  Speciality Tea - Green - 1.30,  Cortado - 2.05,  Speciality Tea - Camomile - 1.30",10.05,CASH,
11/11/2020 11:41,Merthyr Tudful,Torstein Juell," Flavoured iced latte - Hazelnut - 2.75,  Flavoured iced latte - Hazelnut - 2.75,  Cortado - 2.05",7.55,CASH,
11/11/2020 11:42,Merthyr Tudful,Paulo Blanc," Speciality Tea - Camomile - 1.30,  Flat white - 2.15",3.45,CARD,2604518824452589
11/11/2020 11:43,Merthyr Tudful,Lucas Liu,"Large Flavoured latte - Hazelnut - 2.85,  Speciality Tea - Fruit - 1.30,  Flat white - 2.15,  Speciality Tea - Fruit - 1.30",7.60,CASH,
11/11/2020 11:44,Merthyr Tudful,Noah Carpentier," Frappes - Coffee - 2.75, Large Luxury hot chocolate - 2.70,  Frappes - Coffee - 2.75,  Flavoured iced latte - Caramel - 2.75, Large Chai latte - 2.60",13.55,CASH,
11/11/2020 11:44,Merthyr Tudful,Alvin Hoffman," Cortado - 2.05, Regular Hot chocolate - 2.20, Regular Chai latte - 2.30,  Speciality Tea - English breakfast - 1.30",7.85,CARD,2275767934672
11/11/2020 11:45,Merthyr Tudful,Jasmine Morris,"Large Flavoured latte - Gingerbread - 2.85,  Speciality Tea - Earl Grey - 1.30, Large Cappuccino - 2.45",6.60,CARD,0275727843058005
11/11/2020 11:46,Merthyr Tudful,Julius Nevala," Frappes - Coffee - 2.75",2.75,CARD,5268579063012594
11/11/2020 11:47,Merthyr Tudful,Anton Remes," Frappes - Chocolate Cookie - 2.75,  Hot chocolate - 1.40",4.15,CASH,
11/11/2020 11:48,Merthyr Tudful,Margita Zieger," Cortado - 2.05, Regular Espresso - 1.50",3.55,CASH,
11/11/2020 11:48,Merthyr Tudful,Ulrike Lopez,"Large Cappuccino - 2.45, Large Latte - 2.45, Large Espresso - 1.80",6.70,CASH,
11/11/2020 11:49,Merthyr Tudful,Ashley Davis," Speciality Tea - Earl Grey - 1.30,  Mocha - 2.30, Large Flavoured latte - Vanilla - 2.85",6.45,CARD,5676732229299605
11/11/2020 11:50,Merthyr Tudful,Charis Bhageloe," Mocha - 2.30,  Speciality Tea - Green - 1.30, Large Flavoured latte - Hazelnut - 2.85",6.45,CARD,6011677355306700
11/11/2020 11:51,Merthyr Tudful,Steven Dufour," Flavoured iced latte - Vanilla - 2.75, Regular Flavoured hot chocolate - Vanilla - 2.60,  Cortado - 2.05",7.40,CARD,2287640666040028
11/11/2020 11:52,Merthyr Tudful,Dwayne Baker,"Large Flavoured latte - Gingerbread - 2.85,  Glass of milk - 0.70,  Red label tea - 1.20",4.75,CASH,
11/11/2020 11:52,Merthyr Tudful,Marcos Alvarez," Frappes - Coffee - 2.75, Regular Chai latte - 2.30,  Smoothies - Glowing Greens - 2.00,  Cortado - 2.05",9.10,CARD,014131621833513
11/11/2020 11:53,Merthyr Tudful,Dylan Ginnish,"Regular Chai latte - 2.30, Regular Flavoured hot chocolate - Caramel - 2.60, Large Luxury hot chocolate - 2.70",7.60,CARD,3250914162660247
11/11/2020 11:54,Merthyr Tudful,Lorenzo Crespo," Red label tea - 1.20",1.20,CARD,6011009092203490
11/11/2020 11:55,Merthyr Tudful,Jano Rehbein,"Large Flavoured latte - Gingerbread - 2.85, Large Luxury hot chocolate - 2.70,  Hot chocolate - 1.40,  Hot chocolate - 1.40,  Flavoured iced latte - Vanilla - 2.75",11.10,CARD,3291556225263293
11/11/2020 11:56,Merthyr Tudful,Emese Kerkman,"Large Flavoured latte - Vanilla - 2.85,  Flavoured iced latte - Hazelnut - 2.75, Large Flavoured latte - Gingerbread - 2.85, Large Flavoured latte - Vanilla - 2.85",11.30,CASH,
11/11/2020 11:56,Merthyr Tudful,Sancler Cavalcanti," Frappes - Chocolate Cookie - 2.75,  Smoothies - Carrot Kick - 2.00,  Babyccino - 0.00,  Smoothies - Berry Beautiful - 2.00,  Mocha - 2.30",9.05,CARD,6011221717163452
11/11/2020 11:57,Merthyr Tudful,Gustav Jensen,"Regular Flavoured latte - Caramel - 2.55, Large Americano - 2.25, Large Flavoured hot chocolate - Vanilla - 2.90,  Mocha - 2.30",10.00,CASH,
11/11/2020 11:58,Merthyr Tudful,Marco Caballero,"Large Luxury hot chocolate - 2.70,  Flat white - 2.15,  Speciality Tea - Green - 1.30, Large Flavoured hot chocolate - Hazelnut - 2.90,  Cortado - 2.05",11.10,CASH,
11/11/2020 11:59,Merthyr Tudful,Domenico Meyer,"Regular Flavoured latte - Hazelnut - 2.55,  Speciality Tea - Peppermint - 1.30, Regular Flavoured latte - Gingerbread - 2.55",6.40,CASH,
11/11/2020 12:00,Merthyr Tudful,Elias Hansen,"Large Flavoured hot chocolate - Hazelnut - 2.90, Regular Espresso - 1.50, Regular Flavoured latte - Hazelnut - 2.55",6.95,CARD,1753222674959805
11/11/2020 12:03,Merthyr Tudful,Hanan Storlien," Cortado - 2.05,  Smoothies - Glowing Greens - 2.00,  Red label tea - 1.20,  Cortado - 2.05,  Cortado - 2.05",9.35,CARD,5719865137946064
11/11/2020 12:07,Merthyr Tudful,Gundolf Reichl," Iced americano - 2.15, Large Filter coffee - 1.80,  Cortado - 2.05",6.00,CARD,0942908656933145
11/11/2020 12:10,Merthyr Tudful,Erika Davis,"Large Flavoured latte - Gingerbread - 2.85,  Frappes - Strawberries & Cream - 2.75, Large Hot chocolate - 2.90,  Flavoured iced latte - Vanilla - 2.75",11.25,CASH,
11/11/2020 12:14,Merthyr Tudful,Isa Sandersen,"Large Flavoured hot chocolate - Vanilla - 2.90",2.90,CASH,
11/11/2020 12:17,Merthyr Tudful,Mika Jenssen," Cortado - 2.05",2.05,CASH,
11/11/2020 12:21,Merthyr Tudful,Teresa Cano," Hot chocolate - 1.40, Regular Americano - 1.95, Regular Flavoured latte - Gingerbread - 2.55, Regular Espresso - 1.50",7.40,CARD,7580265423665
11/11/2020 12:24,Merthyr Tudful,Javier Clark," Speciality Tea - English breakfast - 1.30,  Cortado - 2.05, Large Chai latte - 2.60,  Mocha - 2.30,  Flavoured iced latte - Caramel - 2.75",11.00,CASH,
11/11/2020 12:28,Merthyr Tudful,Hermen Louwen," Speciality Tea - English breakfast - 1.30,  Speciality Tea - English breakfast - 1.30",2.60,CASH,
11/11/2020 12:31,Merthyr Tudful,Vicenta Navarro," Cortado - 2.05",2.05,CASH,
11/11/2020 12:35,Merthyr Tudful,Bobbie Lane," Mocha - 2.30,  Babyccino - 0.00, Large Flavoured latte - Vanilla - 2.85,  Flavoured iced latte - Vanilla - 2.75,  Speciality Tea - Darjeeling - 1.30",9.20,CARD,4574964810426673
11/11/2020 12:39,Merthyr Tudful,Jeremy Ennis," Smoothies - Glowing Greens - 2.00,  Frappes - Chocolate Cookie - 2.75, Large Luxury hot chocolate - 2.70,  Flavoured iced latte - Vanilla - 2.75",10.20,CARD,5920656803157964
11/11/2020 12:42,Merthyr Tudful,Milka Emmens," Speciality Tea - English breakfast - 1.30, Regular Flavoured latte - Vanilla - 2.55,  Mocha - 2.30",6.15,CARD,6011414693742997
11/11/2020 12:46,Merthyr Tudful,Susie Chapman," Smoothies - Berry Beautiful - 2.00",2.00,CARD,629325766934370
11/11/2020 12:49,Merthyr Tudful,Donna Howell,"Regular Latte - 2.15, Large Flavoured latte - Vanilla - 2.85,  Frappes - Strawberries & Cream - 2.75,  Hot chocolate - 1.40",9.15,CARD,1203472594993
11/11/2020 12:53,Merthyr Tudful,Bajram Mathieu," Speciality Tea - Earl Grey - 1.30",1.30,CASH,
11/11/2020 12:56,Merthyr Tudful,Cihat Hutten," Iced americano - 2.15,  Speciality Tea - Earl Grey - 1.30,  Smoothies - Carrot Kick - 2.00, Regular Chai latte - 2.30,  Hot chocolate - 1.40",9.15,CASH,
11/11/2020 13:00,Merthyr Tudful,Ank Westland," Frappes - Strawberries & Cream - 2.75, Large Flavoured latte - Gingerbread - 2.85,  Iced americano - 2.15,  Babyccino - 0.00, Large Flavoured latte - Hazelnut - 2.85",10.60,CASH,
11/11/2020 13:01,Merthyr Tudful,Loris Martin,"Large Flavoured hot chocolate - Caramel - 2.90,  Speciality Tea - Green - 1.30,  Smoothies - Berry Beautiful - 2.00",6.20,CARD,059521054295134
11/11/2020 13:02,Merthyr Tudful,Max Faure,"Regular Americano - 1.95,  Speciality Tea - Green - 1.30, Regular Chai latte - 2.30,  Speciality Tea - English breakfast - 1.30,  Frappes - Chocolate Cookie - 2.75",9.60,CASH,
11/11/2020 13:03,Merthyr Tudful,Carlene Fernandes," Cortado - 2.05,  Hot chocolate - 1.40,  Red label tea - 1.20,  Speciality Tea - Darjeeling - 1.30",5.95,CARD,6011248266310403
11/11/2020 13:05,Merthyr Tudful,Eli Harrison,"Large Latte - 2.45",2.45,CASH,
11/11/2020 13:06,Merthyr Tudful,Aya Grannes,"Large Flavoured latte - Hazelnut - 2.85,  Iced americano - 2.15, Large Flavoured latte - Hazelnut - 2.85, Large Flavoured latte - Gingerbread - 2.85, Large Flavoured hot chocolate - Vanilla - 2.90",13.60,CARD,433066418481986
11/11/2020 13:07,Merthyr Tudful,Nicholas Jacobs," Iced americano - 2.15, Large Flavoured latte - Gingerbread - 2.85, Regular Filter coffee - 1.50",6.50,CASH,
11/11/2020 13:08,Merthyr Tudful,Adeline Diel," Frappes - Coffee - 2.75,  Speciality Tea - Camomile - 1.30,  Glass of milk - 0.70,  Babyccino - 0.00",4.75,CARD,8668070701597342
11/11/2020 13:10,Merthyr Tudful,Tarek Dahmen," Cortado - 2.05,  Speciality Tea - Fruit - 1.30, Regular Flavoured latte - Vanilla - 2.55,  Frappes - Coffee - 2.75, Regular Cappuccino - 2.15",10.80,CASH,
11/11/2020 13:11,Merthyr Tudful,Andrei Lanz," Speciality Tea - Peppermint - 1.30, Large Flavoured latte - Caramel - 2.85,  Hot chocolate - 1.40",5.55,CASH,
11/11/2020 13:12,Merthyr Tudful,Sierk Lenting,"Regular Cappuccino - 2.15,  Frappes - Coffee - 2.75,  Speciality Tea - Peppermint - 1.30, Regular Hot chocolate - 2.20, Large Cappuccino - 2.45",10.85,CARD,6667442459448
11/11/2020 13:13,Merthyr Tudful,Stephanie Jensen," Mocha - 2.30, Regular Flavoured latte - Hazelnut - 2.55,  Glass of milk - 0.70,  Babyccino - 0.00",5.55,CASH,
11/11/2020 13:15,Merthyr Tudful,Hanne Reichart," Mocha - 2.30,  Speciality Tea - Peppermint - 1.30,  Glass of milk - 0.70,  Speciality Tea - Earl Grey - 1.30,  Speciality Tea - Fruit - 1.30",6.90,CASH,
11/11/2020 13:16,Merthyr Tudful,Ian Williams," Smoothies - Carrot Kick - 2.00,  Speciality Tea - Earl Grey - 1.30",3.30,CASH,
11/11/2020 13:17,Merthyr Tudful,Aiden Walker," Speciality Tea - Earl Grey - 1.30, Large Flavoured latte - Gingerbread - 2.85,  Smoothies - Carrot Kick - 2.00,  Speciality Tea - Green - 1.30,  Frappes - Coffee - 2.75",10.20,CARD,5550875186114476
11/11/2020 13:18,Merthyr Tudful,Gene Lucas," Speciality Tea - Fruit - 1.30, Large Espresso - 1.80, Regular Luxury hot chocolate - 2.40, Regular Filter coffee - 1.50,  Flat white - 2.15",9.15,CASH,
11/11/2020 13:20,Merthyr Tudful,Flynn Morris," Mocha - 2.30, Large Luxury hot chocolate - 2.70",5.00,CARD,502561731224084
11/11/2020 13:21,Merthyr Tudful,Sybille Legrand," Speciality Tea - English breakfast - 1.30, Regular Filter coffee - 1.50, Regular Filter coffee - 1.50,  Speciality Tea - Green - 1.30, Regular Flavoured hot chocolate - Hazelnut - 2.60",8.20,CARD,5744903034415
11/11/2020 13:22,Merthyr Tudful,Jamie Cooper,"Regular Flavoured latte - Caramel - 2.55, Large Flavoured hot chocolate - Vanilla - 2.90,  Frappes - Strawberries & Cream - 2.75, Large Hot chocolate - 2.90",11.10,CARD,8018460716977417
11/11/2020 13:23,Merthyr Tudful,Nicholas Schmitt," Cortado - 2.05,  Glass of milk - 0.70,  Mocha - 2.30",5.05,CARD,2040524374082
11/11/2020 13:25,Merthyr Tudful,Joel Sippola," Speciality Tea - Darjeeling - 1.30,  Speciality Tea - Fruit - 1.30, Regular Latte - 2.15",4.75,CASH,
11/11/2020 13:26,Merthyr Tudful,Alan Gibson,"Regular Flavoured latte - Hazelnut - 2.55, Large Flavoured latte - Hazelnut - 2.85",5.40,CASH,
11/11/2020 13:27,Merthyr Tudful,Frida Kristensen," Speciality Tea - Earl Grey - 1.30,  Mocha - 2.30,  Flavoured iced latte - Vanilla - 2.75, Large Flavoured hot chocolate - Hazelnut - 2.90",9.25,CARD,6824866275651887
11/11/2020 13:28,Merthyr Tudful,Andrey Schmelzer,"Regular Americano - 1.95, Regular Flavoured hot chocolate - Vanilla - 2.60, Large Flavoured latte - Gingerbread - 2.85,  Iced latte - 2.35",9.75,CASH,
11/11/2020 13:30,Merthyr Tudful,Edouard Colin," Mocha - 2.30,  Speciality Tea - Fruit - 1.30,  Speciality Tea - English breakfast - 1.30,  Flavoured iced latte - Vanilla - 2.75",7.65,CASH,
11/11/2020 13:31,Merthyr Tudful,Seline Rey," Speciality Tea - Peppermint - 1.30",1.30,CASH,
11/11/2020 13:32,Merthyr Tudful,Noah Newman,"Large Flavoured latte - Gingerbread - 2.85,  Iced americano - 2.15,  Mocha - 2.30, Large Luxury hot chocolate - 2.70, Regular Hot chocolate - 2.20",12.20,CASH,
11/11/2020 13:33,Merthyr Tudful,Franklin Fernandez," Flavoured iced latte - Vanilla - 2.75,  Glass of milk - 0.70, Large Flavoured latte - Caramel - 2.85,  Flat white - 2.15, Large Flavoured hot chocolate - Hazelnut - 2.90",11.35,CASH,
11/11/2020 13:35,Merthyr Tudful,Alice Phillips," Iced latte - 2.35, Regular Flavoured latte - Vanilla - 2.55,  Smoothies - Carrot Kick - 2.00,  Cortado - 2.05",8.95,CARD,1683080480665830
11/11/2020 13:36,Merthyr Tudful,Toivo Hatala," Cortado - 2.05, Regular Flavoured latte - Hazelnut - 2.55, Large Luxury hot chocolate - 2.70",7.30,CARD,6011393863034025
11/11/2020 13:37,Merthyr Tudful,Diane Moore," Mocha - 2.30",2.30,CARD,131280025173265
11/11/2020 13:38,Merthyr Tudful,Cesaltino Nascimento,"Regular Luxury hot chocolate - 2.40",2.40,CASH,
11/11/2020 13:40,Merthyr Tudful,Lou Blanchard," Speciality Tea - Camomile - 1.30,  Speciality Tea - Green - 1.30,  Smoothies - Glowing Greens - 2.00",4.60,CASH,
11/11/2020 13:41,Merthyr Tudful,Angelina Clement,"Large Flavoured latte - Gingerbread - 2.85,  Speciality Tea - Peppermint - 1.30, Regular Flavoured latte - Hazelnut - 2.55,  Iced americano - 2.15, Large Flavoured latte - Gingerbread - 2.85",11.70,CASH,
11/11/2020 13:42,Merthyr Tudful,Minttu Tervo," Cortado - 2.05, Large Cappuccino - 2.45",4.50,CASH,
11/11/2020 13:43,Merthyr Tudful,Rocio Lorenzo,"Regular Flavoured latte - Gingerbread - 2.55,  Speciality Tea - Earl Grey - 1.30",3.85,CASH,
11/11/2020 13:45,Merthyr Tudful,Lily Jackson," Speciality Tea - Fruit - 1.30, Regular Flavoured latte - Caramel - 2.55,  Frappes - Chocolate Cookie - 2.75, Large Hot chocolate - 2.90",9.50,CASH,
11/11/2020 13:46,Merthyr Tudful,Beatrice Claire," Frappes - Coffee - 2.75",2.75,CASH,
11/11/2020 13:47,Merthyr Tudful,Marcel Dumas,"Regular Chai latte - 2.30,  Speciality Tea - Camomile - 1.30,  Flavoured iced latte - Vanilla - 2.75",6.35,CARD,291636535228258
11/11/2020 13:48,Merthyr Tudful,Cameron Smith,"Large Hot chocolate - 2.90, Regular Latte - 2.15",5.05,CASH,
11/11/2020 13:50,Merthyr Tudful,Amely Alexander,"Large Filter coffee - 1.80, Regular Filter coffee - 1.50,  Flavoured iced latte - Vanilla - 2.75",6.05,CASH,
11/11/2020 13:51,Merthyr Tudful,Josephine Henry,"Regular Flavoured hot chocolate - Vanilla - 2.60,  Smoothies - Berry Beautiful - 2.00",4.60,CARD,943938107859082
11/11/2020 13:52,Merthyr Tudful,Pinja Tuomala,"Regular Luxury hot chocolate - 2.40,  Flavoured iced latte - Hazelnut - 2.75,  Flavoured iced latte - Hazelnut - 2.75",7.90,CASH,
11/11/2020 13:53,Merthyr Tudful,Margareta Rolland,"Regular Flavoured latte - Hazelnut - 2.55,  Mocha - 2.30,  Flavoured iced latte - Vanilla - 2.75,  Smoothies - Glowing Greens - 2.00,  Frappes - Strawberries & Cream - 2.75",12.35,CASH,
11/11/2020 13:55,Merthyr Tudful,Sandra Caron," Frappes - Coffee - 2.75,  Speciality Tea - Earl Grey - 1.30, Regular Chai latte - 2.30,  Smoothies - Carrot Kick - 2.00,  Mocha - 2.30",10.65,CASH,
11/11/2020 13:56,Merthyr Tudful,Carl Larsen,"Large Flavoured latte - Hazelnut - 2.85, Regular Flavoured latte - Gingerbread - 2.55",5.40,CASH,
11/11/2020 13:57,Merthyr Tudful,Mercedes Delgado," Smoothies - Glowing Greens - 2.00",2.00,CARD,6011545758509530
11/11/2020 13:58,Merthyr Tudful,Martin Lampert," Frappes - Chocolate Cookie - 2.75,  Mocha - 2.30",5.05,CARD,9964513658396964
11/11/2020 14:00,Merthyr Tudful,Matthieu Roche,"Large Flavoured latte - Hazelnut - 2.85, Regular Cappuccino - 2.15",5.00,CARD,932740066699153
11/11/2020 14:00,Merthyr Tudful,Xavier Jones,"Large Flavoured latte - Vanilla - 2.85, Regular Luxury hot chocolate - 2.40,  Speciality Tea - Earl Grey - 1.30,  Flat white - 2.15,  Iced latte - 2.35",11.05,CARD,4487383907167564
11/11/2020 14:01,Merthyr Tudful,Tyler Reed," Frappes - Chocolate Cookie - 2.75",2.75,CASH,
11/11/2020 14:01,Merthyr Tudful,Lieschen Mahnke," Smoothies - Carrot Kick - 2.00,  Flavoured iced latte - Hazelnut - 2.75, Regular Chai latte - 2.30",7.05,CASH,
11/11/2020 14:01,Merthyr Tudful,Elsa Aalto,"Large Latte - 2.45,  Babyccino - 0.00",2.45,CARD,2272389675004869
11/11/2020 14:02,Merthyr Tudful,Fatma Okur," Cortado - 2.05, Regular Espresso - 1.50,  Smoothies - Glowing Greens - 2.00",5.55,CASH,
11/11/2020 14:02,Merthyr Tudful,Leah Osullivan," Cortado - 2.05,  Hot chocolate - 1.40",3.45,CARD,6388646316011
11/11/2020 14:03,Merthyr Tudful,Tymon Torheim,"Regular Flavoured latte - Hazelnut - 2.55,  Flat white - 2.15,  Smoothies - Glowing Greens - 2.00",6.70,CARD,3754572929610
11/11/2020 14:03,Merthyr Tudful,Amy Lam,"Regular Flavoured latte - Hazelnut - 2.55,  Smoothies - Berry Beautiful - 2.00",4.55,CASH,
11/11/2020 14:03,Merthyr Tudful,Kyle Gomez," Flavoured iced latte - Hazelnut - 2.75, Regular Americano - 1.95,  Smoothies - Carrot Kick - 2.00, Regular Flavoured latte - Caramel - 2.55, Regular Flavoured latte - Gingerbread - 2.55",11.80,CASH,
11/11/2020 14:04,Merthyr Tudful,Caroline Mcdonalid," Speciality Tea - Green - 1.30",1.30,CARD,290113976893935
11/11/2020 14:04,Merthyr Tudful,Yolanda Lorenzo,"Large Filter coffee - 1.80,  Speciality Tea - Fruit - 1.30,  Babyccino - 0.00,  Speciality Tea - Earl Grey - 1.30",4.40,CASH,
11/11/2020 14:05,Merthyr Tudful,Inaya Vidal," Mocha - 2.30,  Smoothies - Carrot Kick - 2.00",4.30,CASH,
11/11/2020 14:05,Merthyr Tudful,Deniz Kahveci," Speciality Tea - English breakfast - 1.30",1.30,CASH,
11/11/2020 14:06,Merthyr Tudful,Wayne Hayes," Flat white - 2.15, Large Hot chocolate - 2.90, Large Chai latte - 2.60,  Mocha - 2.30",9.95,CASH,
11/11/2020 14:06,Merthyr Tudful,Lily Nelson," Mocha - 2.30,  Speciality Tea - Camomile - 1.30,  Iced americano - 2.15, Regular Flavoured latte - Hazelnut - 2.55",8.30,CASH,
11/11/2020 14:06,Merthyr Tudful,Silvia Castillo," Babyccino - 0.00,  Flavoured iced latte - Hazelnut - 2.75, Regular Flavoured latte - Vanilla - 2.55",5.30,CARD,8174698799680618
11/11/2020 14:07,Merthyr Tudful,Marie Graves," Mocha - 2.30",2.30,CARD,5757016821529065
11/11/2020 14:07,Merthyr Tudful,Ida Olsen," Flavoured iced latte - Hazelnut - 2.75, Large Flavoured latte - Gingerbread - 2.85",5.60,CASH,
11/11/2020 14:08,Merthyr Tudful,Konstantinos Gabler,"Large Hot chocolate - 2.90, Regular Latte - 2.15,  Speciality Tea - Earl Grey - 1.30,  Frappes - Coffee - 2.75,  Iced americano - 2.15",11.25,CARD,6011604751922758
11/11/2020 14:08,Merthyr Tudful,Allan Hunt," Flavoured iced latte - Vanilla - 2.75,  Smoothies - Carrot Kick - 2.00",4.75,CASH,
11/11/2020 14:08,Merthyr Tudful,Shaun Moore," Speciality Tea - Earl Grey - 1.30, Regular Flavoured latte - Caramel - 2.55",3.85,CARD,4594396003448920
11/11/2020 14:09,Merthyr Tudful,Pedro Alvarez," Mocha - 2.30,  Mocha - 2.30,  Smoothies - Berry Beautiful - 2.00,  Speciality Tea - Darjeeling - 1.30,  Iced americano - 2.15",10.05,CASH,
11/11/2020 14:09,Merthyr Tudful,Marieluise Kolodziej," Frappes - Coffee - 2.75,  Speciality Tea - Fruit - 1.30, Large Americano - 2.25",6.30,CASH,
11/11/2020 14:10,Merthyr Tudful,Ninon Schmitt,"Large Flavoured latte - Gingerbread - 2.85",2.85,CARD,3349555317542556
11/11/2020 14:10,Merthyr Tudful,Valentino Giraud," Speciality Tea - English breakfast - 1.30",1.30,CASH,
11/11/2020 14:11,Merthyr Tudful,Anni Couri,"Large Flavoured latte - Gingerbread - 2.85,  Glass of milk - 0.70, Regular Flavoured latte - Hazelnut - 2.55",6.10,CARD,9174582758770877
11/11/2020 14:11,Merthyr Tudful,Bertha Baker," Flat white - 2.15,  Flavoured iced latte - Caramel - 2.75, Large Flavoured latte - Gingerbread - 2.85,  Glass of milk - 0.70",8.45,CASH,
11/11/2020 14:11,Merthyr Tudful,Thor Weiseth,"Large Flavoured latte - Gingerbread - 2.85, Regular Espresso - 1.50,  Flat white - 2.15,  Iced americano - 2.15, Large Flavoured latte - Hazelnut - 2.85",11.50,CASH,
11/11/2020 14:12,Merthyr Tudful,Amine Odden,"Large Flavoured latte - Gingerbread - 2.85, Large Flavoured latte - Hazelnut - 2.85, Large Flavoured latte - Vanilla - 2.85,  Smoothies - Glowing Greens - 2.00",10.55,CASH,
11/11/2020 14:12,Merthyr Tudful,Luce Elsendoorn,"Regular Flavoured latte - Vanilla - 2.55,  Smoothies - Berry Beautiful - 2.00,  Red label tea - 1.20,  Cortado - 2.05",7.80,CASH,
11/11/2020 14:13,Merthyr Tudful,Eliott Menard,"Large Filter coffee - 1.80",1.80,CASH,
11/11/2020 14:13,Merthyr Tudful,Sofia Ekker," Cortado - 2.05",2.05,CASH,
11/11/2020 14:13,Merthyr Tudful,Maurice Burns,"Regular Chai latte - 2.30, Regular Flavoured latte - Gingerbread - 2.55, Regular Cappuccino - 2.15, Large Flavoured latte - Caramel - 2.85,  Iced latte - 2.35",12.20,CARD,6599443161603
11/11/2020 14:14,Merthyr Tudful,Irene Fuentes," Hot chocolate - 1.40, Large Luxury hot chocolate - 2.70, Regular Luxury hot chocolate - 2.40, Regular Flavoured latte - Gingerbread - 2.55,  Frappes - Chocolate Cookie - 2.75",11.80,CARD,2663810980143
11/11/2020 14:14,Merthyr Tudful,Adrian Gil," Speciality Tea - Green - 1.30",1.30,CASH,
11/11/2020 14:15,Merthyr Tudful,Mildred Kelley,"Large Flavoured hot chocolate - Hazelnut - 2.90, Regular Flavoured latte - Vanilla - 2.55",5.45,CASH,
11/11/2020 14:15,Merthyr Tudful,Carolyn Alvarez,"Regular Flavoured latte - Gingerbread - 2.55",2.55,CASH,
11/11/2020 14:16,Merthyr Tudful,Hannah Mackay," Cortado - 2.05,  Flavoured iced latte - Vanilla - 2.75, Large Flavoured hot chocolate - Hazelnut - 2.90",7.70,CARD,0782196722947359
11/11/2020 14:16,Merthyr Tudful,Mourad Ekkel," Cortado - 2.05,  Glass of milk - 0.70, Regular Americano - 1.95",4.70,CARD,2102264675233563
11/11/2020 14:16,Merthyr Tudful,Amy Jordan," Cortado - 2.05,  Red label tea - 1.20, Regular Flavoured hot chocolate - Caramel - 2.60,  Mocha - 2.30, Large Filter coffee - 1.80",9.95,CASH,
11/11/2020 14:17,Merthyr Tudful,Addison Abraham,"Large Filter coffee - 1.80,  Cortado - 2.05,  Mocha - 2.30",6.15,CASH,
11/11/2020 14:17,Merthyr Tudful,Fernanda Guillot,"Large Filter coffee - 1.80, Large Flavoured latte - Hazelnut - 2.85, Regular Flavoured latte - Hazelnut - 2.55",7.20,CARD,3682215251298249
11/11/2020 14:18,Merthyr Tudful,Leon Ross,"Regular Flavoured latte - Gingerbread - 2.55,  Frappes - Chocolate Cookie - 2.75,  Speciality Tea - Camomile - 1.30",6.60,CASH,
11/11/2020 14:18,Merthyr Tudful,William Lucas," Smoothies - Glowing Greens - 2.00,  Speciality Tea - English breakfast - 1.30,  Flavoured iced latte - Caramel - 2.75,  Babyccino - 0.00",6.05,CARD,2505189647072
11/11/2020 14:18,Merthyr Tudful,Karina Fernandez," Cortado - 2.05, Large Flavoured hot chocolate - Caramel - 2.90",4.95,CARD,4194690828864557
11/11/2020 14:19,Merthyr Tudful,Manfred Mooiweer,"Large Hot chocolate - 2.90,  Frappes - Coffee - 2.75, Regular Espresso - 1.50",7.15,CARD,8184963033513745
11/11/2020 14:19,Merthyr Tudful,Olivier Wong," Frappes - Strawberries & Cream - 2.75,  Speciality Tea - English breakfast - 1.30",4.05,CASH,
11/11/2020 14:20,Merthyr Tudful,Karam Blokland,"Regular Hot chocolate - 2.20",2.20,CASH,
11/11/2020 14:20,Merthyr Tudful,Gilbert Knight,"Large Chai latte - 2.60",2.60,CARD,5684930938443230
11/11/2020 14:21,Merthyr Tudful,Patricia Macrae," Iced latte - 2.35,  Mocha - 2.30",4.65,CASH,
11/11/2020 14:21,Merthyr Tudful,Ashton Renkema," Mocha - 2.30, Large Latte - 2.45",4.75,CARD,4497560356845506
11/11/2020 14:21,Merthyr Tudful,Ilka Bosmans," Flavoured iced latte - Vanilla - 2.75, Regular Chai latte - 2.30",5.05,CARD,13328140526177
11/11/2020 14:22,Merthyr Tudful,Patricia Picard," Speciality Tea - Earl Grey - 1.30, Large Chai latte - 2.60, Regular Flavoured latte - Hazelnut - 2.55,  Smoothies - Berry Beautiful - 2.00",8.45,CASH,
11/11/2020 14:22,Merthyr Tudful,Nora Leroux,"Large Chai latte - 2.60, Regular Filter coffee - 1.50,  Iced americano - 2.15,  Speciality Tea - Darjeeling - 1.30,  Frappes - Coffee - 2.75",10.30,CASH,
11/11/2020 14:23,Merthyr Tudful,Esther Campos,"Large Flavoured latte - Gingerbread - 2.85",2.85,CARD,3153041699628451
11/11/2020 14:23,Merthyr Tudful,Benedikt Lecomte," Cortado - 2.05,  Flavoured iced latte - Caramel - 2.75, Large Flavoured hot chocolate - Vanilla - 2.90",7.70,CASH,
11/11/2020 14:23,Merthyr Tudful,Beverly Hunter,"Regular Flavoured latte - Gingerbread - 2.55,  Flat white - 2.15",4.70,CASH,
11/11/2020 14:24,Merthyr Tudful,Katrina Hernandez,"Large Flavoured latte - Vanilla - 2.85, Large Espresso - 1.80,  Smoothies - Glowing Greens - 2.00,  Red label tea - 1.20,  Mocha - 2.30",10.15,CARD,005291050368094
11/11/2020 14:24,Merthyr Tudful,Alexis Bouchard," Iced americano - 2.15, Regular Hot chocolate - 2.20,  Smoothies - Berry Beautiful - 2.00",6.35,CARD,8482669719962404
11/11/2020 14:25,Merthyr Tudful,Hannah Ginnish," Frappes - Strawberries & Cream - 2.75, Large Americano - 2.25,  Frappes - Strawberries & Cream - 2.75,  Speciality Tea - Peppermint - 1.30,  Hot chocolate - 1.40",10.45,CASH,
11/11/2020 14:25,Merthyr Tudful,Ruard Ali," Speciality Tea - Earl Grey - 1.30,  Flavoured iced latte - Caramel - 2.75",4.05,CARD,3789832272052
11/11/2020 14:26,Merthyr Tudful,Felipe Gil," Glass of milk - 0.70, Regular Latte - 2.15,  Smoothies - Glowing Greens - 2.00, Regular Hot chocolate - 2.20",7.05,CASH,
11/11/2020 14:26,Merthyr Tudful,Berndt Wittenberg,"Large Hot chocolate - 2.90,  Speciality Tea - Darjeeling - 1.30,  Speciality Tea - Earl Grey - 1.30, Regular Flavoured hot chocolate - Vanilla - 2.60, Regular Chai latte - 2.30",10.40,CARD,63651329491708512
11/11/2020 14:26,Merthyr Tudful,Eliza Vedvik," Speciality Tea - Fruit - 1.30, Large Flavoured latte - Caramel - 2.85, Regular Flavoured latte - Hazelnut - 2.55,  Speciality Tea - Green - 1.30",8.00,CARD,6011813096358635
11/11/2020 14:27,Merthyr Tudful,Andrea Sanders," Speciality Tea - Camomile - 1.30, Regular Flavoured latte - Gingerbread - 2.55,  Iced americano - 2.15, Large Filter coffee - 1.80",7.80,CASH,
11/11/2020 14:27,Merthyr Tudful,Sophia Ouellet," Frappes - Coffee - 2.75, Large Flavoured latte - Hazelnut - 2.85",5.60,CASH,
11/11/2020 14:28,Merthyr Tudful,Silje Andersen," Cortado - 2.05, Large Flavoured hot chocolate - Hazelnut - 2.90,  Babyccino - 0.00",4.95,CASH,
11/11/2020 14:28,Merthyr Tudful,Taha Lein,"Large Espresso - 1.80",1.80,CARD,7949883917358
11/11/2020 14:28,Merthyr Tudful,Susana Medina," Mocha - 2.30, Regular Flavoured hot chocolate - Hazelnut - 2.60,  Iced americano - 2.15,  Mocha - 2.30",9.35,CASH,
11/11/2020 14:29,Merthyr Tudful,Wiam Slegers,"Large Espresso - 1.80,  Flavoured iced latte - Hazelnut - 2.75",4.55,CARD,6213546791806673
11/11/2020 14:29,Merthyr Tudful,Wanda Thielmann," Red label tea - 1.20,  Glass of milk - 0.70,  Iced americano - 2.15",4.05,CASH,
11/11/2020 14:30,Merthyr Tudful,Elliot Bergeron," Frappes - Chocolate Cookie - 2.75, Large Chai latte - 2.60",5.35,CASH,
11/11/2020 14:30,Merthyr Tudful,Gene Jimenez," Cortado - 2.05,  Frappes - Strawberries & Cream - 2.75,  Speciality Tea - Peppermint - 1.30",6.10,CARD,2641747978786
11/11/2020 14:31,Merthyr Tudful,Diego Dufour,"Large Chai latte - 2.60",2.60,CARD,343701651103584
11/11/2020 14:31,Merthyr Tudful,Jonas Nielsen,"Large Flavoured latte - Vanilla - 2.85",2.85,CARD,6011130811361582
11/11/2020 14:31,Merthyr Tudful,Anna Ward,"Large Americano - 2.25,  Smoothies - Glowing Greens - 2.00, Large Cappuccino - 2.45, Large Flavoured hot chocolate - Caramel - 2.90,  Frappes - Chocolate Cookie - 2.75",12.35,CASH,
11/11/2020 14:32,Merthyr Tudful,Marie Christiansen," Flavoured iced latte - Vanilla - 2.75, Large Americano - 2.25,  Frappes - Chocolate Cookie - 2.75,  Speciality Tea - Fruit - 1.30,  Speciality Tea - English breakfast - 1.30",10.35,CARD,9844720593977
11/11/2020 14:32,Merthyr Tudful,Ismet Moreau,"Regular Espresso - 1.50,  Mocha - 2.30,  Mocha - 2.30,  Smoothies - Berry Beautiful - 2.00,  Iced americano - 2.15",10.25,CASH,
11/11/2020 14:33,Merthyr Tudful,Audete Moura," Hot chocolate - 1.40",1.40,CARD,8501212760705
11/11/2020 14:33,Merthyr Tudful,Amira Picard," Frappes - Strawberries & Cream - 2.75",2.75,CARD,6011095295920575
11/11/2020 14:33,Merthyr Tudful,Carl Johansen," Flavoured iced latte - Hazelnut - 2.75",2.75,CARD,1509742081293202
11/11/2020 14:34,Merthyr Tudful,Charles Bruning," Frappes - Strawberries & Cream - 2.75",2.75,CASH,
11/11/2020 14:34,Merthyr Tudful,Abbey Hayes,"Large Flavoured latte - Gingerbread - 2.85, Regular Latte - 2.15, Large Cappuccino - 2.45, Regular Cappuccino - 2.15",9.60,CASH,
11/11/2020 14:35,Merthyr Tudful,Ezio Charles," Cortado - 2.05, Regular Flavoured hot chocolate - Hazelnut - 2.60, Regular Flavoured hot chocolate - Hazelnut - 2.60, Regular Flavoured hot chocolate - Vanilla - 2.60, Large Americano - 2.25",12.10,CARD,8615260377871681
11/11/2020 14:35,Merthyr Tudful,Maxime Young,"Large Espresso - 1.80",1.80,CASH,
11/11/2020 14:36,Merthyr Tudful,Thi Pierre,"Large Flavoured latte - Caramel - 2.85,  Babyccino - 0.00,  Mocha - 2.30,  Speciality Tea - Earl Grey - 1.30",6.45,CARD,59175736629161277
11/11/2020 14:36,Merthyr Tudful,Fatima Dominguez," Flat white - 2.15, Large Americano - 2.25",4.40,CARD,169049140263793
11/11/2020 14:36,Merthyr Tudful,Bernard Monsen," Red label tea - 1.20,  Smoothies - Berry Beautiful - 2.00,  Frappes - Coffee - 2.75,  Frappes - Chocolate Cookie - 2.75",8.70,CARD,527784531191318
11/11/2020 14:37,Merthyr Tudful,Minea Raisanen," Mocha - 2.30",2.30,CASH,
11/11/2020 14:37,Merthyr Tudful,Henrikke Nordvik," Speciality Tea - Earl Grey - 1.30,  Smoothies - Carrot Kick - 2.00, Regular Flavoured hot chocolate - Vanilla - 2.60,  Frappes - Coffee - 2.75,  Cortado - 2.05",10.70,CASH,
11/11/2020 14:38,Merthyr Tudful,Enrique Caldeira,"Regular Cappuccino - 2.15, Large Flavoured latte - Gingerbread - 2.85",5.00,CASH,
11/11/2020 14:38,Merthyr Tudful,Casimiro Dias," Speciality Tea - Earl Grey - 1.30",1.30,CARD,4316459644260295
11/11/2020 14:38,Merthyr Tudful,Roy Long," Speciality Tea - Green - 1.30,  Speciality Tea - Green - 1.30,  Mocha - 2.30",4.90,CASH,
11/11/2020 14:39,Merthyr Tudful,Isabella Fortin," Speciality Tea - Fruit - 1.30, Regular Filter coffee - 1.50,  Cortado - 2.05, Regular Luxury hot chocolate - 2.40",7.25,CARD,2705564722329
11/11/2020 14:39,Merthyr Tudful,Cherly May,"Large Flavoured latte - Hazelnut - 2.85",2.85,CASH,
11/11/2020 14:40,Merthyr Tudful,Anina Rey,"Regular Espresso - 1.50",1.50,CARD,8317630498149353
11/11/2020 14:40,Merthyr Tudful,Marian Pearson," Mocha - 2.30, Large Hot chocolate - 2.90,  Speciality Tea - English breakfast - 1.30, Large Cappuccino - 2.45",8.95,CASH,
11/11/2020 14:41,Merthyr Tudful,Dylan Gagnon," Speciality Tea - Peppermint - 1.30, Regular Flavoured hot chocolate - Caramel - 2.60,  Flavoured iced latte - Caramel - 2.75,  Glass of milk - 0.70",7.35,CARD,6011834939383847
11/11/2020 14:41,Merthyr Tudful,Szymon Oma,"Regular Flavoured hot chocolate - Vanilla - 2.60,  Speciality Tea - Camomile - 1.30,  Red label tea - 1.20,  Flavoured iced latte - Caramel - 2.75",7.85,CARD,6011442972640054
11/11/2020 14:41,Merthyr Tudful,Francisca Lozano," Speciality Tea - Earl Grey - 1.30, Regular Hot chocolate - 2.20,  Hot chocolate - 1.40,  Mocha - 2.30",7.20,CARD,8983806236605
11/11/2020 14:42,Merthyr Tudful,Steve Morris,"Regular Hot chocolate - 2.20,  Speciality Tea - Earl Grey - 1.30, Regular Flavoured hot chocolate - Hazelnut - 2.60, Large Latte - 2.45",8.55,CASH,
11/11/2020 14:42,Merthyr Tudful,Wilhelm Picard," Flavoured iced latte - Hazelnut - 2.75",2.75,CASH,
11/11/2020 14:43,Merthyr Tudful,Veeti Rantala," Frappes - Chocolate Cookie - 2.75",2.75,CASH,
11/11/2020 14:43,Merthyr Tudful,Aubree Lavoie," Frappes - Strawberries & Cream - 2.75,  Speciality Tea - Green - 1.30,  Frappes - Chocolate Cookie - 2.75, Large Hot chocolate - 2.90, Regular Flavoured latte - Vanilla - 2.55",12.25,CARD,1457041917764139
11/11/2020 14:43,Merthyr Tudful,Elli Korpela,"Regular Flavoured hot chocolate - Vanilla - 2.60, Regular Luxury hot chocolate - 2.40",5.00,CASH,
11/11/2020 14:44,Merthyr Tudful,Alexander Harris,"Regular Cappuccino - 2.15",2.15,CARD,603510153282783
11/11/2020 14:44,Merthyr Tudful,Javier Kelley," Speciality Tea - Fruit - 1.30,  Frappes - Strawberries & Cream - 2.75",4.05,CASH,
11/11/2020 14:45,Merthyr Tudful,Emile Brunet,"Regular Filter coffee - 1.50,  Iced latte - 2.35, Regular Latte - 2.15,  Flavoured iced latte - Hazelnut - 2.75",8.75,CARD,4768583355765537
11/11/2020 14:45,Merthyr Tudful,Natalia Flores," Flat white - 2.15,  Glass of milk - 0.70,  Flavoured iced latte - Hazelnut - 2.75, Large Espresso - 1.80,  Babyccino - 0.00",7.40,CARD,6011700619546546
11/11/2020 14:46,Merthyr Tudful,Sofia Ylitalo," Speciality Tea - Camomile - 1.30,  Smoothies - Berry Beautiful - 2.00,  Babyccino - 0.00, Large Flavoured hot chocolate - Vanilla - 2.90, Regular Chai latte - 2.30",8.50,CASH,
11/11/2020 14:46,Merthyr Tudful,Beth Cook," Smoothies - Berry Beautiful - 2.00",2.00,CASH,
11/11/2020 14:46,Merthyr Tudful,Fabio Boyer," Flavoured iced latte - Vanilla - 2.75",2.75,CASH,
11/11/2020 14:47,Merthyr Tudful,Eva Grewal,"Large Flavoured latte - Hazelnut - 2.85,  Cortado - 2.05,  Speciality Tea - Peppermint - 1.30, Regular Flavoured hot chocolate - Hazelnut - 2.60",8.80,CASH,
11/11/2020 14:47,Merthyr Tudful,Erlend Due,"Regular Flavoured hot chocolate - Caramel - 2.60, Large Americano - 2.25, Large Espresso - 1.80",6.65,CASH,
11/11/2020 14:48,Merthyr Tudful,Filippa Petersen," Speciality Tea - English breakfast - 1.30",1.30,CASH,
11/11/2020 14:48,Merthyr Tudful,Mylan Moreau," Red label tea - 1.20, Regular Flavoured latte - Gingerbread - 2.55,  Mocha - 2.30",6.05,CARD,6011045659541842
11/11/2020 14:48,Merthyr Tudful,Lison Berger," Cortado - 2.05,  Speciality Tea - Fruit - 1.30",3.35,CARD,6011270438157399
11/11/2020 14:49,Merthyr Tudful,Jose Garcia,"Regular Espresso - 1.50,  Flavoured iced latte - Hazelnut - 2.75,  Flavoured iced latte - Vanilla - 2.75,  Flavoured iced latte - Vanilla - 2.75",9.75,CARD,1130313263808606
11/11/2020 14:49,Merthyr Tudful,Cathy Fisher," Smoothies - Berry Beautiful - 2.00,  Speciality Tea - Camomile - 1.30",3.30,CASH,
11/11/2020 14:50,Merthyr Tudful,Rasmus Pesola," Speciality Tea - Earl Grey - 1.30,  Frappes - Coffee - 2.75",4.05,CASH,
11/11/2020 14:50,Merthyr Tudful,Joel Aho,"Large Flavoured hot chocolate - Caramel - 2.90",2.90,CARD,278588152713857
11/11/2020 14:51,Merthyr Tudful,Aubrey Fortin," Speciality Tea - Camomile - 1.30",1.30,CASH,
11/11/2020 14:51,Merthyr Tudful,Toni Hernandez," Speciality Tea - Green - 1.30, Regular Americano - 1.95",3.25,CARD,6011705365896088
11/11/2020 14:51,Merthyr Tudful,Gerardo Carmona," Speciality Tea - Peppermint - 1.30, Regular Cappuccino - 2.15,  Speciality Tea - Fruit - 1.30, Large Luxury hot chocolate - 2.70,  Smoothies - Glowing Greens - 2.00",9.45,CARD,493513682519610
11/11/2020 14:52,Merthyr Tudful,Terrence Kelley,"Large Hot chocolate - 2.90,  Speciality Tea - Earl Grey - 1.30",4.20,CARD,6011759253974585
11/11/2020 14:52,Merthyr Tudful,John Cunningham," Flavoured iced latte - Caramel - 2.75,  Speciality Tea - Earl Grey - 1.30",4.05,CARD,552423658770289
11/11/2020 14:53,Merthyr Tudful,Derci Pinto," Smoothies - Berry Beautiful - 2.00",2.00,CASH,
11/11/2020 14:53,Merthyr Tudful,Silje Christensen," Speciality Tea - Camomile - 1.30",1.30,CARD,7768723323452204
11/11/2020 14:53,Merthyr Tudful,Axelle Louis," Speciality Tea - Earl Grey - 1.30",1.30,CASH,
11/11/2020 14:54,Merthyr Tudful,Nicolas Ouellet," Speciality Tea - Fruit - 1.30,  Smoothies - Carrot Kick - 2.00,  Speciality Tea - Camomile - 1.30",4.60,CARD,8018366793116
11/11/2020 14:54,Merthyr Tudful,Tahir Risseeuw," Flavoured iced latte - Vanilla - 2.75,  Speciality Tea - Fruit - 1.30,  Glass of milk - 0.70",4.75,CARD,7369068620994287
11/11/2020 14:55,Merthyr Tudful,Alice Andrews," Speciality Tea - Earl Grey - 1.30,  Speciality Tea - Earl Grey - 1.30,  Smoothies - Carrot Kick - 2.00,  Frappes - Coffee - 2.75, Regular Filter coffee - 1.50",8.85,CARD,54844200548988
11/11/2020 14:55,Merthyr Tudful,Annemarie Jean,"Large Chai latte - 2.60,  Babyccino - 0.00,  Speciality Tea - Earl Grey - 1.30,  Flavoured iced latte - Vanilla - 2.75",6.65,CARD,8652839397011
11/11/2020 14:56,Merthyr Tudful,Karine Hordvik," Cortado - 2.05,  Speciality Tea - English breakfast - 1.30, Regular Flavoured latte - Vanilla - 2.55,  Speciality Tea - Peppermint - 1.30,  Flavoured iced latte - Hazelnut - 2.75",9.95,CARD,6405722048655
11/11/2020 14:56,Merthyr Tudful,Patricia Marin,"Large Latte - 2.45,  Speciality Tea - Darjeeling - 1.30,  Flat white - 2.15,  Speciality Tea - Peppermint - 1.30, Regular Flavoured latte - Gingerbread - 2.55",9.75,CASH,
11/11/2020 14:56,Merthyr Tudful,Erin Hall," Speciality Tea - Camomile - 1.30",1.30,CARD,0236840235049
11/11/2020 14:57,Merthyr Tudful,Aubree Denys,"Large Americano - 2.25,  Speciality Tea - Green - 1.30, Large Flavoured latte - Vanilla - 2.85, Regular Flavoured latte - Gingerbread - 2.55",8.95,CASH,
11/11/2020 14:57,Merthyr Tudful,Jonathan Burkhard," Mocha - 2.30, Large Flavoured hot chocolate - Hazelnut - 2.90, Large Hot chocolate - 2.90",8.10,CASH,
11/11/2020 14:58,Merthyr Tudful,Robin Joly,"Large Chai latte - 2.60",2.60,CASH,
11/11/2020 14:58,Merthyr Tudful,Clara Gagnon,"Regular Cappuccino - 2.15",2.15,CARD,63017877824583329
11/11/2020 14:58,Merthyr Tudful,Emre Hakyemez," Frappes - Chocolate Cookie - 2.75,  Speciality Tea - Darjeeling - 1.30, Regular Flavoured latte - Hazelnut - 2.55",6.60,CARD,2697996383308873
11/11/2020 14:59,Merthyr Tudful,Evelyn Jackson,"Large Flavoured latte - Gingerbread - 2.85, Regular Espresso - 1.50, Regular Americano - 1.95,  Frappes - Strawberries & Cream - 2.75, Regular Flavoured latte - Hazelnut - 2.55",11.60,CASH,
11/11/2020 14:59,Merthyr Tudful,Wilma Gutierrez," Glass of milk - 0.70",.70,CASH,
11/11/2020 15:00,Merthyr Tudful,Leticia Fabre,"Large Flavoured hot chocolate - Hazelnut - 2.90,  Speciality Tea - Green - 1.30",4.20,CARD,635670420646691
11/11/2020 15:01,Merthyr Tudful,Florent Mercier," Cortado - 2.05, Large Flavoured hot chocolate - Hazelnut - 2.90, Large Flavoured latte - Gingerbread - 2.85, Large Flavoured latte - Gingerbread - 2.85",10.65,CARD,1979544158146516
11/11/2020 15:02,Merthyr Tudful,Ray Kelly,"Large Flavoured hot chocolate - Caramel - 2.90",2.90,CARD,9564834165741091
11/11/2020 15:03,Merthyr Tudful,Shayan Torland," Cortado - 2.05",2.05,CASH,
11/11/2020 15:04,Merthyr Tudful,Jessica Bryant," Flavoured iced latte - Hazelnut - 2.75",2.75,CARD,8844873518887563
11/11/2020 15:05,Merthyr Tudful,Alberte Madsen," Iced latte - 2.35, Regular Americano - 1.95,  Frappes - Strawberries & Cream - 2.75",7.05,CARD,16633446433533
11/11/2020 15:06,Merthyr Tudful,Dara Helling," Mocha - 2.30,  Babyccino - 0.00",2.30,CASH,
11/11/2020 15:07,Merthyr Tudful,Andre Mahn,"Regular Flavoured latte - Vanilla - 2.55",2.55,CASH,
11/11/2020 15:08,Merthyr Tudful,Ben King," Speciality Tea - English breakfast - 1.30,  Babyccino - 0.00,  Speciality Tea - Fruit - 1.30",2.60,CASH,
11/11/2020 15:09,Merthyr Tudful,Karl Weaver," Mocha - 2.30",2.30,CASH,
11/11/2020 15:10,Merthyr Tudful,Ella Keto," Speciality Tea - Green - 1.30, Large Flavoured latte - Gingerbread - 2.85, Regular Latte - 2.15, Regular Hot chocolate - 2.20",8.50,CASH,
11/11/2020 15:11,Merthyr Tudful,Miko Tramper," Iced latte - 2.35, Large Flavoured latte - Gingerbread - 2.85,  Smoothies - Carrot Kick - 2.00",7.20,CASH,
11/11/2020 15:12,Merthyr Tudful,Alfredo Lorenzo," Mocha - 2.30,  Red label tea - 1.20,  Flavoured iced latte - Vanilla - 2.75",6.25,CASH,
11/11/2020 15:13,Merthyr Tudful,Jadiara Peixoto,"Large Flavoured latte - Vanilla - 2.85, Large Flavoured hot chocolate - Hazelnut - 2.90,  Cortado - 2.05,  Cortado - 2.05,  Speciality Tea - Earl Grey - 1.30",11.15,CARD,7258248562638578
11/11/2020 15:14,Merthyr Tudful,Gabrielle Carpentier," Frappes - Chocolate Cookie - 2.75, Large Flavoured latte - Vanilla - 2.85,  Frappes - Strawberries & Cream - 2.75, Large Hot chocolate - 2.90",11.25,CASH,
11/11/2020 15:15,Merthyr Tudful,Kerttu Nevala," Frappes - Strawberries & Cream - 2.75,  Frappes - Coffee - 2.75, Large Hot chocolate - 2.90",8.40,CASH,
11/11/2020 15:17,Merthyr Tudful,Hannes Martinez," Smoothies - Berry Beautiful - 2.00, Large Filter coffee - 1.80,  Glass of milk - 0.70, Large Flavoured hot chocolate - Vanilla - 2.90,  Flavoured iced latte - Vanilla - 2.75",10.15,CARD,9287030544150837
11/11/2020 15:18,Merthyr Tudful,Minttu Anttila,"Large Latte - 2.45, Regular Espresso - 1.50, Large Cappuccino - 2.45",6.40,CARD,0369955646131
11/11/2020 15:19,Merthyr Tudful,Lloyd Morgan,"Regular Flavoured latte - Hazelnut - 2.55,  Speciality Tea - Earl Grey - 1.30, Large Latte - 2.45, Regular Latte - 2.15, Large Flavoured latte - Hazelnut - 2.85",11.30,CASH,
11/11/2020 15:20,Merthyr Tudful,Neelam Jakobs,"Regular Flavoured hot chocolate - Vanilla - 2.60",2.60,CARD,683204908908355
11/11/2020 15:21,Merthyr Tudful,Walter Armstrong," Speciality Tea - Fruit - 1.30,  Iced americano - 2.15,  Babyccino - 0.00, Regular Flavoured latte - Gingerbread - 2.55,  Speciality Tea - Fruit - 1.30",7.30,CASH,
11/11/2020 15:22,Merthyr Tudful,Emilie Addy," Smoothies - Berry Beautiful - 2.00,  Speciality Tea - Earl Grey - 1.30",3.30,CARD,7100071750110627
11/11/2020 15:23,Merthyr Tudful,Milla Kilpela,"Regular Chai latte - 2.30,  Iced americano - 2.15,  Glass of milk - 0.70",5.15,CARD,6011948796040809
11/11/2020 15:24,Merthyr Tudful,Amelia Denys,"Large Latte - 2.45, Large Flavoured latte - Hazelnut - 2.85,  Smoothies - Carrot Kick - 2.00, Large Chai latte - 2.60",9.90,CARD,7752806662686
11/11/2020 15:25,Merthyr Tudful,Eduarda Rodrigues,"Regular Flavoured hot chocolate - Vanilla - 2.60, Regular Flavoured latte - Hazelnut - 2.55",5.15,CASH,
11/11/2020 15:26,Merthyr Tudful,Eemil Tuominen," Red label tea - 1.20,  Flavoured iced latte - Hazelnut - 2.75",3.95,CASH,
11/11/2020 15:27,Merthyr Tudful,Robert Matthews," Speciality Tea - Darjeeling - 1.30",1.30,CASH,
11/11/2020 15:28,Merthyr Tudful,Thi Charles," Mocha - 2.30,  Babyccino - 0.00,  Frappes - Strawberries & Cream - 2.75,  Cortado - 2.05,  Mocha - 2.30",9.40,CASH,
11/11/2020 15:29,Merthyr Tudful,Kate Payne," Smoothies - Carrot Kick - 2.00,  Speciality Tea - Earl Grey - 1.30, Regular Americano - 1.95",5.25,CASH,
11/11/2020 15:30,Merthyr Tudful,Leonore Wenzl,"Large Latte - 2.45, Large Flavoured hot chocolate - Vanilla - 2.90",5.35,CASH,
11/11/2020 15:31,Merthyr Tudful,Jadir Cavalcanti," Speciality Tea - Earl Grey - 1.30, Regular Flavoured hot chocolate - Hazelnut - 2.60,  Speciality Tea - Fruit - 1.30, Regular Flavoured latte - Gingerbread - 2.55",7.75,CARD,9398915670582
11/11/2020 15:32,Merthyr Tudful,Mario Adams,"Regular Flavoured latte - Caramel - 2.55, Regular Flavoured hot chocolate - Caramel - 2.60",5.15,CASH,
11/11/2020 15:33,Merthyr Tudful,Gabrielle Petit,"Regular Flavoured hot chocolate - Vanilla - 2.60",2.60,CARD,032815982108882
11/11/2020 15:34,Merthyr Tudful,Louise Renard," Speciality Tea - Green - 1.30,  Cortado - 2.05,  Mocha - 2.30",5.65,CARD,9567538654555021
11/11/2020 15:35,Merthyr Tudful,Aatu Lampo," Smoothies - Carrot Kick - 2.00",2.00,CASH,
11/11/2020 15:37,Merthyr Tudful,Hunter Lavigne," Glass of milk - 0.70, Large Espresso - 1.80,  Mocha - 2.30",4.80,CASH,
11/11/2020 15:38,Merthyr Tudful,Edna Bowman," Speciality Tea - Camomile - 1.30, Regular Hot chocolate - 2.20",3.50,CASH,
11/11/2020 15:39,Merthyr Tudful,Leah Thomas,"Large Hot chocolate - 2.90,  Flavoured iced latte - Caramel - 2.75",5.65,CASH,
11/11/2020 15:40,Merthyr Tudful,Rebecca Burns," Flavoured iced latte - Vanilla - 2.75,  Flavoured iced latte - Vanilla - 2.75, Regular Latte - 2.15,  Mocha - 2.30,  Smoothies - Glowing Greens - 2.00",11.95,CASH,
11/11/2020 15:41,Merthyr Tudful,Sarah Slawa,"Regular Flavoured latte - Hazelnut - 2.55, Large Hot chocolate - 2.90, Regular Flavoured latte - Vanilla - 2.55, Regular Flavoured latte - Gingerbread - 2.55",10.55,CARD,6733370962865438
11/11/2020 15:42,Merthyr Tudful,Annette Dixon," Smoothies - Berry Beautiful - 2.00,  Speciality Tea - Darjeeling - 1.30, Regular Flavoured latte - Gingerbread - 2.55,  Red label tea - 1.20",7.05,CASH,
11/11/2020 15:43,Merthyr Tudful,Alma Poulsen,"Large Americano - 2.25",2.25,CASH,
11/11/2020 15:44,Merthyr Tudful,Leander Berland," Iced americano - 2.15",2.15,CARD,788109120572086
11/11/2020 15:45,Merthyr Tudful,Georgia Barnes," Speciality Tea - Fruit - 1.30,  Mocha - 2.30",3.60,CASH,
11/11/2020 15:46,Merthyr Tudful,Carmen Lopez," Iced latte - 2.35,  Iced latte - 2.35",4.70,CASH,
11/11/2020 15:47,Merthyr Tudful,Brielle Novak," Iced americano - 2.15, Large Flavoured latte - Caramel - 2.85",5.00,CARD,3133642725866458
11/11/2020 15:48,Merthyr Tudful,Kerim Fahri,"Large Filter coffee - 1.80,  Cortado - 2.05",3.85,CARD,735694832852430
11/11/2020 15:49,Merthyr Tudful,Juan Craig,"Large Flavoured latte - Gingerbread - 2.85,  Hot chocolate - 1.40,  Flat white - 2.15,  Mocha - 2.30,  Cortado - 2.05",10.75,CARD,2429445523732377
11/11/2020 15:50,Merthyr Tudful,Allan Mcdonalid," Speciality Tea - Green - 1.30,  Hot chocolate - 1.40,  Speciality Tea - Green - 1.30",4.00,CARD,7260364143111
11/11/2020 15:51,Merthyr Tudful,Barend Alma," Speciality Tea - Green - 1.30,  Mocha - 2.30",3.60,CASH,
11/11/2020 15:52,Merthyr Tudful,Diego Santos," Smoothies - Glowing Greens - 2.00,  Frappes - Strawberries & Cream - 2.75",4.75,CASH,
11/11/2020 15:53,Merthyr Tudful,Marie Gordon,"Large Flavoured latte - Gingerbread - 2.85,  Cortado - 2.05,  Mocha - 2.30",7.20,CASH,
11/11/2020 15:54,Merthyr Tudful,Nathan Alvarez,"Large Flavoured latte - Caramel - 2.85, Regular Flavoured latte - Gingerbread - 2.55",5.40,CARD,6011537303919537
11/11/2020 15:55,Merthyr Tudful,Jeremiah Murray,"Large Flavoured latte - Gingerbread - 2.85",2.85,CASH,
11/11/2020 15:57,Merthyr Tudful,Juho Kauppi," Mocha - 2.30,  Iced latte - 2.35,  Speciality Tea - Darjeeling - 1.30",5.95,CASH,
11/11/2020 15:58,Merthyr Tudful,Alec Bruinewoud," Iced latte - 2.35,  Babyccino - 0.00",2.35,CARD,7650353285344458
11/11/2020 15:59,Merthyr Tudful,Tatjana Lefebvre,"Regular Flavoured latte - Hazelnut - 2.55, Regular Cappuccino - 2.15,  Speciality Tea - Earl Grey - 1.30",6.00,CASH,
11/11/2020 16:00,Merthyr Tudful,Kerttu Saari," Speciality Tea - Fruit - 1.30,  Speciality Tea - Fruit - 1.30,  Flavoured iced latte - Hazelnut - 2.75, Regular Flavoured latte - Vanilla - 2.55",7.90,CARD,6011622727825791
11/11/2020 16:02,Merthyr Tudful,Giliano Haringsma,"Large Flavoured latte - Gingerbread - 2.85, Large Espresso - 1.80,  Speciality Tea - Fruit - 1.30, Large Flavoured latte - Caramel - 2.85,  Speciality Tea - Green - 1.30",10.10,CASH,
11/11/2020 16:04,Merthyr Tudful,Sylvester Fath," Speciality Tea - Earl Grey - 1.30",1.30,CASH,
11/11/2020 16:07,Merthyr Tudful,Lidija Schade," Smoothies - Carrot Kick - 2.00,  Smoothies - Glowing Greens - 2.00, Large Cappuccino - 2.45, Large Flavoured latte - Hazelnut - 2.85, Regular Flavoured latte - Hazelnut - 2.55",11.85,CASH,
11/11/2020 16:09,Merthyr Tudful,Christina Riedl," Iced americano - 2.15",2.15,CASH,
11/11/2020 16:11,Merthyr Tudful,Charlie Thompson," Speciality Tea - Earl Grey - 1.30,  Flavoured iced latte - Caramel - 2.75",4.05,CASH,
11/11/2020 16:14,Merthyr Tudful,Bertine Asheim," Frappes - Strawberries & Cream - 2.75,  Flavoured iced latte - Caramel - 2.75",5.50,CASH,
11/11/2020 16:16,Merthyr Tudful,Alexandre Barnaby,"Large Espresso - 1.80, Large Americano - 2.25,  Flavoured iced latte - Vanilla - 2.75,  Speciality Tea - Earl Grey - 1.30, Large Flavoured latte - Caramel - 2.85",10.95,CASH,
11/11/2020 16:18,Merthyr Tudful,William Jordan,"Large Flavoured hot chocolate - Hazelnut - 2.90, Large Latte - 2.45,  Speciality Tea - English breakfast - 1.30,  Mocha - 2.30, Large Latte - 2.45",11.40,CARD,6011403682617107
11/11/2020 16:20,Merthyr Tudful,Viljami Jutila,"Regular Cappuccino - 2.15, Regular Hot chocolate - 2.20, Regular Espresso - 1.50,  Iced americano - 2.15,  Mocha - 2.30",10.30,CASH,
11/11/2020 16:23,Merthyr Tudful,Gabriel Hawkins,"Regular Hot chocolate - 2.20,  Speciality Tea - Earl Grey - 1.30, Large Flavoured hot chocolate - Vanilla - 2.90",6.40,CASH,
11/11/2020 16:25,Merthyr Tudful,Blake Cooper,"Large Flavoured latte - Gingerbread - 2.85",2.85,CASH,
11/11/2020 16:27,Merthyr Tudful,Ulf Scheid,"Regular Hot chocolate - 2.20, Regular Flavoured latte - Gingerbread - 2.55, Large Espresso - 1.80,  Speciality Tea - English breakfast - 1.30",7.85,CARD,7995079973994712
11/11/2020 16:30,Merthyr Tudful,Philippe Wilson,"Regular Flavoured latte - Caramel - 2.55",2.55,CARD,0648470458311099
11/11/2020 16:32,Merthyr Tudful,Aada Sippola," Flavoured iced latte - Hazelnut - 2.75, Regular Hot chocolate - 2.20, Regular Flavoured hot chocolate - Vanilla - 2.60,  Frappes - Strawberries & Cream - 2.75",10.30,CASH,
11/11/2020 16:34,Merthyr Tudful,Deanna Nelson,"Large Flavoured latte - Gingerbread - 2.85,  Speciality Tea - Peppermint - 1.30,  Speciality Tea - Darjeeling - 1.30, Large Flavoured latte - Vanilla - 2.85",8.30,CARD,357798611500196
11/11/2020 16:37,Merthyr Tudful,Olivier Abraham," Cortado - 2.05,  Speciality Tea - Earl Grey - 1.30",3.35,CARD,582932971324868
11/11/2020 16:39,Merthyr Tudful,Francisco Fernandez,"Regular Hot chocolate - 2.20, Regular Espresso - 1.50",3.70,CASH,
11/11/2020 16:41,Merthyr Tudful,Mohamed Charles," Iced americano - 2.15, Large Flavoured latte - Vanilla - 2.85,  Speciality Tea - Earl Grey - 1.30,  Frappes - Chocolate Cookie - 2.75,  Speciality Tea - Earl Grey - 1.30",10.35,CASH,
11/11/2020 16:44,Merthyr Tudful,Lenira Barbosa,"Regular Flavoured latte - Hazelnut - 2.55, Large Flavoured latte - Gingerbread - 2.85",5.40,CASH,
11/11/2020 16:46,Merthyr Tudful,Tobias Nielsen,"Regular Filter coffee - 1.50,  Hot chocolate - 1.40,  Speciality Tea - Darjeeling - 1.30,  Cortado - 2.05",6.25,CASH,
11/11/2020 16:48,Merthyr Tudful,Noelia Morales,"Large Latte - 2.45,  Hot chocolate - 1.40,  Flavoured iced latte - Caramel - 2.75, Regular Luxury hot chocolate - 2.40, Regular Flavoured latte - Vanilla - 2.55",11.55,CARD,916615929273737
11/11/2020 16:50,Merthyr Tudful,Luzio Barbosa," Flavoured iced latte - Hazelnut - 2.75, Large Flavoured latte - Gingerbread - 2.85,  Red label tea - 1.20, Large Flavoured latte - Vanilla - 2.85",9.65,CASH,
11/11/2020 16:53,Merthyr Tudful,Simone Bonnet,"Regular Latte - 2.15,  Mocha - 2.30, Large Latte - 2.45",6.90,CASH,
11/11/2020 16:55,Merthyr Tudful,Carolyn Dean,"Regular Flavoured latte - Hazelnut - 2.55",2.55,CASH,
11/11/2020 16:57,Merthyr Tudful,Philippe Ennis," Frappes - Chocolate Cookie - 2.75,  Speciality Tea - Earl Grey - 1.30, Regular Flavoured latte - Caramel - 2.55",6.60,CARD,5988303741709487
