11/11/2020 08:05,Poole,Russell Fitzgerald," Flavoured iced latte - Hazelnut - 2.75",2.75,CASH,
11/11/2020 08:05,Poole,Romain Gonzalez,"Large Flavoured latte - Vanilla - 2.85",2.85,CASH,
11/11/2020 08:06,Poole,Finn Tangen," Speciality Tea - Camomile - 1.30, Large Flavoured latte - Hazelnut - 2.85",4.15,CARD,3798776501795648
11/11/2020 08:07,Poole,Luca Adam," Flavoured iced latte - Vanilla - 2.75,  Flavoured iced latte - Hazelnut - 2.75,  Frappes - Chocolate Cookie - 2.75",8.25,CARD,6011923299937594
11/11/2020 08:08,Poole,Shayan Haddeland," Smoothies - Carrot Kick - 2.00,  Cortado - 2.05",4.05,CARD,6011426396207233
11/11/2020 08:09,Poole,Neva Rave," Frappes - Chocolate Cookie - 2.75,  Speciality Tea - Earl Grey - 1.30, Regular Flavoured latte - Caramel - 2.55, Large Latte - 2.45,  Babyccino - 0.00",9.05,CARD,0294192927199094
11/11/2020 08:10,Poole,Lawrence Richards," Cortado - 2.05, Large Flavoured latte - Vanilla - 2.85,  Smoothies - Berry Beautiful - 2.00",6.90,CARD,5374784773402
11/11/2020 08:11,Poole,Kaya Walseth,"Regular Cappuccino - 2.15, Large Americano - 2.25,  Smoothies - Berry Beautiful - 2.00",6.40,CASH,
11/11/2020 08:11,Poole,Kelen Pinto," Flat white - 2.15",2.15,CARD,272503275668193
11/11/2020 08:12,Poole,Maddison Simpson," Frappes - Chocolate Cookie - 2.75",2.75,CARD,5317343526959347
11/11/2020 08:13,Poole,Esther Hudson,"Regular Espresso - 1.50,  Flavoured iced latte - Hazelnut - 2.75, Regular Chai latte - 2.30",6.55,CARD,4969561372370649
11/11/2020 08:14,Poole,Anja Rentsch,"Large Flavoured hot chocolate - Caramel - 2.90,  Iced latte - 2.35, Large Americano - 2.25",7.50,CASH,
11/11/2020 08:15,Poole,Leo Silveira," Frappes - Coffee - 2.75, Regular Americano - 1.95, Large Flavoured latte - Vanilla - 2.85, Large Latte - 2.45, Regular Flavoured latte - Vanilla - 2.55",12.55,CARD,7541856481047838
11/11/2020 08:16,Poole,Sheryl Dean," Frappes - Chocolate Cookie - 2.75, Regular Cappuccino - 2.15,  Frappes - Strawberries & Cream - 2.75,  Smoothies - Glowing Greens - 2.00",9.65,CARD,984109055540242
11/11/2020 08:17,Poole,Sean Hill," Flavoured iced latte - Caramel - 2.75,  Smoothies - Carrot Kick - 2.00, Regular Flavoured hot chocolate - Caramel - 2.60, Regular Latte - 2.15",9.50,CASH,
11/11/2020 08:18,Poole,Fouzia Brugmans," Hot chocolate - 1.40,  Mocha - 2.30, Large Flavoured hot chocolate - Caramel - 2.90,  Babyccino - 0.00",6.60,CARD,6195827421605883
11/11/2020 08:18,Poole,Ambre Marchand,"Large Chai latte - 2.60,  Speciality Tea - Green - 1.30,  Flavoured iced latte - Caramel - 2.75",6.65,CARD,773553018340061
11/11/2020 08:19,Poole,Minea Takala,"Large Latte - 2.45,  Babyccino - 0.00, Regular Flavoured hot chocolate - Hazelnut - 2.60,  Flavoured iced latte - Caramel - 2.75,  Babyccino - 0.00",7.80,CARD,8593065964967
11/11/2020 08:20,Poole,Patricia Brady," Flat white - 2.15,  Smoothies - Glowing Greens - 2.00",4.15,CARD,520208252391695
11/11/2020 08:21,Poole,Tristan Jensen," Flavoured iced latte - Hazelnut - 2.75,  Cortado - 2.05,  Speciality Tea - Earl Grey - 1.30, Regular Flavoured latte - Hazelnut - 2.55,  Iced americano - 2.15",10.80,CASH,
11/11/2020 08:22,Poole,Dwight Gutierrez,"Large Cappuccino - 2.45,  Speciality Tea - Peppermint - 1.30,  Speciality Tea - English breakfast - 1.30,  Flavoured iced latte - Hazelnut - 2.75",7.80,CASH,
11/11/2020 08:23,Poole,Laura Cox,"Regular Filter coffee - 1.50",1.50,CARD,4246447101200
11/11/2020 08:24,Poole,Marie Watkins," Babyccino - 0.00,  Flavoured iced latte - Hazelnut - 2.75,  Speciality Tea - Darjeeling - 1.30,  Mocha - 2.30",6.35,CARD,253601874743815
11/11/2020 08:25,Poole,Nina Santos," Flavoured iced latte - Caramel - 2.75, Regular Flavoured latte - Vanilla - 2.55",5.30,CARD,9718315732893152
11/11/2020 08:25,Poole,Piper Green,"Regular Espresso - 1.50",1.50,CARD,0563099966932805
11/11/2020 08:26,Poole,Alicia Enersen," Smoothies - Glowing Greens - 2.00,  Speciality Tea - English breakfast - 1.30,  Speciality Tea - Darjeeling - 1.30, Regular Flavoured hot chocolate - Caramel - 2.60,  Frappes - Chocolate Cookie - 2.75",9.95,CARD,653347870161585
11/11/2020 08:27,Poole,Minea Wiita," Flavoured iced latte - Hazelnut - 2.75, Regular Flavoured hot chocolate - Caramel - 2.60,  Glass of milk - 0.70",6.05,CASH,
11/11/2020 08:28,Poole,Chiara Colin," Smoothies - Glowing Greens - 2.00,  Speciality Tea - English breakfast - 1.30",3.30,CASH,
11/11/2020 08:29,Poole,Jaques Nascimento," Speciality Tea - Fruit - 1.30,  Smoothies - Berry Beautiful - 2.00,  Iced americano - 2.15",5.45,CASH,
11/11/2020 08:30,Poole,Christian Rasmussen," Speciality Tea - Camomile - 1.30,  Speciality Tea - Earl Grey - 1.30,  Frappes - Chocolate Cookie - 2.75, Regular Hot chocolate - 2.20,  Iced latte - 2.35",9.90,CASH,
11/11/2020 08:31,Poole,Germano Pinto,"Regular Flavoured latte - Vanilla - 2.55,  Mocha - 2.30",4.85,CARD,0932960910780
11/11/2020 08:31,Poole,Nora Vidal," Mocha - 2.30, Large Flavoured hot chocolate - Caramel - 2.90,  Speciality Tea - Darjeeling - 1.30, Regular Flavoured hot chocolate - Vanilla - 2.60, Large Americano - 2.25",11.35,CASH,
11/11/2020 08:32,Poole,Bertram Kristensen," Speciality Tea - Green - 1.30,  Hot chocolate - 1.40,  Flavoured iced latte - Vanilla - 2.75, Large Flavoured latte - Hazelnut - 2.85,  Flat white - 2.15",10.45,CARD,6011908492243598
11/11/2020 08:33,Poole,Elisane Castro," Flat white - 2.15,  Frappes - Chocolate Cookie - 2.75, Large Flavoured latte - Caramel - 2.85, Large Americano - 2.25",10.00,CARD,457139108372507
11/11/2020 08:34,Poole,Cristiaan Lambert," Iced latte - 2.35,  Smoothies - Carrot Kick - 2.00,  Red label tea - 1.20,  Speciality Tea - Earl Grey - 1.30",6.85,CARD,4592110839840456
11/11/2020 08:35,Poole,Carlos Diaz," Flavoured iced latte - Hazelnut - 2.75,  Glass of milk - 0.70, Large Americano - 2.25, Regular Flavoured latte - Caramel - 2.55, Large Flavoured hot chocolate - Hazelnut - 2.90",11.15,CARD,6011347498458983
11/11/2020 08:36,Poole,Yolanda Nicolas,"Large Espresso - 1.80,  Smoothies - Carrot Kick - 2.00",3.80,CASH,
11/11/2020 08:37,Poole,Lisa Matthews," Frappes - Coffee - 2.75,  Iced americano - 2.15,  Cortado - 2.05,  Flavoured iced latte - Caramel - 2.75",9.70,CARD,2836909291123161
11/11/2020 08:38,Poole,Sofie Mongstad," Flavoured iced latte - Hazelnut - 2.75,  Frappes - Strawberries & Cream - 2.75,  Flavoured iced latte - Hazelnut - 2.75, Regular Flavoured latte - Caramel - 2.55",10.80,CARD,7067805843179
11/11/2020 08:38,Poole,Kazim Keppler," Frappes - Chocolate Cookie - 2.75, Regular Cappuccino - 2.15,  Speciality Tea - Green - 1.30,  Speciality Tea - English breakfast - 1.30,  Babyccino - 0.00",7.50,CARD,185553520353968
11/11/2020 08:39,Poole,Heinz Hubert," Glass of milk - 0.70,  Flavoured iced latte - Hazelnut - 2.75, Large Latte - 2.45",5.90,CASH,
11/11/2020 08:40,Poole,Kenneth Howard," Speciality Tea - Green - 1.30",1.30,CARD,9268322338109582
11/11/2020 08:41,Poole,Selma Petersen,"Large Flavoured hot chocolate - Caramel - 2.90,  Flavoured iced latte - Hazelnut - 2.75,  Flavoured iced latte - Caramel - 2.75, Regular Flavoured hot chocolate - Hazelnut - 2.60, Regular Latte - 2.15",13.15,CASH,
11/11/2020 08:42,Poole,Laurie Wong," Speciality Tea - Camomile - 1.30,  Smoothies - Glowing Greens - 2.00",3.30,CARD,6011478430002353
11/11/2020 08:43,Poole,Clifford Frazier," Mocha - 2.30,  Speciality Tea - Peppermint - 1.30",3.60,CASH,
11/11/2020 08:44,Poole,Caleb Wallace," Cortado - 2.05,  Flat white - 2.15, Large Flavoured hot chocolate - Hazelnut - 2.90, Large Flavoured latte - Gingerbread - 2.85",9.95,CASH,
11/11/2020 08:45,Poole,Friedhold Fleckenstein," Speciality Tea - English breakfast - 1.30,  Red label tea - 1.20,  Speciality Tea - Camomile - 1.30,  Speciality Tea - English breakfast - 1.30,  Hot chocolate - 1.40",6.50,CASH,
11/11/2020 08:45,Poole,Samuel Miller,"Large Flavoured latte - Gingerbread - 2.85",2.85,CASH,
11/11/2020 08:46,Poole,Tomas Parra," Frappes - Chocolate Cookie - 2.75",2.75,CARD,2900877581862
11/11/2020 08:47,Poole,Marion Sims,"Regular Chai latte - 2.30,  Iced americano - 2.15,  Frappes - Chocolate Cookie - 2.75,  Mocha - 2.30",9.50,CASH,
11/11/2020 08:48,Poole,Zachary Sanchez,"Regular Flavoured latte - Hazelnut - 2.55,  Flavoured iced latte - Caramel - 2.75, Large Filter coffee - 1.80,  Speciality Tea - Green - 1.30,  Flavoured iced latte - Caramel - 2.75",11.15,CARD,6807516610987509
11/11/2020 08:49,Poole,Sam Mckinney,"Regular Americano - 1.95,  Babyccino - 0.00,  Frappes - Chocolate Cookie - 2.75,  Smoothies - Berry Beautiful - 2.00, Regular Flavoured hot chocolate - Hazelnut - 2.60",9.30,CASH,
11/11/2020 08:50,Poole,Vin Lutz," Speciality Tea - English breakfast - 1.30,  Flavoured iced latte - Hazelnut - 2.75",4.05,CARD,6340639845384098
11/11/2020 08:51,Poole,Nina Edwards,"Large Flavoured latte - Caramel - 2.85,  Smoothies - Carrot Kick - 2.00, Large Americano - 2.25",7.10,CASH,
11/11/2020 08:51,Poole,Jonathan Caballero," Frappes - Chocolate Cookie - 2.75",2.75,CASH,
11/11/2020 08:52,Poole,Tim Hughes,"Large Flavoured latte - Hazelnut - 2.85,  Flavoured iced latte - Caramel - 2.75",5.60,CARD,6011065746876854
11/11/2020 08:53,Poole,Fabianne Valkering," Hot chocolate - 1.40, Regular Flavoured latte - Hazelnut - 2.55,  Speciality Tea - Earl Grey - 1.30, Regular Flavoured latte - Vanilla - 2.55",7.80,CASH,
11/11/2020 08:54,Poole,Eva Clark,"Large Latte - 2.45, Regular Flavoured latte - Gingerbread - 2.55",5.00,CARD,55733093904596116
11/11/2020 08:55,Poole,Elmar Carpentier," Frappes - Chocolate Cookie - 2.75,  Flavoured iced latte - Hazelnut - 2.75, Large Espresso - 1.80",7.30,CASH,
11/11/2020 08:56,Poole,Berend Wedel," Glass of milk - 0.70",.70,CASH,
11/11/2020 08:57,Poole,Miro Pakkala,"Regular Latte - 2.15,  Frappes - Chocolate Cookie - 2.75, Regular Filter coffee - 1.50,  Hot chocolate - 1.40",7.80,CASH,
11/11/2020 08:58,Poole,Edgar Lambert," Flavoured iced latte - Vanilla - 2.75, Large Flavoured latte - Gingerbread - 2.85",5.60,CARD,8448033986639400
11/11/2020 08:58,Poole,Bertram Jensen," Iced americano - 2.15,  Flavoured iced latte - Caramel - 2.75",4.90,CARD,34815487384813121
11/11/2020 08:59,Poole,Jen Peters," Iced latte - 2.35, Regular Flavoured latte - Hazelnut - 2.55, Large Filter coffee - 1.80",6.70,CARD,6011546186879651
11/11/2020 09:00,Poole,Ugo Morin,"Regular Espresso - 1.50",1.50,CARD,5913148306515928
11/11/2020 09:01,Poole,Anatole Arnaud,"Regular Luxury hot chocolate - 2.40, Large Americano - 2.25,  Red label tea - 1.20,  Smoothies - Glowing Greens - 2.00",7.85,CASH,
11/11/2020 09:01,Poole,Zoe Masson,"Regular Filter coffee - 1.50",1.50,CASH,
11/11/2020 09:02,Poole,Owen Johnson," Smoothies - Glowing Greens - 2.00,  Flavoured iced latte - Vanilla - 2.75,  Speciality Tea - Earl Grey - 1.30,  Cortado - 2.05,  Smoothies - Carrot Kick - 2.00",10.10,CARD,389276771475881
11/11/2020 09:02,Poole,Aune Fedje," Speciality Tea - Peppermint - 1.30, Regular Flavoured hot chocolate - Caramel - 2.60, Large Cappuccino - 2.45, Large Flavoured hot chocolate - Hazelnut - 2.90,  Flat white - 2.15",11.40,CARD,6011359433198609
11/11/2020 09:03,Poole,Nola Ravesteijn," Frappes - Chocolate Cookie - 2.75,  Smoothies - Berry Beautiful - 2.00,  Glass of milk - 0.70,  Flavoured iced latte - Caramel - 2.75",8.20,CARD,250934456898532
11/11/2020 09:04,Poole,Yann Dumont,"Large Flavoured hot chocolate - Hazelnut - 2.90, Regular Flavoured latte - Gingerbread - 2.55",5.45,CARD,4519711624304
11/11/2020 09:04,Poole,Dorenda Pot," Mocha - 2.30",2.30,CARD,7236392524664106
11/11/2020 09:05,Poole,Topias Kivisto,"Large Flavoured latte - Vanilla - 2.85, Large Luxury hot chocolate - 2.70",5.55,CARD,4189500276245
11/11/2020 09:05,Poole,Francisco Watson," Cortado - 2.05,  Hot chocolate - 1.40,  Speciality Tea - Green - 1.30",4.75,CASH,
11/11/2020 09:06,Poole,Layla Wright," Speciality Tea - English breakfast - 1.30, Regular Flavoured hot chocolate - Vanilla - 2.60,  Smoothies - Carrot Kick - 2.00,  Speciality Tea - Camomile - 1.30,  Mocha - 2.30",9.50,CASH,
11/11/2020 09:06,Poole,Kathleen Johnson,"Regular Cappuccino - 2.15,  Speciality Tea - English breakfast - 1.30, Regular Hot chocolate - 2.20",5.65,CARD,797447474950745
11/11/2020 09:07,Poole,Rafael Hayes," Frappes - Coffee - 2.75, Regular Cappuccino - 2.15",4.90,CARD,2979648551738
11/11/2020 09:07,Poole,Ignacio Hernandez," Flavoured iced latte - Caramel - 2.75,  Speciality Tea - English breakfast - 1.30, Regular Flavoured hot chocolate - Hazelnut - 2.60,  Frappes - Chocolate Cookie - 2.75, Regular Flavoured hot chocolate - Hazelnut - 2.60",12.00,CASH,
11/11/2020 09:08,Poole,Vicki Obrien," Hot chocolate - 1.40, Large Flavoured latte - Vanilla - 2.85,  Speciality Tea - English breakfast - 1.30",5.55,CASH,
11/11/2020 09:09,Poole,Mary Simmons," Smoothies - Glowing Greens - 2.00,  Red label tea - 1.20,  Speciality Tea - Peppermint - 1.30,  Mocha - 2.30",6.80,CARD,6011493181041752
11/11/2020 09:09,Poole,Douglas Neal," Speciality Tea - Green - 1.30,  Hot chocolate - 1.40,  Speciality Tea - Fruit - 1.30",4.00,CASH,
11/11/2020 09:10,Poole,Jetze Bannink," Frappes - Strawberries & Cream - 2.75, Regular Flavoured hot chocolate - Caramel - 2.60,  Flavoured iced latte - Caramel - 2.75,  Flavoured iced latte - Caramel - 2.75, Large Espresso - 1.80",12.65,CARD,7729457524132298
11/11/2020 09:10,Poole,Dolores Zimmerer," Hot chocolate - 1.40, Regular Flavoured latte - Hazelnut - 2.55,  Frappes - Coffee - 2.75",6.70,CARD,0909599141702440
11/11/2020 09:11,Poole,Edgar Miller,"Regular Flavoured latte - Vanilla - 2.55,  Speciality Tea - Darjeeling - 1.30,  Flavoured iced latte - Hazelnut - 2.75,  Speciality Tea - Earl Grey - 1.30,  Smoothies - Carrot Kick - 2.00",9.90,CASH,
11/11/2020 09:11,Poole,Adrian Moreno," Flavoured iced latte - Caramel - 2.75,  Frappes - Chocolate Cookie - 2.75, Large Espresso - 1.80, Large Filter coffee - 1.80",9.10,CARD,0369056933655639
11/11/2020 09:12,Poole,Elias Niemi," Glass of milk - 0.70,  Iced latte - 2.35,  Smoothies - Glowing Greens - 2.00",5.05,CARD,870599439202903
11/11/2020 09:12,Poole,Ariane Anderson,"Regular Americano - 1.95",1.95,CARD,6853114485431
11/11/2020 09:13,Poole,Jackie Davidson,"Large Latte - 2.45, Large Espresso - 1.80",4.25,CARD,9959229401351504
11/11/2020 09:14,Poole,Isla Harju," Speciality Tea - Camomile - 1.30, Regular Flavoured hot chocolate - Hazelnut - 2.60, Large Flavoured latte - Caramel - 2.85, Large Cappuccino - 2.45,  Speciality Tea - Camomile - 1.30",10.50,CARD,804397844562539
11/11/2020 09:14,Poole,Isabella Johansen,"Regular Flavoured hot chocolate - Vanilla - 2.60",2.60,CARD,386893843755527
11/11/2020 09:15,Poole,Romane Sanchez," Cortado - 2.05, Regular Cappuccino - 2.15,  Speciality Tea - Green - 1.30,  Flavoured iced latte - Hazelnut - 2.75",8.25,CARD,964242114554283
11/11/2020 09:15,Poole,Roby Uitslag,"Regular Flavoured latte - Vanilla - 2.55,  Iced americano - 2.15",4.70,CARD,6011133966766285
11/11/2020 09:16,Poole,Peppi Aro," Speciality Tea - Fruit - 1.30, Large Filter coffee - 1.80",3.10,CASH,
11/11/2020 09:16,Poole,Sofia Martin," Babyccino - 0.00, Large Flavoured latte - Vanilla - 2.85, Regular Flavoured hot chocolate - Hazelnut - 2.60, Regular Flavoured latte - Vanilla - 2.55",8.00,CASH,
11/11/2020 09:17,Poole,Caroline Schwarzer," Frappes - Chocolate Cookie - 2.75",2.75,CARD,5743431507937329
11/11/2020 09:18,Poole,Lucas Barnaby," Babyccino - 0.00, Large Americano - 2.25,  Flavoured iced latte - Caramel - 2.75,  Speciality Tea - Earl Grey - 1.30",6.30,CASH,
11/11/2020 09:18,Poole,Lillie Arnold," Iced americano - 2.15, Large Flavoured latte - Gingerbread - 2.85",5.00,CARD,6011356899442782
11/11/2020 09:19,Poole,Amber White,"Large Americano - 2.25,  Speciality Tea - Fruit - 1.30, Large Flavoured latte - Vanilla - 2.85, Large Espresso - 1.80, Regular Flavoured latte - Caramel - 2.55",10.75,CASH,
11/11/2020 09:19,Poole,Anna Walker," Hot chocolate - 1.40,  Flavoured iced latte - Caramel - 2.75",4.15,CARD,2590108941901
11/11/2020 09:20,Poole,Emma Dubois," Red label tea - 1.20, Regular Flavoured hot chocolate - Caramel - 2.60,  Red label tea - 1.20, Large Latte - 2.45, Regular Hot chocolate - 2.20",9.65,CARD,0047888275886
11/11/2020 09:20,Poole,Annemarie Nijveld," Flavoured iced latte - Caramel - 2.75,  Speciality Tea - Earl Grey - 1.30",4.05,CASH,
11/11/2020 09:21,Poole,Jade Riviere," Speciality Tea - Green - 1.30, Regular Flavoured latte - Gingerbread - 2.55,  Frappes - Coffee - 2.75, Large Latte - 2.45,  Speciality Tea - English breakfast - 1.30",10.35,CARD,5266622283799344
11/11/2020 09:21,Poole,Timeo Blanchard,"Large Flavoured latte - Caramel - 2.85,  Iced latte - 2.35, Large Filter coffee - 1.80",7.00,CARD,6102802683303862
11/11/2020 09:22,Poole,Abel Lund," Flavoured iced latte - Vanilla - 2.75,  Speciality Tea - Fruit - 1.30, Regular Flavoured latte - Gingerbread - 2.55,  Cortado - 2.05,  Iced americano - 2.15",10.80,CASH,
11/11/2020 09:23,Poole,Angus Wood," Speciality Tea - Darjeeling - 1.30, Large Americano - 2.25, Large Flavoured latte - Gingerbread - 2.85,  Hot chocolate - 1.40,  Speciality Tea - Peppermint - 1.30",9.10,CARD,29236926487624030
11/11/2020 09:23,Poole,Ibralina Moraes," Speciality Tea - Darjeeling - 1.30, Regular Flavoured hot chocolate - Vanilla - 2.60,  Frappes - Chocolate Cookie - 2.75, Regular Flavoured latte - Caramel - 2.55",9.20,CASH,
11/11/2020 09:24,Poole,Alfonso Nieto," Flavoured iced latte - Caramel - 2.75,  Frappes - Chocolate Cookie - 2.75, Regular Americano - 1.95",7.45,CARD,1760232990418728
11/11/2020 09:24,Poole,Charlotte Stevens,"Regular Flavoured hot chocolate - Hazelnut - 2.60, Large Americano - 2.25",4.85,CASH,
11/11/2020 09:25,Poole,Ceylan Alyanak,"Regular Flavoured latte - Vanilla - 2.55",2.55,CARD,0411624291184918
11/11/2020 09:25,Poole,Allison Schmidt,"Large Americano - 2.25,  Speciality Tea - Fruit - 1.30",3.55,CARD,1995385616588
11/11/2020 09:26,Poole,Johanne Thomsen," Speciality Tea - Fruit - 1.30",1.30,CARD,6011236165670535
11/11/2020 09:27,Poole,Emilie Pedersen," Glass of milk - 0.70",.70,CASH,
11/11/2020 09:27,Poole,Daniel Heinonen," Smoothies - Carrot Kick - 2.00, Regular Flavoured hot chocolate - Vanilla - 2.60,  Flavoured iced latte - Vanilla - 2.75,  Babyccino - 0.00",7.35,CARD,0902756320337
11/11/2020 09:28,Poole,Leah Gardner," Iced latte - 2.35",2.35,CARD,6011352029685398
11/11/2020 09:28,Poole,Louis Walker,"Large Filter coffee - 1.80,  Frappes - Chocolate Cookie - 2.75,  Speciality Tea - Earl Grey - 1.30",5.85,CASH,
11/11/2020 09:29,Poole,Christy Sutton," Speciality Tea - Fruit - 1.30, Large Flavoured latte - Gingerbread - 2.85",4.15,CASH,
11/11/2020 09:29,Poole,Filippo Kappes," Speciality Tea - Fruit - 1.30, Large Cappuccino - 2.45,  Flavoured iced latte - Hazelnut - 2.75,  Frappes - Chocolate Cookie - 2.75",9.25,CASH,
11/11/2020 09:30,Poole,Johan Christiansen," Smoothies - Berry Beautiful - 2.00, Large Flavoured hot chocolate - Vanilla - 2.90,  Frappes - Chocolate Cookie - 2.75",7.65,CASH,
11/11/2020 09:30,Poole,Leah Gomez,"Regular Filter coffee - 1.50",1.50,CARD,2694776559929762
11/11/2020 09:31,Poole,Alena Jean," Red label tea - 1.20,  Speciality Tea - Camomile - 1.30,  Cortado - 2.05, Regular Flavoured latte - Gingerbread - 2.55",7.10,CARD,4252887367498021
11/11/2020 09:32,Poole,Sophia Franklin,"Large Chai latte - 2.60,  Flat white - 2.15,  Speciality Tea - Earl Grey - 1.30",6.05,CASH,
11/11/2020 09:32,Poole,Vivien Bertrand," Glass of milk - 0.70",.70,CARD,4275732925256185
11/11/2020 09:33,Poole,Kaitlin Graham," Iced americano - 2.15,  Frappes - Chocolate Cookie - 2.75, Large Hot chocolate - 2.90,  Red label tea - 1.20",9.00,CARD,6011958170673874
11/11/2020 09:33,Poole,Leslie Baker," Smoothies - Berry Beautiful - 2.00,  Flat white - 2.15,  Glass of milk - 0.70, Regular Flavoured latte - Gingerbread - 2.55",7.40,CASH,
11/11/2020 09:34,Poole,Addison Novak," Red label tea - 1.20",1.20,CARD,90519944715628160
11/11/2020 09:34,Poole,Florian Marie," Iced latte - 2.35, Regular Flavoured hot chocolate - Vanilla - 2.60,  Smoothies - Glowing Greens - 2.00, Regular Flavoured latte - Vanilla - 2.55,  Smoothies - Glowing Greens - 2.00",11.50,CASH,
11/11/2020 09:35,Poole,Eugenia Calvo," Babyccino - 0.00,  Frappes - Chocolate Cookie - 2.75",2.75,CARD,382499429698911
11/11/2020 09:35,Poole,Ramon Kempe," Iced latte - 2.35,  Frappes - Coffee - 2.75",5.10,CASH,
11/11/2020 09:36,Poole,Nicole Newman,"Regular Espresso - 1.50,  Flavoured iced latte - Caramel - 2.75, Regular Americano - 1.95, Large Americano - 2.25,  Flavoured iced latte - Hazelnut - 2.75",11.20,CASH,
11/11/2020 09:37,Poole,Toralf Joachim,"Large Americano - 2.25, Large Luxury hot chocolate - 2.70,  Flat white - 2.15, Large Filter coffee - 1.80",8.90,CASH,
11/11/2020 09:37,Poole,Eevi Laakso,"Large Latte - 2.45,  Speciality Tea - Camomile - 1.30,  Flat white - 2.15,  Speciality Tea - Green - 1.30,  Speciality Tea - Peppermint - 1.30",8.50,CARD,653407910407056
11/11/2020 09:38,Poole,Goda Liberg," Babyccino - 0.00",.0,CASH,
11/11/2020 09:38,Poole,Teresa Suarez,"Large Filter coffee - 1.80, Regular Cappuccino - 2.15",3.95,CARD,60959445742679410
11/11/2020 09:39,Poole,Kathrin Eichinger," Flavoured iced latte - Hazelnut - 2.75,  Speciality Tea - Darjeeling - 1.30,  Speciality Tea - Camomile - 1.30",5.35,CARD,6011607132138719
11/11/2020 09:39,Poole,Aleena Riiser,"Large Flavoured latte - Gingerbread - 2.85,  Mocha - 2.30",5.15,CARD,6011060006758751
11/11/2020 09:40,Poole,Miguelina Farias,"Large Flavoured latte - Vanilla - 2.85,  Speciality Tea - Camomile - 1.30,  Speciality Tea - English breakfast - 1.30,  Frappes - Chocolate Cookie - 2.75",8.20,CARD,2568502657667414
11/11/2020 09:41,Poole,Dick Hunter,"Regular Luxury hot chocolate - 2.40, Regular Cappuccino - 2.15",4.55,CARD,7311440219758075
11/11/2020 09:41,Poole,James Smith,"Large Flavoured hot chocolate - Hazelnut - 2.90, Large Flavoured hot chocolate - Vanilla - 2.90, Regular Chai latte - 2.30,  Hot chocolate - 1.40,  Frappes - Chocolate Cookie - 2.75",12.25,CARD,0016431517064318
11/11/2020 09:42,Poole,Salete Cardoso," Speciality Tea - Peppermint - 1.30, Large Cappuccino - 2.45, Large Flavoured latte - Hazelnut - 2.85,  Smoothies - Glowing Greens - 2.00",8.60,CASH,
11/11/2020 09:42,Poole,Jayden Scott," Flavoured iced latte - Hazelnut - 2.75",2.75,CARD,6011910836682371
11/11/2020 09:43,Poole,Eddie Miller,"Large Luxury hot chocolate - 2.70",2.70,CASH,
11/11/2020 09:43,Poole,Diana Gutierrez," Smoothies - Berry Beautiful - 2.00,  Frappes - Strawberries & Cream - 2.75, Large Flavoured latte - Vanilla - 2.85",7.60,CARD,4489052443874129
11/11/2020 09:44,Poole,Asuncion Parra," Speciality Tea - English breakfast - 1.30",1.30,CARD,6011746885544946
11/11/2020 09:44,Poole,Jordan Martinez,"Large Latte - 2.45,  Smoothies - Glowing Greens - 2.00,  Speciality Tea - Camomile - 1.30",5.75,CARD,7636521697764383
11/11/2020 09:45,Poole,Brian Austin," Mocha - 2.30",2.30,CARD,839711144876705
11/11/2020 09:46,Poole,Aaron Payne," Babyccino - 0.00,  Cortado - 2.05, Regular Flavoured latte - Caramel - 2.55",4.60,CASH,
11/11/2020 09:46,Poole,Pieta Glasbergen," Cortado - 2.05, Regular Flavoured latte - Hazelnut - 2.55",4.60,CASH,
11/11/2020 09:47,Poole,Roope Halko," Speciality Tea - Green - 1.30,  Speciality Tea - English breakfast - 1.30,  Flat white - 2.15,  Speciality Tea - Darjeeling - 1.30",6.05,CASH,
11/11/2020 09:47,Poole,Austrelino Silveira," Speciality Tea - Darjeeling - 1.30, Regular Flavoured latte - Hazelnut - 2.55,  Babyccino - 0.00,  Flavoured iced latte - Caramel - 2.75",6.60,CARD,6011903869385207
11/11/2020 09:48,Poole,Marcelino Bloemert,"Large Flavoured latte - Vanilla - 2.85, Large Flavoured latte - Vanilla - 2.85",5.70,CASH,
11/11/2020 09:48,Poole,Santiago Diez," Speciality Tea - Fruit - 1.30, Regular Flavoured latte - Gingerbread - 2.55",3.85,CARD,4108172471598981
11/11/2020 09:49,Poole,Hailey Jones,"Large Americano - 2.25,  Flavoured iced latte - Vanilla - 2.75,  Mocha - 2.30,  Frappes - Coffee - 2.75,  Hot chocolate - 1.40",11.45,CASH,
11/11/2020 09:49,Poole,Silvana Perez," Babyccino - 0.00,  Flat white - 2.15",2.15,CASH,
11/11/2020 09:50,Poole,Oscar Vazquez," Frappes - Coffee - 2.75, Large Flavoured hot chocolate - Caramel - 2.90",5.65,CARD,4134423807265804
11/11/2020 09:51,Poole,Benjamim Barbosa," Speciality Tea - English breakfast - 1.30,  Iced latte - 2.35, Regular Flavoured latte - Vanilla - 2.55",6.20,CASH,
11/11/2020 09:51,Poole,Leo Chu," Flavoured iced latte - Caramel - 2.75,  Frappes - Coffee - 2.75,  Frappes - Chocolate Cookie - 2.75",8.25,CASH,
11/11/2020 09:52,Poole,Ali Uluhan,"Large Flavoured hot chocolate - Hazelnut - 2.90, Regular Luxury hot chocolate - 2.40",5.30,CASH,
11/11/2020 09:52,Poole,Judith Wood,"Regular Filter coffee - 1.50",1.50,CARD,4940423751887444
11/11/2020 09:53,Poole,Roy Schmidt,"Regular Flavoured hot chocolate - Vanilla - 2.60,  Speciality Tea - Camomile - 1.30",3.90,CARD,6011516443076884
11/11/2020 09:53,Poole,Mocinha Pires," Smoothies - Carrot Kick - 2.00,  Speciality Tea - Green - 1.30, Large Flavoured latte - Caramel - 2.85, Large Flavoured latte - Caramel - 2.85,  Iced latte - 2.35",11.35,CARD,711227296703409
11/11/2020 09:54,Poole,Barbara Nguyen,"Regular Americano - 1.95,  Speciality Tea - Camomile - 1.30,  Speciality Tea - Fruit - 1.30,  Frappes - Chocolate Cookie - 2.75, Regular Filter coffee - 1.50",8.80,CASH,
11/11/2020 09:55,Poole,Mike Simmmons," Cortado - 2.05,  Speciality Tea - Green - 1.30,  Flavoured iced latte - Hazelnut - 2.75",6.10,CASH,
11/11/2020 09:55,Poole,Sheryl Foster," Speciality Tea - English breakfast - 1.30,  Babyccino - 0.00",1.30,CARD,5301217724669276
11/11/2020 09:56,Poole,Lydia Garnier," Smoothies - Carrot Kick - 2.00",2.00,CASH,
11/11/2020 09:56,Poole,Jacobina Hulsebosch," Smoothies - Carrot Kick - 2.00, Large Hot chocolate - 2.90,  Babyccino - 0.00,  Cortado - 2.05,  Frappes - Chocolate Cookie - 2.75",9.70,CARD,8198395075703
11/11/2020 09:57,Poole,Ticiana Gomes,"Large Flavoured latte - Vanilla - 2.85,  Frappes - Coffee - 2.75,  Babyccino - 0.00,  Frappes - Strawberries & Cream - 2.75",8.35,CARD,6165549863774509
11/11/2020 09:57,Poole,Ceyhan Kunter,"Large Latte - 2.45,  Frappes - Chocolate Cookie - 2.75,  Speciality Tea - Fruit - 1.30,  Speciality Tea - Peppermint - 1.30,  Speciality Tea - Darjeeling - 1.30",9.10,CASH,
11/11/2020 09:58,Poole,Sofia Ortega,"Large Cappuccino - 2.45, Large Flavoured latte - Hazelnut - 2.85, Large Cappuccino - 2.45,  Speciality Tea - English breakfast - 1.30,  Speciality Tea - Fruit - 1.30",10.35,CARD,968209414028320
11/11/2020 09:58,Poole,Derek Payne," Speciality Tea - English breakfast - 1.30,  Flat white - 2.15, Large Flavoured latte - Vanilla - 2.85,  Flavoured iced latte - Hazelnut - 2.75,  Flat white - 2.15",11.20,CARD,6011451727590284
11/11/2020 09:59,Poole,Lloyd Harvey,"Large Flavoured hot chocolate - Caramel - 2.90,  Babyccino - 0.00",2.90,CARD,625348168052124
11/11/2020 10:00,Poole,Cody Griffin," Flavoured iced latte - Caramel - 2.75,  Flavoured iced latte - Caramel - 2.75, Regular Flavoured latte - Vanilla - 2.55,  Flavoured iced latte - Hazelnut - 2.75",10.80,CARD,6011577990389840
11/11/2020 10:00,Poole,Ellen Nikula," Speciality Tea - Camomile - 1.30,  Frappes - Chocolate Cookie - 2.75,  Frappes - Coffee - 2.75",6.80,CARD,7308892691027875
11/11/2020 10:01,Poole,Elli Murto," Speciality Tea - Camomile - 1.30,  Smoothies - Glowing Greens - 2.00",3.30,CASH,
11/11/2020 10:02,Poole,Annamaria Blanc,"Regular Americano - 1.95,  Frappes - Chocolate Cookie - 2.75,  Flavoured iced latte - Caramel - 2.75,  Flat white - 2.15,  Frappes - Chocolate Cookie - 2.75",12.35,CASH,
11/11/2020 10:03,Poole,Jose Castillo,"Regular Flavoured latte - Gingerbread - 2.55,  Hot chocolate - 1.40, Regular Flavoured latte - Vanilla - 2.55,  Speciality Tea - Green - 1.30,  Smoothies - Carrot Kick - 2.00",9.80,CASH,
11/11/2020 10:04,Poole,Andree Laumann,"Large Cappuccino - 2.45,  Cortado - 2.05,  Iced americano - 2.15",6.65,CASH,
11/11/2020 10:05,Poole,Naja Johansen,"Large Americano - 2.25,  Flavoured iced latte - Caramel - 2.75",5.00,CARD,64360795799376
11/11/2020 10:06,Poole,Nathaniel Brown," Speciality Tea - Peppermint - 1.30,  Iced americano - 2.15,  Flavoured iced latte - Caramel - 2.75",6.20,CASH,
11/11/2020 10:06,Poole,Hailey Sirko,"Regular Flavoured latte - Hazelnut - 2.55,  Smoothies - Glowing Greens - 2.00, Regular Flavoured latte - Vanilla - 2.55",7.10,CASH,
11/11/2020 10:07,Poole,Lily Fortin," Flavoured iced latte - Caramel - 2.75,  Frappes - Chocolate Cookie - 2.75,  Flavoured iced latte - Caramel - 2.75",8.25,CARD,3797898146953730
11/11/2020 10:08,Poole,Rosie Thomas," Iced americano - 2.15,  Smoothies - Glowing Greens - 2.00,  Smoothies - Berry Beautiful - 2.00",6.15,CASH,
11/11/2020 10:09,Poole,Josh Gregory," Frappes - Chocolate Cookie - 2.75",2.75,CARD,9963793842284
11/11/2020 10:10,Poole,Isaiah Vasquez," Speciality Tea - Fruit - 1.30, Regular Flavoured latte - Vanilla - 2.55,  Mocha - 2.30, Regular Flavoured latte - Hazelnut - 2.55, Regular Americano - 1.95",10.65,CASH,
11/11/2020 10:11,Poole,Mikael Niva,"Large Flavoured latte - Gingerbread - 2.85,  Frappes - Coffee - 2.75,  Frappes - Strawberries & Cream - 2.75, Regular Flavoured latte - Hazelnut - 2.55",10.90,CASH,
11/11/2020 10:12,Poole,Cecil Scott,"Large Flavoured latte - Vanilla - 2.85,  Flavoured iced latte - Caramel - 2.75,  Frappes - Strawberries & Cream - 2.75,  Flavoured iced latte - Caramel - 2.75, Regular Flavoured hot chocolate - Hazelnut - 2.60",13.70,CASH,
11/11/2020 10:12,Poole,Isobel Watkins," Smoothies - Berry Beautiful - 2.00,  Frappes - Coffee - 2.75, Regular Flavoured hot chocolate - Hazelnut - 2.60",7.35,CASH,
11/11/2020 10:13,Poole,Johanne Petersen," Frappes - Chocolate Cookie - 2.75, Large Hot chocolate - 2.90, Large Flavoured hot chocolate - Hazelnut - 2.90",8.55,CARD,20444000844823704
11/11/2020 10:14,Poole,Elif Akbulut,"Regular Flavoured hot chocolate - Vanilla - 2.60,  Babyccino - 0.00,  Frappes - Coffee - 2.75,  Flavoured iced latte - Hazelnut - 2.75, Regular Latte - 2.15",10.25,CASH,
11/11/2020 10:15,Poole,Ellen Peltola," Flavoured iced latte - Caramel - 2.75,  Flavoured iced latte - Caramel - 2.75,  Smoothies - Glowing Greens - 2.00,  Hot chocolate - 1.40",8.90,CASH,
11/11/2020 10:16,Poole,Carlotta Kampert,"Large Flavoured hot chocolate - Vanilla - 2.90,  Cortado - 2.05, Regular Flavoured hot chocolate - Hazelnut - 2.60",7.55,CARD,0372505770621032
11/11/2020 10:17,Poole,Abby Anderson,"Large Cappuccino - 2.45,  Babyccino - 0.00",2.45,CARD,9668325788092
11/11/2020 10:18,Poole,Camille Louis," Frappes - Coffee - 2.75,  Flavoured iced latte - Vanilla - 2.75,  Flavoured iced latte - Caramel - 2.75,  Smoothies - Carrot Kick - 2.00",10.25,CARD,0101206953387522
11/11/2020 10:18,Poole,Malthe Petersen,"Large Flavoured latte - Gingerbread - 2.85, Regular Hot chocolate - 2.20, Regular Hot chocolate - 2.20,  Smoothies - Berry Beautiful - 2.00, Regular Chai latte - 2.30",11.55,CARD,5286172276471083
11/11/2020 10:19,Poole,Marie Larsen," Flavoured iced latte - Hazelnut - 2.75,  Smoothies - Glowing Greens - 2.00",4.75,CARD,810977465824675
11/11/2020 10:20,Poole,Roberto Hoffman," Smoothies - Carrot Kick - 2.00,  Speciality Tea - Green - 1.30",3.30,CASH,
11/11/2020 10:21,Poole,Joeke Manten," Iced latte - 2.35, Large Flavoured latte - Vanilla - 2.85",5.20,CASH,
11/11/2020 10:22,Poole,Joseph Wichert," Flavoured iced latte - Hazelnut - 2.75, Large Americano - 2.25,  Smoothies - Glowing Greens - 2.00, Large Cappuccino - 2.45, Large Flavoured hot chocolate - Caramel - 2.90",12.35,CASH,
11/11/2020 10:23,Poole,Josep Diaz," Frappes - Strawberries & Cream - 2.75, Large Flavoured hot chocolate - Caramel - 2.90,  Speciality Tea - Fruit - 1.30",6.95,CARD,2721214823011577
11/11/2020 10:24,Poole,Carolina Hoogers," Glass of milk - 0.70",.70,CARD,787871622181778
11/11/2020 10:24,Poole,Sam Heier," Iced americano - 2.15, Large Filter coffee - 1.80,  Flavoured iced latte - Caramel - 2.75, Regular Flavoured hot chocolate - Vanilla - 2.60,  Mocha - 2.30",11.60,CASH,
11/11/2020 10:25,Poole,Carsten Erler,"Large Flavoured latte - Hazelnut - 2.85,  Frappes - Chocolate Cookie - 2.75,  Mocha - 2.30,  Smoothies - Carrot Kick - 2.00",9.90,CASH,
11/11/2020 10:26,Poole,Paula Mcdonalid," Speciality Tea - Green - 1.30,  Frappes - Strawberries & Cream - 2.75,  Speciality Tea - Darjeeling - 1.30, Large Americano - 2.25",7.60,CARD,7098549819096129
11/11/2020 10:27,Poole,Vanesa Duran," Frappes - Chocolate Cookie - 2.75",2.75,CARD,1026644747346
11/11/2020 10:28,Poole,Olai Norberg," Frappes - Chocolate Cookie - 2.75, Regular Flavoured hot chocolate - Hazelnut - 2.60,  Speciality Tea - Earl Grey - 1.30,  Flat white - 2.15,  Frappes - Chocolate Cookie - 2.75",11.55,CARD,543490904155741
11/11/2020 10:29,Poole,Franco Tiebosch,"Regular Filter coffee - 1.50,  Red label tea - 1.20, Regular Espresso - 1.50",4.20,CARD,090321532255919
11/11/2020 10:30,Poole,Rosina Aubert," Flavoured iced latte - Caramel - 2.75,  Speciality Tea - Darjeeling - 1.30",4.05,CASH,
11/11/2020 10:30,Poole,Lauri Annala," Hot chocolate - 1.40,  Frappes - Chocolate Cookie - 2.75",4.15,CARD,6011805670537950
11/11/2020 10:31,Poole,Manuel Santiago," Flavoured iced latte - Hazelnut - 2.75",2.75,CARD,9890000901451829
11/11/2020 10:32,Poole,Cameron Larson," Glass of milk - 0.70",.70,CASH,
11/11/2020 10:33,Poole,Caleb Adams,"Regular Cappuccino - 2.15",2.15,CASH,
11/11/2020 10:34,Poole,Aiden Shelton,"Large Chai latte - 2.60,  Frappes - Chocolate Cookie - 2.75,  Mocha - 2.30",7.65,CARD,9874480015301
11/11/2020 10:35,Poole,Ruth Meeuwsen,"Regular Flavoured latte - Vanilla - 2.55,  Red label tea - 1.20,  Speciality Tea - Earl Grey - 1.30",5.05,CARD,6617699697523094
11/11/2020 10:36,Poole,Louise Jacobs," Babyccino - 0.00",.0,CARD,6804104494556209
11/11/2020 10:36,Poole,Byron Dixon,"Large Flavoured latte - Vanilla - 2.85, Large Hot chocolate - 2.90,  Cortado - 2.05",7.80,CASH,
11/11/2020 10:37,Poole,Ralf Bernhard," Cortado - 2.05, Regular Flavoured latte - Vanilla - 2.55",4.60,CARD,7164002683750506
11/11/2020 10:38,Poole,Jorge Ramos,"Regular Chai latte - 2.30, Large Flavoured hot chocolate - Hazelnut - 2.90,  Cortado - 2.05,  Speciality Tea - Camomile - 1.30",8.55,CARD,6011521323487471
11/11/2020 10:39,Poole,Finn Olivier,"Large Flavoured hot chocolate - Hazelnut - 2.90, Regular Hot chocolate - 2.20,  Mocha - 2.30,  Frappes - Chocolate Cookie - 2.75, Regular Flavoured hot chocolate - Vanilla - 2.60",12.75,CARD,4001991780957203
11/11/2020 10:40,Poole,Paola Bickel," Mocha - 2.30,  Cortado - 2.05, Regular Flavoured hot chocolate - Caramel - 2.60",6.95,CARD,968027809291122
11/11/2020 10:41,Poole,Levi Lawrence," Flavoured iced latte - Hazelnut - 2.75, Regular Flavoured hot chocolate - Caramel - 2.60,  Babyccino - 0.00, Large Americano - 2.25",7.60,CASH,
11/11/2020 10:42,Poole,Jelena Wurster," Smoothies - Glowing Greens - 2.00,  Iced americano - 2.15",4.15,CASH,
11/11/2020 10:42,Poole,Todd Kim," Speciality Tea - Camomile - 1.30, Large Luxury hot chocolate - 2.70,  Frappes - Chocolate Cookie - 2.75,  Speciality Tea - Earl Grey - 1.30,  Glass of milk - 0.70",8.75,CASH,
11/11/2020 10:43,Poole,Isabel Mydland,"Regular Flavoured latte - Vanilla - 2.55, Regular Flavoured latte - Hazelnut - 2.55",5.10,CARD,2634116642483284
11/11/2020 10:44,Poole,Norman Bradley," Smoothies - Carrot Kick - 2.00, Large Luxury hot chocolate - 2.70",4.70,CARD,1933437124598
11/11/2020 10:45,Poole,Harriet Wilson,"Regular Cappuccino - 2.15,  Flavoured iced latte - Hazelnut - 2.75",4.90,CASH,
11/11/2020 10:46,Poole,Arttu Kemppainen," Red label tea - 1.20, Regular Americano - 1.95,  Iced americano - 2.15,  Frappes - Chocolate Cookie - 2.75,  Speciality Tea - Peppermint - 1.30",9.35,CASH,
11/11/2020 10:47,Poole,Avery Harvey," Hot chocolate - 1.40,  Flat white - 2.15,  Smoothies - Carrot Kick - 2.00",5.55,CASH,
11/11/2020 10:48,Poole,Eivind Salberg,"Regular Flavoured latte - Vanilla - 2.55,  Speciality Tea - Camomile - 1.30",3.85,CARD,9012676463528
11/11/2020 10:48,Poole,Lovise Lyse," Flavoured iced latte - Hazelnut - 2.75,  Hot chocolate - 1.40,  Babyccino - 0.00",4.15,CARD,6382261905032928
11/11/2020 10:49,Poole,Ivy Smith,"Large Filter coffee - 1.80, Large Filter coffee - 1.80, Large Flavoured latte - Vanilla - 2.85,  Red label tea - 1.20, Regular Flavoured latte - Vanilla - 2.55",10.20,CASH,
11/11/2020 10:50,Poole,Summer Moore,"Large Flavoured latte - Vanilla - 2.85, Regular Flavoured latte - Vanilla - 2.55,  Flavoured iced latte - Caramel - 2.75,  Frappes - Chocolate Cookie - 2.75",10.90,CASH,
11/11/2020 10:51,Poole,Benjamin Olsen," Speciality Tea - Green - 1.30, Regular Filter coffee - 1.50,  Mocha - 2.30,  Babyccino - 0.00",5.10,CASH,
11/11/2020 10:52,Poole,Landon Cox,"Regular Hot chocolate - 2.20, Regular Flavoured hot chocolate - Caramel - 2.60",4.80,CASH,
11/11/2020 10:53,Poole,Joan Gomez,"Large Latte - 2.45,  Speciality Tea - Peppermint - 1.30, Large Filter coffee - 1.80",5.55,CARD,1485172355592466
11/11/2020 10:54,Poole,Murielle Martinez," Smoothies - Berry Beautiful - 2.00,  Speciality Tea - Earl Grey - 1.30, Regular Flavoured latte - Vanilla - 2.55, Large Flavoured latte - Gingerbread - 2.85,  Speciality Tea - Peppermint - 1.30",10.00,CARD,6011590043632064
11/11/2020 10:54,Poole,Alexandre Clark,"Large Flavoured hot chocolate - Caramel - 2.90, Large Luxury hot chocolate - 2.70,  Hot chocolate - 1.40, Large Filter coffee - 1.80, Large Cappuccino - 2.45",11.25,CASH,
11/11/2020 10:55,Poole,Amber Myers," Speciality Tea - Green - 1.30",1.30,CARD,8996272558998
11/11/2020 10:56,Poole,Georgia Carpenter," Smoothies - Glowing Greens - 2.00,  Flavoured iced latte - Caramel - 2.75, Regular Filter coffee - 1.50",6.25,CASH,
11/11/2020 10:57,Poole,Edvard Moen,"Regular Flavoured hot chocolate - Caramel - 2.60, Large Americano - 2.25,  Speciality Tea - English breakfast - 1.30,  Babyccino - 0.00",6.15,CARD,6011325038449640
11/11/2020 10:58,Poole,Zoey Jacobs," Speciality Tea - Green - 1.30, Large Cappuccino - 2.45, Large Flavoured latte - Caramel - 2.85",6.60,CASH,
11/11/2020 10:59,Poole,Bradley Peters," Babyccino - 0.00,  Smoothies - Glowing Greens - 2.00,  Smoothies - Carrot Kick - 2.00, Large Americano - 2.25",6.25,CASH,
11/11/2020 11:00,Poole,Craig Kennedy," Flavoured iced latte - Caramel - 2.75, Large Flavoured latte - Vanilla - 2.85, Regular Flavoured hot chocolate - Caramel - 2.60,  Flavoured iced latte - Hazelnut - 2.75,  Iced latte - 2.35",13.30,CASH,
11/11/2020 11:02,Poole,Keith Brewer," Red label tea - 1.20,  Glass of milk - 0.70,  Flavoured iced latte - Hazelnut - 2.75,  Flavoured iced latte - Vanilla - 2.75",7.40,CARD,0847246280427
11/11/2020 11:04,Poole,Venla Hakala,"Regular Americano - 1.95,  Speciality Tea - Peppermint - 1.30,  Glass of milk - 0.70",3.95,CARD,58009135456772
11/11/2020 11:07,Poole,Adem Egeli," Frappes - Chocolate Cookie - 2.75,  Smoothies - Glowing Greens - 2.00,  Flavoured iced latte - Caramel - 2.75, Large Flavoured latte - Vanilla - 2.85",10.35,CASH,
11/11/2020 11:09,Poole,Jessey Eilers," Smoothies - Carrot Kick - 2.00,  Speciality Tea - Green - 1.30, Large Hot chocolate - 2.90",6.20,CARD,94644804062018925
11/11/2020 11:11,Poole,Malika Dumas,"Large Flavoured latte - Vanilla - 2.85,  Speciality Tea - Green - 1.30,  Smoothies - Glowing Greens - 2.00,  Speciality Tea - Peppermint - 1.30",7.45,CASH,
11/11/2020 11:13,Poole,Kate Allen," Speciality Tea - English breakfast - 1.30,  Flavoured iced latte - Caramel - 2.75",4.05,CASH,
11/11/2020 11:16,Poole,Emile Andersen," Speciality Tea - Green - 1.30, Large Flavoured hot chocolate - Hazelnut - 2.90",4.20,CARD,280559767787013
11/11/2020 11:18,Poole,Maureen Garrett," Babyccino - 0.00",.0,CARD,8838878943238708
11/11/2020 11:20,Poole,Jordan Harris,"Regular Flavoured hot chocolate - Hazelnut - 2.60,  Flat white - 2.15,  Smoothies - Carrot Kick - 2.00",6.75,CASH,
11/11/2020 11:23,Poole,Eemeli Mattila," Glass of milk - 0.70",.70,CARD,6011514136159792
11/11/2020 11:25,Poole,Jayden Williams,"Regular Filter coffee - 1.50",1.50,CASH,
11/11/2020 11:27,Poole,Laurie Gauthier," Speciality Tea - Earl Grey - 1.30, Regular Americano - 1.95,  Frappes - Strawberries & Cream - 2.75",6.00,CASH,
11/11/2020 11:30,Poole,Tilde Thomsen,"Large Luxury hot chocolate - 2.70,  Babyccino - 0.00",2.70,CARD,549274067164581
11/11/2020 11:32,Poole,Joy Marie," Flavoured iced latte - Hazelnut - 2.75",2.75,CASH,
11/11/2020 11:34,Poole,Daniel Holland,"Regular Americano - 1.95",1.95,CASH,
11/11/2020 11:37,Poole,Danielle Lawrence,"Regular Flavoured latte - Hazelnut - 2.55, Regular Americano - 1.95",4.50,CARD,2298792402364945
11/11/2020 11:39,Poole,Ceylan Yorulmaz," Flavoured iced latte - Caramel - 2.75",2.75,CASH,
11/11/2020 11:41,Poole,Ugo Meunier," Flavoured iced latte - Hazelnut - 2.75",2.75,CASH,
11/11/2020 11:43,Poole,Carter Patel,"Regular Filter coffee - 1.50",1.50,CARD,6011782275918894
11/11/2020 11:46,Poole,Roberto Arias,"Large Latte - 2.45,  Flavoured iced latte - Caramel - 2.75",5.20,CARD,3763970791844087
11/11/2020 11:48,Poole,Ava French," Speciality Tea - Fruit - 1.30, Large Hot chocolate - 2.90",4.20,CARD,2775326175626441
11/11/2020 11:50,Poole,Loke Haugom," Cortado - 2.05,  Cortado - 2.05, Regular Chai latte - 2.30,  Speciality Tea - Camomile - 1.30",7.70,CASH,
11/11/2020 11:53,Poole,Maurice Gilbert,"Regular Flavoured latte - Vanilla - 2.55,  Flavoured iced latte - Caramel - 2.75",5.30,CASH,
11/11/2020 11:55,Poole,Sophie Patel," Speciality Tea - Camomile - 1.30",1.30,CASH,
11/11/2020 11:57,Poole,Adalsindo Dias,"Regular Cappuccino - 2.15,  Speciality Tea - Peppermint - 1.30",3.45,CARD,6011010456149727
11/11/2020 12:00,Poole,Nathan Evans,"Large Hot chocolate - 2.90,  Frappes - Chocolate Cookie - 2.75,  Smoothies - Berry Beautiful - 2.00, Regular Flavoured hot chocolate - Hazelnut - 2.60,  Iced americano - 2.15",12.40,CARD,6011914943826550
11/11/2020 12:02,Poole,Sander Pedersen,"Regular Hot chocolate - 2.20,  Speciality Tea - Green - 1.30,  Iced latte - 2.35, Regular Flavoured latte - Vanilla - 2.55",8.40,CASH,
11/11/2020 12:04,Poole,Rafael Lecomte," Smoothies - Carrot Kick - 2.00,  Speciality Tea - Fruit - 1.30",3.30,CASH,
11/11/2020 12:06,Poole,Verena Alves,"Large Flavoured hot chocolate - Vanilla - 2.90, Large Hot chocolate - 2.90, Regular Flavoured hot chocolate - Vanilla - 2.60, Regular Flavoured latte - Gingerbread - 2.55",10.95,CARD,8755839943495943
11/11/2020 12:08,Poole,Harrison Thompson," Smoothies - Glowing Greens - 2.00,  Speciality Tea - Fruit - 1.30,  Frappes - Coffee - 2.75,  Flavoured iced latte - Caramel - 2.75",8.80,CASH,
11/11/2020 12:11,Poole,Ronnie Watkins,"Large Cappuccino - 2.45, Large Flavoured latte - Gingerbread - 2.85",5.30,CARD,6011725410563715
11/11/2020 12:13,Poole,Danielle Hicks," Speciality Tea - Camomile - 1.30,  Hot chocolate - 1.40,  Frappes - Chocolate Cookie - 2.75",5.45,CARD,659029283364236
11/11/2020 12:15,Poole,Meral Akal,"Large Flavoured latte - Gingerbread - 2.85,  Speciality Tea - Peppermint - 1.30,  Flavoured iced latte - Caramel - 2.75, Regular Flavoured latte - Caramel - 2.55,  Flavoured iced latte - Caramel - 2.75",12.20,CASH,
11/11/2020 12:17,Poole,Sophie Cox,"Large Cappuccino - 2.45,  Red label tea - 1.20",3.65,CASH,
11/11/2020 12:20,Poole,Brittany Rodriguez," Red label tea - 1.20",1.20,CASH,
11/11/2020 12:22,Poole,Leo Berry,"Regular Americano - 1.95",1.95,CARD,7063064556719589
11/11/2020 12:24,Poole,Milja Kalas," Glass of milk - 0.70, Large Americano - 2.25",2.95,CARD,2951171672343474
11/11/2020 12:26,Poole,Roberto Hamilton," Smoothies - Carrot Kick - 2.00,  Smoothies - Glowing Greens - 2.00, Large Flavoured hot chocolate - Hazelnut - 2.90",6.90,CARD,0950690346884
11/11/2020 12:28,Poole,Afet Kunt," Hot chocolate - 1.40,  Speciality Tea - English breakfast - 1.30, Regular Americano - 1.95,  Smoothies - Glowing Greens - 2.00, Large Chai latte - 2.60",9.25,CASH,
11/11/2020 12:31,Poole,Olivia Brar,"Regular Flavoured hot chocolate - Caramel - 2.60,  Smoothies - Berry Beautiful - 2.00, Regular Cappuccino - 2.15",6.75,CARD,1197116233549158
11/11/2020 12:33,Poole,Alexander Wright,"Large Cappuccino - 2.45,  Flavoured iced latte - Hazelnut - 2.75,  Flat white - 2.15",7.35,CASH,
11/11/2020 12:35,Poole,Felix Pierce," Smoothies - Glowing Greens - 2.00",2.00,CASH,
11/11/2020 12:37,Poole,Zoey Marshall," Smoothies - Berry Beautiful - 2.00, Large Chai latte - 2.60,  Iced americano - 2.15, Regular Flavoured latte - Hazelnut - 2.55, Large Flavoured hot chocolate - Hazelnut - 2.90",12.20,CARD,4976521087251263
11/11/2020 12:40,Poole,Jose Rodriguez,"Regular Americano - 1.95,  Mocha - 2.30",4.25,CARD,8778839643788979
11/11/2020 12:42,Poole,Anni Seppanen," Smoothies - Glowing Greens - 2.00, Regular Flavoured hot chocolate - Caramel - 2.60,  Flavoured iced latte - Hazelnut - 2.75, Large Flavoured hot chocolate - Hazelnut - 2.90",10.25,CARD,1130200667733862
11/11/2020 12:44,Poole,Ellis Kromhout,"Regular Flavoured latte - Vanilla - 2.55,  Flavoured iced latte - Caramel - 2.75,  Smoothies - Berry Beautiful - 2.00,  Frappes - Coffee - 2.75,  Flavoured iced latte - Hazelnut - 2.75",12.80,CARD,7110922406832143
11/11/2020 12:46,Poole,Cleonice Farias,"Large Filter coffee - 1.80",1.80,CARD,5848381844851929
11/11/2020 12:48,Poole,Daniel Christensen," Speciality Tea - Peppermint - 1.30,  Red label tea - 1.20, Large Cappuccino - 2.45,  Iced latte - 2.35,  Mocha - 2.30",9.60,CARD,1564035469994513
11/11/2020 12:51,Poole,Floyd Wells,"Large Cappuccino - 2.45,  Speciality Tea - Camomile - 1.30",3.75,CARD,6011398326527434
11/11/2020 12:53,Poole,Zackary Smith," Smoothies - Glowing Greens - 2.00",2.00,CARD,169357709584666
11/11/2020 12:55,Poole,Arttu Pietila,"Large Filter coffee - 1.80, Regular Espresso - 1.50, Regular Flavoured latte - Vanilla - 2.55, Regular Hot chocolate - 2.20,  Glass of milk - 0.70",8.75,CASH,
11/11/2020 12:57,Poole,Reingard Bell,"Large Hot chocolate - 2.90,  Frappes - Strawberries & Cream - 2.75,  Flavoured iced latte - Caramel - 2.75, Regular Americano - 1.95",10.35,CASH,
11/11/2020 13:00,Poole,Chloe Richards," Glass of milk - 0.70, Regular Flavoured hot chocolate - Caramel - 2.60,  Frappes - Coffee - 2.75,  Smoothies - Glowing Greens - 2.00",8.05,CASH,
11/11/2020 13:00,Poole,Deann Robinson," Flat white - 2.15, Large Americano - 2.25,  Glass of milk - 0.70,  Speciality Tea - Earl Grey - 1.30",6.40,CASH,
11/11/2020 13:01,Poole,Erica Crawford," Flavoured iced latte - Caramel - 2.75, Regular Flavoured latte - Gingerbread - 2.55, Large Flavoured latte - Vanilla - 2.85, Large Filter coffee - 1.80",9.95,CASH,
11/11/2020 13:02,Poole,Paige Ross,"Large Hot chocolate - 2.90, Large Espresso - 1.80,  Glass of milk - 0.70",5.40,CARD,3655698881148
11/11/2020 13:02,Poole,Malone Giraud,"Regular Flavoured hot chocolate - Vanilla - 2.60, Regular Cappuccino - 2.15,  Flavoured iced latte - Hazelnut - 2.75, Large Flavoured hot chocolate - Vanilla - 2.90, Regular Flavoured latte - Caramel - 2.55",12.95,CARD,6011189021861230
11/11/2020 13:03,Poole,Maria Martin," Red label tea - 1.20",1.20,CARD,2573846757290473
11/11/2020 13:03,Poole,Timothe Leroy," Babyccino - 0.00,  Red label tea - 1.20,  Flavoured iced latte - Caramel - 2.75",3.95,CASH,
11/11/2020 13:04,Poole,Rachel Lord," Frappes - Chocolate Cookie - 2.75,  Flavoured iced latte - Hazelnut - 2.75,  Speciality Tea - Camomile - 1.30, Regular Flavoured latte - Caramel - 2.55",9.35,CARD,1665104809902101
11/11/2020 13:05,Poole,Sebastian Franklin,"Large Cappuccino - 2.45,  Smoothies - Berry Beautiful - 2.00",4.45,CARD,7901217486941684
11/11/2020 13:05,Poole,Lincoln Jones,"Regular Latte - 2.15, Regular Latte - 2.15,  Flavoured iced latte - Hazelnut - 2.75",7.05,CASH,
11/11/2020 13:06,Poole,Topias Ranta," Frappes - Strawberries & Cream - 2.75,  Flavoured iced latte - Caramel - 2.75,  Speciality Tea - Camomile - 1.30",6.80,CARD,2094338315646
11/11/2020 13:07,Poole,Diane Jean,"Regular Americano - 1.95, Regular Flavoured latte - Gingerbread - 2.55, Large Americano - 2.25,  Speciality Tea - Fruit - 1.30",8.05,CASH,
11/11/2020 13:07,Poole,Isaiah Clark," Flavoured iced latte - Caramel - 2.75,  Speciality Tea - English breakfast - 1.30, Regular Flavoured latte - Gingerbread - 2.55",6.60,CASH,
11/11/2020 13:08,Poole,Sofia Castro," Smoothies - Carrot Kick - 2.00,  Hot chocolate - 1.40,  Speciality Tea - Fruit - 1.30,  Flat white - 2.15, Regular Luxury hot chocolate - 2.40",9.25,CASH,
11/11/2020 13:09,Poole,Alvin Fowler,"Regular Flavoured hot chocolate - Vanilla - 2.60,  Flavoured iced latte - Caramel - 2.75, Large Latte - 2.45",7.80,CARD,0622590591278
11/11/2020 13:09,Poole,Jasmine Thompson,"Regular Flavoured latte - Hazelnut - 2.55",2.55,CASH,
11/11/2020 13:10,Poole,Felix Chow," Frappes - Chocolate Cookie - 2.75,  Cortado - 2.05, Regular Flavoured latte - Vanilla - 2.55,  Red label tea - 1.20, Regular Flavoured latte - Hazelnut - 2.55",11.10,CARD,6011475913050644
11/11/2020 13:11,Poole,Connor George," Flavoured iced latte - Hazelnut - 2.75,  Smoothies - Berry Beautiful - 2.00",4.75,CASH,
11/11/2020 13:11,Poole,Cody Morrison," Smoothies - Carrot Kick - 2.00,  Flavoured iced latte - Caramel - 2.75,  Smoothies - Glowing Greens - 2.00",6.75,CARD,6011633542125106
11/11/2020 13:12,Poole,Monique Barbier," Frappes - Chocolate Cookie - 2.75, Regular Flavoured latte - Caramel - 2.55",5.30,CASH,
11/11/2020 13:12,Poole,Amanda Warren,"Large Cappuccino - 2.45",2.45,CASH,
11/11/2020 13:13,Poole,Katie Odonoghue," Smoothies - Glowing Greens - 2.00,  Frappes - Chocolate Cookie - 2.75, Regular Flavoured latte - Hazelnut - 2.55,  Iced latte - 2.35",9.65,CARD,66460186794087818
11/11/2020 13:14,Poole,Filinto Peixoto," Smoothies - Glowing Greens - 2.00,  Speciality Tea - Fruit - 1.30, Large Espresso - 1.80,  Speciality Tea - Fruit - 1.30,  Iced americano - 2.15",8.55,CASH,
11/11/2020 13:14,Poole,Julie Nascimento," Flat white - 2.15",2.15,CARD,8455587499298092
11/11/2020 13:15,Poole,Arturo Serrano," Flavoured iced latte - Hazelnut - 2.75, Regular Cappuccino - 2.15, Regular Luxury hot chocolate - 2.40",7.30,CASH,
11/11/2020 13:16,Poole,Trinidad Esteban,"Large Cappuccino - 2.45, Regular Filter coffee - 1.50,  Flat white - 2.15",6.10,CASH,
11/11/2020 13:16,Poole,Matthew Robinson,"Regular Americano - 1.95, Large Flavoured hot chocolate - Hazelnut - 2.90, Large Cappuccino - 2.45, Large Cappuccino - 2.45",9.75,CARD,38112661990256142
11/11/2020 13:17,Poole,Leo Niska," Speciality Tea - Darjeeling - 1.30, Large Flavoured hot chocolate - Caramel - 2.90, Regular Latte - 2.15,  Hot chocolate - 1.40,  Glass of milk - 0.70",8.45,CARD,9866437474778
11/11/2020 13:18,Poole,Viljami Hakola,"Regular Flavoured hot chocolate - Hazelnut - 2.60,  Frappes - Chocolate Cookie - 2.75, Regular Luxury hot chocolate - 2.40,  Smoothies - Glowing Greens - 2.00",9.75,CARD,6011001076698724
11/11/2020 13:18,Poole,Ava Richardson,"Regular Hot chocolate - 2.20",2.20,CASH,
11/11/2020 13:19,Poole,Lola Lynch," Smoothies - Berry Beautiful - 2.00, Large Hot chocolate - 2.90,  Speciality Tea - Fruit - 1.30, Regular Flavoured hot chocolate - Hazelnut - 2.60,  Iced americano - 2.15",10.95,CASH,
11/11/2020 13:20,Poole,Lise Gauthier," Frappes - Strawberries & Cream - 2.75, Large Flavoured latte - Gingerbread - 2.85, Large Americano - 2.25",7.85,CASH,
11/11/2020 13:20,Poole,Emile Gagnon,"Regular Espresso - 1.50,  Smoothies - Berry Beautiful - 2.00,  Frappes - Chocolate Cookie - 2.75, Large Espresso - 1.80,  Flavoured iced latte - Caramel - 2.75",10.80,CARD,795030477070786
11/11/2020 13:21,Poole,Marcus Johansen,"Regular Espresso - 1.50,  Iced latte - 2.35,  Flavoured iced latte - Hazelnut - 2.75",6.60,CARD,0613895569586
11/11/2020 13:22,Poole,Eli Hughes,"Large Americano - 2.25,  Speciality Tea - Earl Grey - 1.30",3.55,CASH,
11/11/2020 13:22,Poole,Lia Fontai," Frappes - Chocolate Cookie - 2.75,  Red label tea - 1.20, Regular Flavoured hot chocolate - Caramel - 2.60, Large Cappuccino - 2.45",9.00,CASH,
11/11/2020 13:23,Poole,Oscar Sullivan,"Large Latte - 2.45, Large Latte - 2.45, Regular Hot chocolate - 2.20, Large Flavoured latte - Vanilla - 2.85",9.95,CASH,
11/11/2020 13:23,Poole,Katarina Sundli," Flavoured iced latte - Caramel - 2.75,  Speciality Tea - Peppermint - 1.30",4.05,CARD,4312377912877852
11/11/2020 13:24,Poole,Anneliese Deschamps," Red label tea - 1.20, Large Americano - 2.25",3.45,CARD,6011423928342067
11/11/2020 13:25,Poole,Mathew Brooks,"Large Filter coffee - 1.80, Regular Americano - 1.95, Regular Flavoured hot chocolate - Hazelnut - 2.60,  Speciality Tea - Earl Grey - 1.30",7.65,CARD,3043334083389
11/11/2020 13:25,Poole,Abbie Thompson," Babyccino - 0.00",.0,CARD,1720879614099985
11/11/2020 13:26,Poole,Stephanie Merz," Speciality Tea - Green - 1.30,  Flavoured iced latte - Caramel - 2.75",4.05,CARD,6011113852890341
11/11/2020 13:27,Poole,Brittany Daniels,"Large Flavoured latte - Vanilla - 2.85",2.85,CASH,
11/11/2020 13:27,Poole,Jake Thomas,"Regular Flavoured latte - Gingerbread - 2.55,  Frappes - Strawberries & Cream - 2.75, Large Americano - 2.25,  Mocha - 2.30, Large Flavoured latte - Caramel - 2.85",12.70,CARD,7313344232078536
11/11/2020 13:28,Poole,Vicky Webb," Flavoured iced latte - Hazelnut - 2.75,  Speciality Tea - Peppermint - 1.30,  Speciality Tea - Fruit - 1.30, Regular Filter coffee - 1.50,  Flavoured iced latte - Caramel - 2.75",9.60,CARD,675581272491998
11/11/2020 13:29,Poole,Mila Leclerc," Glass of milk - 0.70,  Speciality Tea - Camomile - 1.30",2.00,CARD,3465824152559839
11/11/2020 13:29,Poole,Erwan Gauthier," Flat white - 2.15, Large Flavoured latte - Hazelnut - 2.85,  Mocha - 2.30",7.30,CASH,
11/11/2020 13:30,Poole,Maya Garrett,"Regular Filter coffee - 1.50,  Hot chocolate - 1.40,  Smoothies - Carrot Kick - 2.00",4.90,CASH,
11/11/2020 13:31,Poole,Vital Farias,"Regular Latte - 2.15",2.15,CARD,5468697631269
11/11/2020 13:31,Poole,Anthony Campbell,"Large Americano - 2.25, Large Flavoured latte - Hazelnut - 2.85,  Flavoured iced latte - Caramel - 2.75,  Speciality Tea - Earl Grey - 1.30, Regular Americano - 1.95",11.10,CARD,78914844740486957
11/11/2020 13:32,Poole,Josefa Ramirez,"Regular Cappuccino - 2.15,  Frappes - Chocolate Cookie - 2.75",4.90,CASH,
11/11/2020 13:32,Poole,Louis Turner," Iced latte - 2.35,  Smoothies - Carrot Kick - 2.00, Regular Flavoured latte - Vanilla - 2.55, Large Flavoured latte - Hazelnut - 2.85",9.75,CARD,3089047353592
11/11/2020 13:33,Poole,Jacqueline Green," Speciality Tea - Fruit - 1.30,  Mocha - 2.30, Large Espresso - 1.80,  Flavoured iced latte - Vanilla - 2.75",8.15,CARD,662740252775174
11/11/2020 13:34,Poole,Elya Mathieu," Flavoured iced latte - Hazelnut - 2.75",2.75,CASH,
11/11/2020 13:34,Poole,Camilla Taule," Smoothies - Carrot Kick - 2.00,  Flavoured iced latte - Caramel - 2.75",4.75,CARD,0092361719938833
11/11/2020 13:35,Poole,Adrienne Masson," Cortado - 2.05,  Speciality Tea - Camomile - 1.30, Large Flavoured hot chocolate - Hazelnut - 2.90",6.25,CARD,8189929135420755
11/11/2020 13:36,Poole,Latischa Luth," Speciality Tea - English breakfast - 1.30, Regular Flavoured latte - Vanilla - 2.55, Large Flavoured latte - Caramel - 2.85,  Iced americano - 2.15, Large Filter coffee - 1.80",10.65,CARD,6879743866281048
11/11/2020 13:36,Poole,Caleb Carpenter," Frappes - Chocolate Cookie - 2.75, Large Flavoured latte - Vanilla - 2.85,  Speciality Tea - Darjeeling - 1.30",6.90,CARD,571500776858327
11/11/2020 13:37,Poole,Brayden Caldwell,"Regular Flavoured latte - Caramel - 2.55,  Smoothies - Glowing Greens - 2.00,  Smoothies - Berry Beautiful - 2.00",6.55,CASH,
11/11/2020 13:38,Poole,Geruza Lima," Speciality Tea - English breakfast - 1.30",1.30,CARD,8755624757999
11/11/2020 13:38,Poole,Georgios Garcia," Speciality Tea - Camomile - 1.30, Regular Flavoured latte - Caramel - 2.55",3.85,CARD,6011990842428351
11/11/2020 13:39,Poole,Gerdi Huppertz,"Regular Filter coffee - 1.50, Large Americano - 2.25,  Smoothies - Glowing Greens - 2.00, Regular Flavoured hot chocolate - Vanilla - 2.60,  Flavoured iced latte - Hazelnut - 2.75",11.10,CASH,
11/11/2020 13:40,Poole,Edward Reyes,"Large Americano - 2.25,  Iced americano - 2.15, Regular Espresso - 1.50, Regular Hot chocolate - 2.20",8.10,CASH,
11/11/2020 13:40,Poole,Imre Georgsen," Speciality Tea - Darjeeling - 1.30,  Speciality Tea - Earl Grey - 1.30,  Speciality Tea - Earl Grey - 1.30",3.90,CARD,55244527358281446
11/11/2020 13:41,Poole,Andrew Henderson," Speciality Tea - Earl Grey - 1.30, Regular Latte - 2.15,  Frappes - Chocolate Cookie - 2.75,  Speciality Tea - Darjeeling - 1.30",7.50,CASH,
11/11/2020 13:42,Poole,Leo Rautio," Mocha - 2.30",2.30,CARD,7373278029685
11/11/2020 13:42,Poole,Jasmine Abraham,"Large Latte - 2.45,  Flat white - 2.15,  Red label tea - 1.20,  Frappes - Strawberries & Cream - 2.75",8.55,CARD,6531706698075778
11/11/2020 13:43,Poole,Jar Hayes,"Large Latte - 2.45,  Speciality Tea - Fruit - 1.30, Regular Luxury hot chocolate - 2.40",6.15,CARD,68145678286405202
11/11/2020 13:43,Poole,Eduardo Fields,"Large Flavoured latte - Vanilla - 2.85,  Flavoured iced latte - Caramel - 2.75",5.60,CARD,5113992790804032
11/11/2020 13:44,Poole,Elmer Freeman,"Large Filter coffee - 1.80",1.80,CARD,0427566462615761
11/11/2020 13:45,Poole,Otto Garvik,"Regular Flavoured latte - Vanilla - 2.55, Large Latte - 2.45,  Cortado - 2.05,  Glass of milk - 0.70,  Flavoured iced latte - Hazelnut - 2.75",10.50,CARD,5348058470979
11/11/2020 13:45,Poole,Patsy Garrett,"Large Filter coffee - 1.80",1.80,CARD,4263492284947647
11/11/2020 13:46,Poole,Maxine Fowler,"Regular Flavoured hot chocolate - Hazelnut - 2.60",2.60,CASH,
11/11/2020 13:47,Poole,Jon Cunningham,"Regular Cappuccino - 2.15",2.15,CASH,
11/11/2020 13:47,Poole,Lilja Wong," Hot chocolate - 1.40,  Frappes - Coffee - 2.75, Large Flavoured hot chocolate - Hazelnut - 2.90",7.05,CARD,596931281386111
11/11/2020 13:48,Poole,Giuseppe Gaillard,"Large Latte - 2.45,  Iced americano - 2.15, Large Cappuccino - 2.45,  Flavoured iced latte - Caramel - 2.75",9.80,CARD,594684525827696
11/11/2020 13:49,Poole,Marianne Lam," Frappes - Chocolate Cookie - 2.75",2.75,CARD,8898813286987113
11/11/2020 13:49,Poole,Wiktor Garvik," Speciality Tea - Earl Grey - 1.30,  Smoothies - Glowing Greens - 2.00,  Frappes - Chocolate Cookie - 2.75, Regular Flavoured latte - Vanilla - 2.55",8.60,CASH,
11/11/2020 13:50,Poole,Victor Poulsen," Flavoured iced latte - Vanilla - 2.75, Regular Flavoured latte - Gingerbread - 2.55, Regular Hot chocolate - 2.20, Large Americano - 2.25,  Iced latte - 2.35",12.10,CARD,8667044367249763
11/11/2020 13:51,Poole,Jent Herlaar," Speciality Tea - Camomile - 1.30,  Mocha - 2.30",3.60,CASH,
11/11/2020 13:51,Poole,Mike Hernandez,"Large Americano - 2.25,  Mocha - 2.30",4.55,CASH,
11/11/2020 13:52,Poole,Tude Nunes,"Regular Espresso - 1.50,  Smoothies - Glowing Greens - 2.00,  Smoothies - Glowing Greens - 2.00,  Iced americano - 2.15",7.65,CASH,
11/11/2020 13:52,Poole,Enrique Ferrer," Flavoured iced latte - Hazelnut - 2.75,  Hot chocolate - 1.40,  Speciality Tea - Camomile - 1.30",5.45,CARD,6011959157399097
11/11/2020 13:53,Poole,Carmelo Beck," Hot chocolate - 1.40, Large Cappuccino - 2.45,  Hot chocolate - 1.40,  Smoothies - Carrot Kick - 2.00,  Speciality Tea - Peppermint - 1.30",8.55,CARD,9235898890938782
11/11/2020 13:54,Poole,Kordula Loos," Smoothies - Glowing Greens - 2.00,  Flavoured iced latte - Caramel - 2.75",4.75,CARD,79272122736855734
11/11/2020 13:54,Poole,Art Neal," Hot chocolate - 1.40,  Glass of milk - 0.70",2.10,CARD,5448083799466338
11/11/2020 13:55,Poole,Aleksander Harila," Speciality Tea - Darjeeling - 1.30",1.30,CASH,
11/11/2020 13:56,Poole,Iina Manner," Frappes - Chocolate Cookie - 2.75, Regular Flavoured latte - Vanilla - 2.55,  Glass of milk - 0.70",6.00,CARD,014181524958901
11/11/2020 13:56,Poole,Ardian Lucas,"Large Filter coffee - 1.80,  Speciality Tea - Darjeeling - 1.30",3.10,CASH,
11/11/2020 13:57,Poole,Maria Hughes," Smoothies - Glowing Greens - 2.00, Large Flavoured latte - Vanilla - 2.85",4.85,CASH,
11/11/2020 13:58,Poole,Adam Rasmussen,"Regular Flavoured latte - Vanilla - 2.55,  Smoothies - Glowing Greens - 2.00, Regular Filter coffee - 1.50,  Frappes - Strawberries & Cream - 2.75",8.80,CARD,5797411138254
11/11/2020 13:58,Poole,Otto Haataja,"Large Cappuccino - 2.45,  Frappes - Coffee - 2.75, Large Americano - 2.25",7.45,CARD,246301323953852
11/11/2020 13:59,Poole,Kadir Tunaboylu," Speciality Tea - Darjeeling - 1.30,  Speciality Tea - English breakfast - 1.30",2.60,CARD,2822615276099295
11/11/2020 14:00,Poole,Florence Gill,"Large Flavoured hot chocolate - Caramel - 2.90",2.90,CARD,6011721297380884
11/11/2020 14:00,Poole,Eileen Gomez,"Large Latte - 2.45",2.45,CARD,8165847720512
11/11/2020 14:01,Poole,Marius Nielsen," Iced americano - 2.15,  Hot chocolate - 1.40, Large Americano - 2.25,  Flavoured iced latte - Caramel - 2.75",8.55,CASH,
11/11/2020 14:01,Poole,Zachary Lavoie," Iced americano - 2.15,  Smoothies - Berry Beautiful - 2.00",4.15,CARD,080837875078737
11/11/2020 14:02,Poole,Donato Lefebvre," Frappes - Chocolate Cookie - 2.75,  Hot chocolate - 1.40,  Flavoured iced latte - Caramel - 2.75,  Red label tea - 1.20",8.10,CARD,867686667038394
11/11/2020 14:03,Poole,Rebecca Kelly,"Regular Americano - 1.95, Regular Flavoured latte - Vanilla - 2.55",4.50,CASH,
11/11/2020 14:03,Poole,Dimas Sales," Flavoured iced latte - Vanilla - 2.75, Regular Flavoured latte - Hazelnut - 2.55",5.30,CARD,227094830948078
11/11/2020 14:04,Poole,Jared Alvarez,"Regular Latte - 2.15,  Iced latte - 2.35,  Cortado - 2.05",6.55,CARD,9001248375047026
11/11/2020 14:04,Poole,Elmar Garcia,"Regular Flavoured hot chocolate - Caramel - 2.60,  Smoothies - Carrot Kick - 2.00",4.60,CARD,3279167614567967
11/11/2020 14:05,Poole,Ernesto Beerda,"Regular Filter coffee - 1.50",1.50,CARD,6011585834500664
11/11/2020 14:06,Poole,Esma Pekkan,"Regular Cappuccino - 2.15",2.15,CARD,6011794766377100
11/11/2020 14:06,Poole,Domingo Moya,"Large Flavoured latte - Vanilla - 2.85,  Flavoured iced latte - Hazelnut - 2.75,  Flavoured iced latte - Caramel - 2.75",8.35,CASH,
11/11/2020 14:07,Poole,Zachary Bouchard,"Regular Latte - 2.15,  Glass of milk - 0.70, Large Flavoured latte - Vanilla - 2.85,  Flavoured iced latte - Caramel - 2.75, Regular Flavoured latte - Vanilla - 2.55",11.00,CARD,6011038366486305
11/11/2020 14:08,Poole,June Spencer,"Large Flavoured hot chocolate - Vanilla - 2.90, Large Flavoured hot chocolate - Hazelnut - 2.90,  Speciality Tea - Peppermint - 1.30, Regular Americano - 1.95",9.05,CASH,
11/11/2020 14:08,Poole,Sofie Andersen," Speciality Tea - Earl Grey - 1.30,  Speciality Tea - Darjeeling - 1.30,  Iced latte - 2.35, Regular Flavoured latte - Hazelnut - 2.55,  Speciality Tea - Camomile - 1.30",8.80,CARD,7943539901531027
11/11/2020 14:09,Poole,Joan Garcia,"Regular Filter coffee - 1.50",1.50,CARD,3321569529466975
11/11/2020 14:09,Poole,Moska Steenbrink," Speciality Tea - Darjeeling - 1.30",1.30,CASH,
11/11/2020 14:10,Poole,Olivia Nielsen," Glass of milk - 0.70,  Iced latte - 2.35",3.05,CASH,
11/11/2020 14:11,Poole,Natalja Brink," Speciality Tea - Darjeeling - 1.30",1.30,CASH,
11/11/2020 14:11,Poole,Eevi Paavola,"Regular Filter coffee - 1.50",1.50,CASH,
11/11/2020 14:12,Poole,Erik Pierce," Red label tea - 1.20,  Glass of milk - 0.70, Regular Cappuccino - 2.15",4.05,CARD,404473829984003
11/11/2020 14:12,Poole,Raoul Nguyen,"Large Flavoured hot chocolate - Hazelnut - 2.90,  Flavoured iced latte - Hazelnut - 2.75,  Smoothies - Glowing Greens - 2.00, Large Cappuccino - 2.45",10.10,CARD,98115931393539
11/11/2020 14:13,Poole,Alexandre Oliveira," Speciality Tea - Camomile - 1.30,  Frappes - Coffee - 2.75, Regular Flavoured latte - Vanilla - 2.55,  Flavoured iced latte - Caramel - 2.75,  Flavoured iced latte - Vanilla - 2.75",12.10,CASH,
11/11/2020 14:14,Poole,Floriano Cavalcanti,"Regular Americano - 1.95,  Glass of milk - 0.70",2.65,CASH,
11/11/2020 14:14,Poole,Alexandre Gauthier," Speciality Tea - Fruit - 1.30,  Speciality Tea - Peppermint - 1.30, Large Flavoured latte - Caramel - 2.85, Large Americano - 2.25",7.70,CASH,
11/11/2020 14:15,Poole,Herman Watkins,"Regular Cappuccino - 2.15,  Speciality Tea - Fruit - 1.30,  Speciality Tea - Darjeeling - 1.30,  Speciality Tea - Peppermint - 1.30, Regular Chai latte - 2.30",8.35,CASH,
11/11/2020 14:16,Poole,Ryan Slawa," Speciality Tea - Fruit - 1.30,  Flat white - 2.15,  Glass of milk - 0.70, Large Flavoured hot chocolate - Vanilla - 2.90",7.05,CARD,6011436898956964
11/11/2020 14:16,Poole,Jay Fabrie,"Large Flavoured latte - Vanilla - 2.85,  Cortado - 2.05,  Babyccino - 0.00, Regular Latte - 2.15",7.05,CASH,
11/11/2020 14:17,Poole,Emilia Kangas," Flat white - 2.15,  Speciality Tea - English breakfast - 1.30, Large Cappuccino - 2.45,  Speciality Tea - Camomile - 1.30,  Frappes - Chocolate Cookie - 2.75",9.95,CARD,467509681242098
11/11/2020 14:17,Poole,Leevi Eskola,"Large Flavoured latte - Gingerbread - 2.85",2.85,CARD,5562672378522
11/11/2020 14:18,Poole,Daniel Benitez,"Large Flavoured latte - Hazelnut - 2.85, Regular Filter coffee - 1.50, Large Cappuccino - 2.45, Regular Flavoured latte - Vanilla - 2.55,  Flavoured iced latte - Hazelnut - 2.75",12.10,CASH,
11/11/2020 14:19,Poole,Felinta Carvalho,"Large Americano - 2.25,  Smoothies - Glowing Greens - 2.00, Large Espresso - 1.80",6.05,CASH,
11/11/2020 14:19,Poole,Floyd May,"Regular Flavoured latte - Vanilla - 2.55,  Smoothies - Glowing Greens - 2.00",4.55,CASH,
11/11/2020 14:20,Poole,Jose Vicente,"Large Flavoured hot chocolate - Hazelnut - 2.90",2.90,CASH,
11/11/2020 14:20,Poole,Nadia Hahn,"Large Flavoured latte - Vanilla - 2.85,  Frappes - Chocolate Cookie - 2.75,  Glass of milk - 0.70,  Smoothies - Glowing Greens - 2.00",8.30,CARD,321676679751424
11/11/2020 14:21,Poole,Zachary Hughes," Cortado - 2.05,  Flavoured iced latte - Hazelnut - 2.75,  Glass of milk - 0.70",5.50,CASH,
11/11/2020 14:22,Poole,Serine Tysse," Red label tea - 1.20, Regular Cappuccino - 2.15, Large Chai latte - 2.60,  Speciality Tea - Peppermint - 1.30,  Frappes - Coffee - 2.75",10.00,CARD,6011834686849966
11/11/2020 14:22,Poole,Edgar Richardson," Frappes - Chocolate Cookie - 2.75,  Frappes - Chocolate Cookie - 2.75,  Mocha - 2.30,  Babyccino - 0.00,  Speciality Tea - Earl Grey - 1.30",9.10,CASH,
11/11/2020 14:23,Poole,Niklas Laine," Flavoured iced latte - Vanilla - 2.75",2.75,CARD,223611846225356
11/11/2020 14:23,Poole,Jennifer Bell," Smoothies - Glowing Greens - 2.00,  Speciality Tea - English breakfast - 1.30,  Speciality Tea - Camomile - 1.30",4.60,CARD,6011789832326439
11/11/2020 14:24,Poole,Letitia Harvey,"Large Filter coffee - 1.80,  Smoothies - Glowing Greens - 2.00",3.80,CARD,001803170769091
11/11/2020 14:25,Poole,Flavie Marchand," Frappes - Coffee - 2.75",2.75,CARD,8572187413486218
11/11/2020 14:25,Poole,Izzie Campbell,"Regular Luxury hot chocolate - 2.40, Large Latte - 2.45,  Smoothies - Glowing Greens - 2.00",6.85,CARD,3409681280411
11/11/2020 14:26,Poole,David Hawkins," Speciality Tea - English breakfast - 1.30,  Speciality Tea - Earl Grey - 1.30, Regular Flavoured latte - Vanilla - 2.55, Large Americano - 2.25, Regular Luxury hot chocolate - 2.40",9.80,CARD,0753470453670
11/11/2020 14:27,Poole,Ype Havermans,"Regular Cappuccino - 2.15, Regular Flavoured latte - Vanilla - 2.55, Large Hot chocolate - 2.90, Regular Americano - 1.95",9.55,CARD,6011853909026577
11/11/2020 14:27,Poole,Erlend Grinden," Flavoured iced latte - Hazelnut - 2.75, Large Filter coffee - 1.80,  Smoothies - Glowing Greens - 2.00,  Speciality Tea - Darjeeling - 1.30, Large Hot chocolate - 2.90",10.75,CASH,
11/11/2020 14:28,Poole,Kirk Hansen," Flavoured iced latte - Vanilla - 2.75,  Flavoured iced latte - Vanilla - 2.75,  Speciality Tea - Fruit - 1.30,  Speciality Tea - Camomile - 1.30,  Cortado - 2.05",10.15,CARD,6725412114299223
11/11/2020 14:28,Poole,Thea Madsen," Speciality Tea - English breakfast - 1.30, Regular Flavoured latte - Vanilla - 2.55",3.85,CARD,6011061150052701
11/11/2020 14:29,Poole,Amber James," Speciality Tea - English breakfast - 1.30,  Speciality Tea - Peppermint - 1.30,  Smoothies - Carrot Kick - 2.00",4.60,CASH,
11/11/2020 14:30,Poole,Daryl Graham,"Large Hot chocolate - 2.90, Regular Flavoured latte - Caramel - 2.55, Regular Americano - 1.95,  Flavoured iced latte - Caramel - 2.75",10.15,CARD,748353087391446
11/11/2020 14:30,Poole,Kim Fitzpatrick,"Large Chai latte - 2.60,  Speciality Tea - English breakfast - 1.30",3.90,CASH,
11/11/2020 14:31,Poole,Kristen Byrd," Iced americano - 2.15, Large Luxury hot chocolate - 2.70",4.85,CASH,
11/11/2020 14:31,Poole,Laila Raschke,"Large Flavoured latte - Vanilla - 2.85",2.85,CARD,80765709640901
11/11/2020 14:32,Poole,Celia Cano," Cortado - 2.05,  Iced americano - 2.15,  Cortado - 2.05",6.25,CASH,
11/11/2020 14:33,Poole,Quinn Smith," Speciality Tea - Peppermint - 1.30, Regular Filter coffee - 1.50, Regular Filter coffee - 1.50,  Frappes - Chocolate Cookie - 2.75",7.05,CARD,5560879713098
11/11/2020 14:33,Poole,Chloe Morrison," Flavoured iced latte - Caramel - 2.75,  Mocha - 2.30,  Speciality Tea - Peppermint - 1.30",6.35,CARD,6011242911048542
11/11/2020 14:34,Poole,Adolfo Gutierrez,"Large Filter coffee - 1.80, Large Flavoured latte - Vanilla - 2.85, Large Americano - 2.25",6.90,CARD,0336257661703
11/11/2020 14:34,Poole,Gustav Vincent," Babyccino - 0.00,  Smoothies - Berry Beautiful - 2.00",2.00,CARD,9456529735285916
11/11/2020 14:35,Poole,Joana Duarte,"Large Americano - 2.25,  Smoothies - Glowing Greens - 2.00",4.25,CARD,6011408445718429
11/11/2020 14:36,Poole,Rosario Cabrera,"Large Chai latte - 2.60,  Flavoured iced latte - Caramel - 2.75,  Smoothies - Glowing Greens - 2.00",7.35,CARD,6011193275547108
11/11/2020 14:36,Poole,Charlie Lefebvre,"Regular Chai latte - 2.30,  Frappes - Coffee - 2.75",5.05,CARD,2137180970363461
11/11/2020 14:37,Poole,Nora Collins,"Regular Latte - 2.15",2.15,CASH,
11/11/2020 14:38,Poole,Leo Polon," Flat white - 2.15,  Glass of milk - 0.70, Regular Latte - 2.15",5.00,CARD,9523825709059167
11/11/2020 14:38,Poole,Betty Bulut,"Regular Americano - 1.95, Large Filter coffee - 1.80, Regular Flavoured hot chocolate - Hazelnut - 2.60,  Speciality Tea - Peppermint - 1.30",7.65,CARD,6755444952452485
11/11/2020 14:39,Poole,Naja Nielsen," Flavoured iced latte - Hazelnut - 2.75",2.75,CASH,
11/11/2020 14:39,Poole,Xaver Pierre," Smoothies - Glowing Greens - 2.00, Large Cappuccino - 2.45,  Speciality Tea - Earl Grey - 1.30, Large Americano - 2.25,  Glass of milk - 0.70",8.70,CASH,
11/11/2020 14:40,Poole,Suzy Davis,"Large Cappuccino - 2.45,  Smoothies - Glowing Greens - 2.00, Regular Cappuccino - 2.15,  Flavoured iced latte - Hazelnut - 2.75",9.35,CARD,9291010982105460
11/11/2020 14:41,Poole,Germano Nunes," Speciality Tea - Peppermint - 1.30,  Frappes - Coffee - 2.75,  Hot chocolate - 1.40,  Flavoured iced latte - Hazelnut - 2.75",8.20,CARD,6011519102454502
11/11/2020 14:41,Poole,Ryan Thomas," Frappes - Strawberries & Cream - 2.75,  Speciality Tea - Camomile - 1.30,  Smoothies - Glowing Greens - 2.00",6.05,CASH,
11/11/2020 14:42,Poole,Alicia Fjell," Glass of milk - 0.70,  Flat white - 2.15, Regular Latte - 2.15, Large Flavoured latte - Vanilla - 2.85",7.85,CARD,6011076681846387
11/11/2020 14:42,Poole,Sofia Pedersen," Flavoured iced latte - Hazelnut - 2.75,  Iced latte - 2.35,  Frappes - Coffee - 2.75,  Speciality Tea - Camomile - 1.30, Regular Americano - 1.95",11.10,CARD,6011223937410954
11/11/2020 14:43,Poole,Kate Shaw,"Large Flavoured latte - Vanilla - 2.85, Regular Hot chocolate - 2.20, Large Flavoured hot chocolate - Caramel - 2.90,  Speciality Tea - Peppermint - 1.30",9.25,CASH,
11/11/2020 14:44,Poole,Howard Vargas,"Large Flavoured latte - Vanilla - 2.85",2.85,CASH,
11/11/2020 14:44,Poole,Socorro Pereira,"Large Flavoured latte - Gingerbread - 2.85,  Iced americano - 2.15,  Speciality Tea - Fruit - 1.30,  Flavoured iced latte - Hazelnut - 2.75",9.05,CASH,
11/11/2020 14:45,Poole,Samuel Saksa," Frappes - Coffee - 2.75,  Frappes - Coffee - 2.75, Large Flavoured latte - Caramel - 2.85,  Hot chocolate - 1.40, Large Flavoured latte - Vanilla - 2.85",12.60,CARD,4604083105903971
11/11/2020 14:46,Poole,Tiago Blanc,"Large Flavoured latte - Vanilla - 2.85,  Frappes - Coffee - 2.75,  Frappes - Chocolate Cookie - 2.75",8.35,CASH,
11/11/2020 14:46,Poole,Victor Herrera,"Regular Hot chocolate - 2.20,  Speciality Tea - Green - 1.30",3.50,CASH,
11/11/2020 14:47,Poole,Maya Kowalski," Flavoured iced latte - Caramel - 2.75, Large Filter coffee - 1.80",4.55,CARD,6011035167477530
11/11/2020 14:47,Poole,Julien Gonzalez," Speciality Tea - Peppermint - 1.30,  Smoothies - Berry Beautiful - 2.00",3.30,CARD,1918702655277
11/11/2020 14:48,Poole,Janus Wecker," Frappes - Chocolate Cookie - 2.75, Regular Americano - 1.95, Regular Luxury hot chocolate - 2.40,  Glass of milk - 0.70,  Frappes - Coffee - 2.75",10.55,CARD,2784370112944
11/11/2020 14:49,Poole,Caterina Moreira,"Large Flavoured latte - Vanilla - 2.85",2.85,CASH,
11/11/2020 14:49,Poole,Geerdina Wellens," Frappes - Chocolate Cookie - 2.75,  Flavoured iced latte - Hazelnut - 2.75,  Iced americano - 2.15, Regular Filter coffee - 1.50",9.15,CARD,0488307976166440
11/11/2020 14:50,Poole,Inga Schepers," Smoothies - Glowing Greens - 2.00, Regular Filter coffee - 1.50",3.50,CASH,
11/11/2020 14:50,Poole,Ritthy Williamson," Speciality Tea - English breakfast - 1.30, Regular Luxury hot chocolate - 2.40,  Speciality Tea - Earl Grey - 1.30,  Flavoured iced latte - Hazelnut - 2.75,  Smoothies - Carrot Kick - 2.00",9.75,CARD,087670509751880
11/11/2020 14:51,Poole,Selina Bekkering," Speciality Tea - Camomile - 1.30",1.30,CASH,
11/11/2020 14:52,Poole,Alexis Smith,"Regular Americano - 1.95,  Iced americano - 2.15",4.10,CARD,8207628786887616
11/11/2020 14:52,Poole,Live Dahlberg," Speciality Tea - Darjeeling - 1.30,  Flavoured iced latte - Caramel - 2.75,  Iced americano - 2.15,  Flavoured iced latte - Hazelnut - 2.75, Large Flavoured latte - Vanilla - 2.85",11.80,CASH,
11/11/2020 14:53,Poole,Alexis Joly," Speciality Tea - Earl Grey - 1.30,  Cortado - 2.05, Regular Americano - 1.95, Regular Latte - 2.15",7.45,CARD,6011534637292925
11/11/2020 14:53,Poole,Andrea Mendez," Mocha - 2.30, Regular Flavoured latte - Vanilla - 2.55,  Cortado - 2.05, Regular Flavoured latte - Vanilla - 2.55, Large Americano - 2.25",11.70,CARD,5617681725870
11/11/2020 14:54,Poole,Freja Hansen,"Large Luxury hot chocolate - 2.70",2.70,CARD,8025624998354259
11/11/2020 14:55,Poole,Aisha Tafjord,"Regular Latte - 2.15",2.15,CARD,7443197194435615
11/11/2020 14:55,Poole,Vicki Castro,"Large Latte - 2.45, Regular Americano - 1.95,  Hot chocolate - 1.40, Regular Chai latte - 2.30,  Smoothies - Glowing Greens - 2.00",10.10,CARD,2577563959542768
11/11/2020 14:56,Poole,Braxton Smith," Frappes - Coffee - 2.75,  Smoothies - Glowing Greens - 2.00,  Flavoured iced latte - Hazelnut - 2.75,  Speciality Tea - Fruit - 1.30, Regular Latte - 2.15",10.95,CASH,
11/11/2020 14:57,Poole,Samu Rajala," Iced americano - 2.15, Regular Flavoured hot chocolate - Caramel - 2.60, Large Chai latte - 2.60",7.35,CARD,209815448744504
11/11/2020 14:57,Poole,Charles Lavigne," Speciality Tea - Earl Grey - 1.30",1.30,CASH,
11/11/2020 14:58,Poole,Sander Larsen," Cortado - 2.05",2.05,CASH,
11/11/2020 14:58,Poole,Ids Hageman,"Large Flavoured latte - Caramel - 2.85,  Flavoured iced latte - Caramel - 2.75,  Iced americano - 2.15,  Smoothies - Glowing Greens - 2.00,  Speciality Tea - Green - 1.30",11.05,CARD,7375824545739456
11/11/2020 14:59,Poole,Sander Christiansen," Hot chocolate - 1.40",1.40,CARD,6069488231855
11/11/2020 15:00,Poole,Melanie Robinson," Frappes - Chocolate Cookie - 2.75, Large Flavoured hot chocolate - Caramel - 2.90",5.65,CASH,
11/11/2020 15:01,Poole,Vita Monteiro," Frappes - Chocolate Cookie - 2.75,  Smoothies - Glowing Greens - 2.00, Large Latte - 2.45",7.20,CASH,
11/11/2020 15:03,Poole,Soham Porter," Frappes - Chocolate Cookie - 2.75,  Smoothies - Glowing Greens - 2.00",4.75,CASH,
11/11/2020 15:04,Poole,Madison Wang," Red label tea - 1.20,  Flat white - 2.15, Large Latte - 2.45",5.80,CASH,
11/11/2020 15:06,Poole,Lenny Giraud," Speciality Tea - Earl Grey - 1.30",1.30,CARD,6011301109613920
11/11/2020 15:07,Poole,Ella Tremblay,"Large Luxury hot chocolate - 2.70,  Speciality Tea - Fruit - 1.30",4.00,CASH,
11/11/2020 15:09,Poole,Mike Austin,"Regular Latte - 2.15",2.15,CASH,
11/11/2020 15:11,Poole,Sofia Wilson," Speciality Tea - Fruit - 1.30,  Speciality Tea - English breakfast - 1.30",2.60,CARD,52656425443660
11/11/2020 15:12,Poole,Jocenira Silveira,"Large Flavoured hot chocolate - Vanilla - 2.90,  Flavoured iced latte - Caramel - 2.75, Regular Cappuccino - 2.15",7.80,CARD,583117620105113
11/11/2020 15:14,Poole,Mikal Benschop,"Regular Flavoured latte - Vanilla - 2.55,  Frappes - Chocolate Cookie - 2.75",5.30,CARD,0126119333818597
11/11/2020 15:15,Poole,Hannah Orvik," Babyccino - 0.00",.0,CASH,
11/11/2020 15:17,Poole,Ethan Roy,"Large Flavoured hot chocolate - Caramel - 2.90",2.90,CARD,4239211957378
11/11/2020 15:19,Poole,Alfonso Flores,"Large Flavoured latte - Hazelnut - 2.85",2.85,CASH,
11/11/2020 15:20,Poole,Clara Perez,"Regular Americano - 1.95",1.95,CASH,
11/11/2020 15:22,Poole,Larry Fields,"Regular Hot chocolate - 2.20, Large Flavoured hot chocolate - Hazelnut - 2.90, Large Flavoured latte - Hazelnut - 2.85",7.95,CASH,
11/11/2020 15:23,Poole,Alisa Manner," Mocha - 2.30, Large Flavoured latte - Vanilla - 2.85",5.15,CASH,
11/11/2020 15:25,Poole,Caleb Foster,"Large Americano - 2.25, Regular Flavoured hot chocolate - Caramel - 2.60",4.85,CASH,
11/11/2020 15:26,Poole,Peppi Kivisto," Speciality Tea - Fruit - 1.30,  Iced latte - 2.35, Regular Cappuccino - 2.15",5.80,CASH,
11/11/2020 15:28,Poole,Bill Ellis," Flavoured iced latte - Hazelnut - 2.75",2.75,CARD,0690341819776311
11/11/2020 15:30,Poole,Luca Simon,"Large Flavoured latte - Vanilla - 2.85, Large Flavoured hot chocolate - Caramel - 2.90",5.75,CASH,
11/11/2020 15:31,Poole,Daniel Campbell,"Large Chai latte - 2.60, Regular Filter coffee - 1.50",4.10,CARD,6011752016599600
11/11/2020 15:33,Poole,Jasmin Roger,"Regular Flavoured hot chocolate - Vanilla - 2.60",2.60,CARD,8961597459205
11/11/2020 15:34,Poole,Gabriella Hart," Smoothies - Glowing Greens - 2.00, Large Flavoured hot chocolate - Caramel - 2.90",4.90,CASH,
11/11/2020 15:36,Poole,Slawomir Jacob,"Regular Flavoured hot chocolate - Caramel - 2.60",2.60,CASH,
11/11/2020 15:37,Poole,Cameron Little,"Large Espresso - 1.80, Regular Flavoured hot chocolate - Vanilla - 2.60",4.40,CARD,0801209153346652
11/11/2020 15:39,Poole,Avery Jenkins,"Large Espresso - 1.80, Regular Flavoured hot chocolate - Hazelnut - 2.60",4.40,CARD,1777961670356154
11/11/2020 15:41,Poole,Anni Arola," Speciality Tea - Earl Grey - 1.30, Regular Flavoured hot chocolate - Hazelnut - 2.60",3.90,CARD,9765876663238
11/11/2020 15:42,Poole,Traute Jahns,"Large Flavoured latte - Caramel - 2.85,  Frappes - Coffee - 2.75, Regular Flavoured latte - Hazelnut - 2.55,  Babyccino - 0.00",8.15,CASH,
11/11/2020 15:44,Poole,Alicia Celius," Smoothies - Carrot Kick - 2.00",2.00,CARD,7210305932543449
11/11/2020 15:45,Poole,Sophie May,"Large Flavoured latte - Vanilla - 2.85,  Flavoured iced latte - Caramel - 2.75",5.60,CARD,4822017029782584
11/11/2020 15:47,Poole,Tasmira Pereira," Babyccino - 0.00, Large Flavoured hot chocolate - Vanilla - 2.90",2.90,CASH,
11/11/2020 15:49,Poole,Eugene Williams," Mocha - 2.30,  Speciality Tea - Earl Grey - 1.30, Large Filter coffee - 1.80, Regular Americano - 1.95, Regular Flavoured hot chocolate - Caramel - 2.60",9.95,CARD,641188241312045
11/11/2020 15:50,Poole,Virginia Dombrowski,"Large Flavoured latte - Vanilla - 2.85,  Frappes - Chocolate Cookie - 2.75",5.60,CASH,
11/11/2020 15:52,Poole,Sergio Iglesias," Flavoured iced latte - Hazelnut - 2.75,  Smoothies - Carrot Kick - 2.00, Regular Chai latte - 2.30,  Flavoured iced latte - Caramel - 2.75,  Red label tea - 1.20",11.00,CARD,1716867306882686
11/11/2020 15:53,Poole,Oliver Roberts," Frappes - Strawberries & Cream - 2.75,  Flat white - 2.15",4.90,CARD,4238295146919
11/11/2020 15:55,Poole,Ely Ferreira,"Large Cappuccino - 2.45, Large Flavoured latte - Gingerbread - 2.85,  Babyccino - 0.00",5.30,CASH,
11/11/2020 15:56,Poole,Elke Lefevre,"Large Americano - 2.25",2.25,CARD,6133669570793978
11/11/2020 15:58,Poole,Soham Price,"Large Cappuccino - 2.45, Large Filter coffee - 1.80,  Speciality Tea - Camomile - 1.30",5.55,CASH,
11/11/2020 16:00,Poole,Dwight Hansen,"Large Hot chocolate - 2.90",2.90,CARD,5795060955183054
11/11/2020 16:00,Poole,Mar Caldeira," Smoothies - Glowing Greens - 2.00,  Cortado - 2.05, Large Cappuccino - 2.45,  Speciality Tea - English breakfast - 1.30,  Cortado - 2.05",9.85,CARD,6501967021360907
11/11/2020 16:01,Poole,Judy Riley," Smoothies - Carrot Kick - 2.00, Regular Luxury hot chocolate - 2.40,  Smoothies - Berry Beautiful - 2.00",6.40,CARD,8714867346924951
11/11/2020 16:02,Poole,Louise Frazier,"Regular Flavoured latte - Vanilla - 2.55, Large Americano - 2.25, Large Americano - 2.25, Large Filter coffee - 1.80, Large Latte - 2.45",11.30,CASH,
11/11/2020 16:03,Poole,Stilla Hammann," Frappes - Coffee - 2.75,  Smoothies - Carrot Kick - 2.00,  Smoothies - Carrot Kick - 2.00,  Speciality Tea - English breakfast - 1.30",8.05,CASH,
11/11/2020 16:04,Poole,Alexander Miller," Mocha - 2.30",2.30,CARD,9899918819087211
11/11/2020 16:05,Poole,Dylan Wilson,"Large Hot chocolate - 2.90,  Iced americano - 2.15,  Speciality Tea - Peppermint - 1.30",6.35,CASH,
11/11/2020 16:06,Poole,Henrik Juliussen,"Large Flavoured latte - Vanilla - 2.85, Large Hot chocolate - 2.90,  Flavoured iced latte - Vanilla - 2.75,  Speciality Tea - Darjeeling - 1.30",9.80,CASH,
11/11/2020 16:07,Poole,Jos Hoekman,"Large Filter coffee - 1.80, Large Espresso - 1.80,  Flavoured iced latte - Hazelnut - 2.75,  Frappes - Coffee - 2.75,  Frappes - Coffee - 2.75",11.85,CARD,4777333623568173
11/11/2020 16:07,Poole,Alexandra Fleury," Speciality Tea - Green - 1.30,  Glass of milk - 0.70, Regular Luxury hot chocolate - 2.40",4.40,CASH,
11/11/2020 16:08,Poole,Berkant Smans," Frappes - Chocolate Cookie - 2.75,  Smoothies - Berry Beautiful - 2.00,  Flavoured iced latte - Caramel - 2.75, Large Chai latte - 2.60",10.10,CASH,
11/11/2020 16:09,Poole,Yentl Truong," Flavoured iced latte - Vanilla - 2.75,  Mocha - 2.30,  Speciality Tea - Darjeeling - 1.30,  Cortado - 2.05",8.40,CASH,
11/11/2020 16:10,Poole,Adrian Medina,"Regular Chai latte - 2.30,  Flavoured iced latte - Caramel - 2.75",5.05,CASH,
11/11/2020 16:11,Poole,Alexander Denys,"Large Flavoured hot chocolate - Caramel - 2.90,  Hot chocolate - 1.40, Regular Flavoured latte - Caramel - 2.55,  Flavoured iced latte - Hazelnut - 2.75",9.60,CASH,
11/11/2020 16:12,Poole,Gordon James,"Regular Latte - 2.15,  Hot chocolate - 1.40,  Flavoured iced latte - Hazelnut - 2.75, Large Flavoured hot chocolate - Caramel - 2.90",9.20,CARD,6011893741367957
11/11/2020 16:13,Poole,Hui Megens,"Regular Cappuccino - 2.15, Regular Flavoured latte - Vanilla - 2.55,  Flavoured iced latte - Hazelnut - 2.75,  Cortado - 2.05",9.50,CASH,
11/11/2020 16:13,Poole,Katrina Obrien," Flavoured iced latte - Hazelnut - 2.75, Regular Flavoured hot chocolate - Vanilla - 2.60",5.35,CARD,6011381821138026
11/11/2020 16:14,Poole,Mark Rodriquez," Smoothies - Glowing Greens - 2.00, Large Espresso - 1.80,  Frappes - Strawberries & Cream - 2.75,  Speciality Tea - English breakfast - 1.30",7.85,CARD,6011746288792721
11/11/2020 16:15,Poole,Silje Rustenburg," Speciality Tea - Camomile - 1.30, Regular Flavoured latte - Vanilla - 2.55, Regular Americano - 1.95, Regular Americano - 1.95,  Speciality Tea - Peppermint - 1.30",9.05,CARD,347282171709489
11/11/2020 16:16,Poole,Abby Wiersema," Mocha - 2.30, Large Flavoured hot chocolate - Caramel - 2.90,  Frappes - Chocolate Cookie - 2.75, Large Hot chocolate - 2.90, Regular Espresso - 1.50",12.35,CASH,
11/11/2020 16:17,Poole,Bastien Durand,"Large Flavoured latte - Vanilla - 2.85,  Cortado - 2.05,  Speciality Tea - Earl Grey - 1.30,  Iced americano - 2.15,  Flavoured iced latte - Vanilla - 2.75",11.10,CARD,3446751758698
11/11/2020 16:18,Poole,Gloria Ruiz," Smoothies - Carrot Kick - 2.00,  Frappes - Chocolate Cookie - 2.75,  Glass of milk - 0.70, Regular Chai latte - 2.30",7.75,CARD,62167058857941923
11/11/2020 16:19,Poole,Chloe Wheeler," Speciality Tea - Peppermint - 1.30,  Speciality Tea - Fruit - 1.30, Regular Americano - 1.95,  Speciality Tea - Fruit - 1.30, Large Flavoured hot chocolate - Vanilla - 2.90",8.75,CASH,
11/11/2020 16:20,Poole,Kevin Frazier,"Large Chai latte - 2.60, Regular Flavoured latte - Caramel - 2.55",5.15,CARD,681503618042043
11/11/2020 16:20,Poole,Martha Spencer," Smoothies - Glowing Greens - 2.00",2.00,CARD,9538179354282901
11/11/2020 16:21,Poole,Renee Jensen,"Large Cappuccino - 2.45",2.45,CASH,
11/11/2020 16:22,Poole,Monica Montero," Iced latte - 2.35,  Flat white - 2.15, Regular Cappuccino - 2.15, Large Latte - 2.45",9.10,CASH,
11/11/2020 16:23,Poole,Colin Nelson," Flavoured iced latte - Hazelnut - 2.75,  Iced latte - 2.35,  Speciality Tea - Green - 1.30,  Speciality Tea - Peppermint - 1.30, Regular Flavoured latte - Gingerbread - 2.55",10.25,CARD,0025530358141945
11/11/2020 16:24,Poole,Hudson Thomas," Speciality Tea - English breakfast - 1.30, Regular Americano - 1.95, Regular Flavoured latte - Hazelnut - 2.55, Regular Americano - 1.95",7.75,CARD,2142553884913323
11/11/2020 16:25,Poole,Mathias Larsen," Babyccino - 0.00,  Frappes - Strawberries & Cream - 2.75, Regular Flavoured latte - Hazelnut - 2.55,  Frappes - Strawberries & Cream - 2.75",8.05,CASH,
11/11/2020 16:26,Poole,Regina Jacobs," Speciality Tea - Peppermint - 1.30,  Speciality Tea - Darjeeling - 1.30,  Speciality Tea - Fruit - 1.30,  Smoothies - Glowing Greens - 2.00",5.90,CASH,
11/11/2020 16:27,Poole,Myrtle Warren,"Large Cappuccino - 2.45,  Speciality Tea - Camomile - 1.30,  Speciality Tea - Camomile - 1.30,  Frappes - Coffee - 2.75",7.80,CASH,
11/11/2020 16:27,Poole,Helder Chau," Babyccino - 0.00, Large Flavoured hot chocolate - Caramel - 2.90",2.90,CARD,8402973109226045
11/11/2020 16:28,Poole,Lauri Jarvela," Flat white - 2.15, Regular Espresso - 1.50,  Speciality Tea - Camomile - 1.30",4.95,CASH,
11/11/2020 16:29,Poole,Lorain Monster,"Large Americano - 2.25,  Speciality Tea - English breakfast - 1.30",3.55,CARD,4315029822095308
11/11/2020 16:30,Poole,Lionel Lindberg,"Regular Americano - 1.95,  Frappes - Strawberries & Cream - 2.75",4.70,CASH,
11/11/2020 16:31,Poole,Dennis Douglas,"Regular Espresso - 1.50,  Flat white - 2.15",3.65,CASH,
11/11/2020 16:32,Poole,Brandie Chavez,"Regular Cappuccino - 2.15, Regular Hot chocolate - 2.20,  Flavoured iced latte - Vanilla - 2.75,  Smoothies - Berry Beautiful - 2.00, Regular Hot chocolate - 2.20",11.30,CASH,
11/11/2020 16:33,Poole,Louis Carlson,"Regular Flavoured latte - Gingerbread - 2.55,  Flavoured iced latte - Vanilla - 2.75, Large Americano - 2.25,  Flavoured iced latte - Hazelnut - 2.75,  Frappes - Strawberries & Cream - 2.75",13.05,CARD,9354820096762
11/11/2020 16:33,Poole,Gustav Thomsen,"Regular Flavoured latte - Vanilla - 2.55,  Mocha - 2.30",4.85,CARD,6011857616255610
11/11/2020 16:34,Poole,Andrea Dominguez,"Large Americano - 2.25, Large Flavoured hot chocolate - Hazelnut - 2.90",5.15,CARD,6183957036940288
11/11/2020 16:35,Poole,Clara Lam,"Large Americano - 2.25,  Frappes - Strawberries & Cream - 2.75",5.00,CARD,8119630921745456
11/11/2020 16:36,Poole,Esat Ozansoy," Mocha - 2.30",2.30,CASH,
11/11/2020 16:37,Poole,Serano Quint," Hot chocolate - 1.40",1.40,CARD,6175705062784
11/11/2020 16:38,Poole,Mille Christiansen," Cortado - 2.05,  Flat white - 2.15",4.20,CARD,336505700815667
11/11/2020 16:39,Poole,Matias Karjala,"Regular Cappuccino - 2.15,  Speciality Tea - English breakfast - 1.30",3.45,CASH,
11/11/2020 16:40,Poole,Alexa Stadler," Babyccino - 0.00,  Flavoured iced latte - Caramel - 2.75,  Glass of milk - 0.70, Large Flavoured latte - Gingerbread - 2.85",6.30,CARD,6011530627926133
11/11/2020 16:40,Poole,Axelle Renaud," Flavoured iced latte - Vanilla - 2.75,  Speciality Tea - Peppermint - 1.30",4.05,CASH,
11/11/2020 16:41,Poole,Julia Bertrand,"Regular Flavoured latte - Caramel - 2.55,  Speciality Tea - Fruit - 1.30, Regular Flavoured hot chocolate - Vanilla - 2.60,  Hot chocolate - 1.40",7.85,CARD,9778540538273783
11/11/2020 16:42,Poole,Nihal Aclan,"Regular Flavoured hot chocolate - Hazelnut - 2.60",2.60,CARD,6893613658937222
11/11/2020 16:43,Poole,Alexandra Gordon," Flavoured iced latte - Vanilla - 2.75",2.75,CASH,
11/11/2020 16:44,Poole,Bella King,"Large Cappuccino - 2.45,  Speciality Tea - Earl Grey - 1.30,  Mocha - 2.30",6.05,CARD,8132443722624
11/11/2020 16:45,Poole,Morgan Simon," Iced latte - 2.35,  Speciality Tea - Peppermint - 1.30",3.65,CARD,0691430160859
11/11/2020 16:46,Poole,Emil Palo," Babyccino - 0.00, Large Flavoured hot chocolate - Caramel - 2.90,  Red label tea - 1.20,  Smoothies - Glowing Greens - 2.00,  Smoothies - Carrot Kick - 2.00",8.10,CARD,255803001923934
11/11/2020 16:47,Poole,Ryan Bryant,"Regular Flavoured hot chocolate - Hazelnut - 2.60, Regular Flavoured latte - Vanilla - 2.55",5.15,CASH,
11/11/2020 16:47,Poole,Monica Gil," Speciality Tea - English breakfast - 1.30,  Speciality Tea - Fruit - 1.30, Regular Chai latte - 2.30, Large Americano - 2.25,  Frappes - Strawberries & Cream - 2.75",9.90,CASH,
11/11/2020 16:48,Poole,Katie Patterson," Smoothies - Berry Beautiful - 2.00, Large Filter coffee - 1.80,  Red label tea - 1.20,  Flavoured iced latte - Caramel - 2.75",7.75,CASH,
11/11/2020 16:49,Poole,Paige Lee," Smoothies - Glowing Greens - 2.00",2.00,CASH,
11/11/2020 16:50,Poole,Andrea Henderson," Glass of milk - 0.70,  Flavoured iced latte - Vanilla - 2.75,  Hot chocolate - 1.40,  Hot chocolate - 1.40",6.25,CARD,122123622411886
11/11/2020 16:51,Poole,Angie Taylor," Flavoured iced latte - Hazelnut - 2.75",2.75,CARD,6011767950119667
11/11/2020 16:52,Poole,Logan Reyes," Glass of milk - 0.70, Large Flavoured hot chocolate - Vanilla - 2.90",3.60,CARD,34213746987475895
11/11/2020 16:53,Poole,Sina Lemoine,"Large Latte - 2.45,  Flavoured iced latte - Caramel - 2.75,  Speciality Tea - Peppermint - 1.30,  Speciality Tea - Darjeeling - 1.30",7.80,CASH,
11/11/2020 16:53,Poole,Zoltan Mehlhorn," Flavoured iced latte - Caramel - 2.75",2.75,CARD,0461792377515
11/11/2020 16:54,Poole,Iselin Baardsen," Iced americano - 2.15, Large Flavoured latte - Gingerbread - 2.85,  Speciality Tea - Darjeeling - 1.30, Regular Espresso - 1.50,  Smoothies - Carrot Kick - 2.00",9.80,CASH,
11/11/2020 16:55,Poole,Adam Christiansen," Mocha - 2.30,  Cortado - 2.05,  Iced latte - 2.35,  Frappes - Coffee - 2.75",9.45,CASH,
11/11/2020 16:56,Poole,Dean Olson," Speciality Tea - Fruit - 1.30",1.30,CASH,
11/11/2020 16:57,Poole,Mason Cooper," Speciality Tea - Earl Grey - 1.30",1.30,CARD,6011799106406342
11/11/2020 16:58,Poole,Constanze Schaal,"Large Chai latte - 2.60,  Mocha - 2.30,  Smoothies - Berry Beautiful - 2.00,  Frappes - Strawberries & Cream - 2.75, Large Espresso - 1.80",11.45,CARD,1129216116035327
11/11/2020 16:59,Poole,Edinaura Sales," Frappes - Coffee - 2.75,  Babyccino - 0.00",2.75,CASH,
