10/11/2020 08:04,Elijah Turner," Speciality Tea - Camomile - 1.30",1.30,CASH,
10/11/2020 08:05,Ryan Blanchard,"Large Filter coffee - 1.80,  Speciality Tea - Fruit - 1.30,  Hot chocolate - 1.40,  Frappes - Chocolate Cookie - 2.75, Regular Luxury hot chocolate - 2.40",9.65,CARD,8487055882304250
10/11/2020 08:07,Gracia Wijers,"Large Flavoured latte - Caramel - 2.85",2.85,CASH,
10/11/2020 08:09,Becky Elliott," Frappes - Chocolate Cookie - 2.75",2.75,CASH,
10/11/2020 08:11,Federica Leroy," Speciality Tea - Darjeeling - 1.30,  Flat white - 2.15,  Smoothies - Carrot Kick - 2.00, Regular Flavoured latte - Gingerbread - 2.55,  Speciality Tea - English breakfast - 1.30",9.30,CARD,6011192084187868
10/11/2020 08:13,Garance Aubert,"Regular Americano - 1.95, Large Flavoured hot chocolate - Vanilla - 2.90",4.85,CASH,
10/11/2020 08:15,German Pastor,"Large Flavoured hot chocolate - Caramel - 2.90,  Flat white - 2.15, Large Flavoured latte - Caramel - 2.85, Regular Flavoured hot chocolate - Hazelnut - 2.60, Regular Americano - 1.95",12.45,CASH,
10/11/2020 08:17,Neea Salmi," Iced americano - 2.15,  Glass of milk - 0.70,  Hot chocolate - 1.40",4.25,CARD,6011621484098726
10/11/2020 08:19,Francisca Gomez," Cortado - 2.05,  Babyccino - 0.00, Regular Luxury hot chocolate - 2.40,  Cortado - 2.05",6.50,CARD,6011834401538638
10/11/2020 08:21,Lucy Scott," Frappes - Coffee - 2.75",2.75,CARD,8343382145040
10/11/2020 08:23,Arnold Wright," Babyccino - 0.00, Large Americano - 2.25,  Flavoured iced latte - Hazelnut - 2.75",5.00,CARD,434143374136060
10/11/2020 08:25,Julien Gauthier," Speciality Tea - Peppermint - 1.30",1.30,CARD,9296008827024703
10/11/2020 08:27,Erica Fox," Speciality Tea - Peppermint - 1.30,  Flavoured iced latte - Hazelnut - 2.75,  Speciality Tea - Darjeeling - 1.30",5.35,CARD,8053101176920
10/11/2020 08:29,Britney Cooper,"Large Flavoured latte - Caramel - 2.85,  Mocha - 2.30, Large Flavoured latte - Caramel - 2.85, Regular Luxury hot chocolate - 2.40,  Glass of milk - 0.70",11.10,CARD,2784937633576027
10/11/2020 08:31,Travis Turner," Speciality Tea - Camomile - 1.30, Regular Latte - 2.15",3.45,CARD,7998236879637449
10/11/2020 08:33,Cristian Fournier," Cortado - 2.05,  Frappes - Chocolate Cookie - 2.75,  Smoothies - Carrot Kick - 2.00,  Cortado - 2.05, Regular Flavoured latte - Gingerbread - 2.55",11.40,CASH,
10/11/2020 08:34,Jennifer Green," Iced latte - 2.35",2.35,CARD,7672943198379
10/11/2020 08:36,Anthony Marshall,"Regular Americano - 1.95, Regular Flavoured latte - Gingerbread - 2.55,  Speciality Tea - Earl Grey - 1.30, Large Flavoured latte - Hazelnut - 2.85",8.65,CARD,032130477506268
10/11/2020 08:38,Gertrude Garrett,"Large Flavoured hot chocolate - Hazelnut - 2.90, Large Flavoured hot chocolate - Caramel - 2.90, Large Luxury hot chocolate - 2.70",8.50,CASH,
10/11/2020 08:40,Edelgard Pesch," Flat white - 2.15",2.15,CASH,
10/11/2020 08:42,Julius Yusuf," Frappes - Chocolate Cookie - 2.75,  Frappes - Coffee - 2.75, Large Americano - 2.25,  Smoothies - Berry Beautiful - 2.00, Regular Cappuccino - 2.15",11.90,CASH,
10/11/2020 08:44,Sara Larsen,"Large Cappuccino - 2.45",2.45,CARD,1543882506236759
10/11/2020 08:46,Robert Douglas,"Large Cappuccino - 2.45, Regular Cappuccino - 2.15",4.60,CASH,
10/11/2020 08:48,Mia Ambrose," Red label tea - 1.20,  Smoothies - Carrot Kick - 2.00,  Speciality Tea - English breakfast - 1.30",4.50,CASH,
10/11/2020 08:50,Beto Almeida,"Regular Flavoured latte - Caramel - 2.55,  Glass of milk - 0.70,  Hot chocolate - 1.40",4.65,CARD,6011702460762118
10/11/2020 08:52,Lachlan Lewis,"Regular Flavoured hot chocolate - Hazelnut - 2.60, Regular Flavoured latte - Vanilla - 2.55, Regular Espresso - 1.50",6.65,CARD,0084169206315
10/11/2020 08:54,Ljiljana Eckstein,"Regular Hot chocolate - 2.20",2.20,CASH,
10/11/2020 08:56,Emil Larsen," Iced americano - 2.15, Large Flavoured hot chocolate - Hazelnut - 2.90,  Speciality Tea - Peppermint - 1.30,  Mocha - 2.30, Large Espresso - 1.80",10.45,CASH,
10/11/2020 08:58,Pierre Muller," Frappes - Chocolate Cookie - 2.75",2.75,CASH,
10/11/2020 09:00,Marlice Novaes," Frappes - Strawberries & Cream - 2.75, Large Flavoured hot chocolate - Caramel - 2.90, Regular Flavoured latte - Gingerbread - 2.55, Large Cappuccino - 2.45",10.65,CASH,
10/11/2020 09:00,Sylvana Peter," Speciality Tea - Camomile - 1.30",1.30,CARD,6339777530687
10/11/2020 09:01,Owen Perez,"Regular Flavoured hot chocolate - Hazelnut - 2.60",2.60,CARD,9715493870798327
10/11/2020 09:01,Lloyd Morris," Speciality Tea - Earl Grey - 1.30",1.30,CARD,6011452613880524
10/11/2020 09:02,Johnni Stewart,"Regular Flavoured latte - Hazelnut - 2.55,  Hot chocolate - 1.40, Regular Flavoured latte - Hazelnut - 2.55",6.50,CARD,6011610763090554
10/11/2020 09:02,Aurora Hall," Mocha - 2.30,  Flavoured iced latte - Vanilla - 2.75,  Speciality Tea - Fruit - 1.30, Large Flavoured latte - Caramel - 2.85,  Flavoured iced latte - Vanilla - 2.75",11.95,CARD,2227414847198961
10/11/2020 09:03,Odara Caldeira,"Large Flavoured latte - Hazelnut - 2.85, Regular Flavoured latte - Hazelnut - 2.55",5.40,CARD,1293223121513
10/11/2020 09:04,Same Perez,"Large Flavoured latte - Caramel - 2.85, Large Americano - 2.25",5.10,CARD,1735357147259419
10/11/2020 09:04,Esther Caballero," Smoothies - Glowing Greens - 2.00, Large Flavoured latte - Vanilla - 2.85, Regular Flavoured hot chocolate - Vanilla - 2.60, Regular Flavoured latte - Gingerbread - 2.55",10.00,CARD,167922774712247
10/11/2020 09:05,Sienna Surdal," Speciality Tea - Peppermint - 1.30,  Iced americano - 2.15",3.45,CARD,6011947101555012
10/11/2020 09:05,Lilli Kuntze," Frappes - Strawberries & Cream - 2.75, Large Flavoured latte - Caramel - 2.85, Large Flavoured latte - Hazelnut - 2.85,  Flavoured iced latte - Hazelnut - 2.75, Large Flavoured latte - Vanilla - 2.85",14.05,CARD,6011738830552285
10/11/2020 09:06,Lueli Porto," Iced latte - 2.35,  Flavoured iced latte - Caramel - 2.75, Regular Latte - 2.15",7.25,CARD,2892576245734549
10/11/2020 09:06,Logan Margaret,"Regular Flavoured latte - Caramel - 2.55",2.55,CARD,6011938899063210
10/11/2020 09:07,Todd Owens," Flat white - 2.15",2.15,CARD,1145191167807950
10/11/2020 09:07,Marvin Richards," Flat white - 2.15,  Flavoured iced latte - Caramel - 2.75",4.90,CARD,2047115976049141
10/11/2020 09:08,Eva Ginnish," Smoothies - Berry Beautiful - 2.00,  Red label tea - 1.20, Regular Flavoured latte - Hazelnut - 2.55,  Smoothies - Berry Beautiful - 2.00",7.75,CASH,
10/11/2020 09:09,Marie Otoole," Speciality Tea - Darjeeling - 1.30,  Speciality Tea - Camomile - 1.30",2.60,CARD,5075691945131423
10/11/2020 09:09,Harold Lewis," Speciality Tea - Camomile - 1.30,  Babyccino - 0.00, Large Filter coffee - 1.80",3.10,CASH,
10/11/2020 09:10,Aurelio Lambert,"Large Flavoured hot chocolate - Caramel - 2.90, Large Flavoured latte - Caramel - 2.85,  Speciality Tea - Green - 1.30,  Cortado - 2.05, Regular Flavoured latte - Hazelnut - 2.55",11.65,CARD,3075089795272337
10/11/2020 09:10,Allie Ryan,"Regular Flavoured hot chocolate - Vanilla - 2.60,  Flavoured iced latte - Vanilla - 2.75,  Flavoured iced latte - Hazelnut - 2.75,  Speciality Tea - English breakfast - 1.30,  Smoothies - Berry Beautiful - 2.00",11.40,CASH,
10/11/2020 09:11,Imani Embregts," Cortado - 2.05, Large Flavoured latte - Caramel - 2.85",4.90,CARD,975998707668700
10/11/2020 09:11,Melvin Lopez," Speciality Tea - Fruit - 1.30,  Glass of milk - 0.70,  Frappes - Chocolate Cookie - 2.75",4.75,CARD,7703604856694
10/11/2020 09:12,Anna Ryan,"Large Latte - 2.45, Large Flavoured latte - Gingerbread - 2.85",5.30,CARD,86148026266133098
10/11/2020 09:12,Leanne Johnson," Red label tea - 1.20,  Speciality Tea - Camomile - 1.30,  Red label tea - 1.20,  Flat white - 2.15",5.85,CASH,
10/11/2020 09:13,Mille Larsen," Speciality Tea - Peppermint - 1.30",1.30,CASH,
10/11/2020 09:14,Alisa Jarvinen," Mocha - 2.30,  Flavoured iced latte - Caramel - 2.75,  Smoothies - Glowing Greens - 2.00, Large Cappuccino - 2.45,  Speciality Tea - Peppermint - 1.30",10.80,CARD,34073375188729781
10/11/2020 09:14,Lance Franklin,"Large Chai latte - 2.60,  Speciality Tea - Fruit - 1.30,  Frappes - Strawberries & Cream - 2.75,  Flavoured iced latte - Vanilla - 2.75,  Cortado - 2.05",11.45,CARD,1585854948213
10/11/2020 09:15,Ian Parker,"Regular Filter coffee - 1.50, Large Cappuccino - 2.45,  Speciality Tea - Green - 1.30",5.25,CARD,1294263847083
10/11/2020 09:15,Floris Fidom," Speciality Tea - Camomile - 1.30,  Speciality Tea - English breakfast - 1.30",2.60,CARD,27198408344271921
10/11/2020 09:16,Abigail Watkins," Speciality Tea - Darjeeling - 1.30, Regular Flavoured hot chocolate - Vanilla - 2.60,  Iced latte - 2.35, Regular Cappuccino - 2.15",8.40,CARD,947001289765555
10/11/2020 09:16,Theo Harris,"Large Chai latte - 2.60,  Cortado - 2.05, Large Filter coffee - 1.80,  Iced americano - 2.15,  Flat white - 2.15",10.75,CARD,211563331827675
10/11/2020 09:17,Brett Morrison,"Regular Flavoured latte - Hazelnut - 2.55",2.55,CARD,6011765476895544
10/11/2020 09:17,Louise Evanger," Red label tea - 1.20,  Glass of milk - 0.70,  Smoothies - Berry Beautiful - 2.00,  Flat white - 2.15,  Hot chocolate - 1.40",7.45,CARD,0384334096437961
10/11/2020 09:18,Alexandre Robin,"Regular Flavoured hot chocolate - Caramel - 2.60,  Red label tea - 1.20,  Speciality Tea - Earl Grey - 1.30, Large Flavoured hot chocolate - Vanilla - 2.90",8.00,CARD,753203006513719
10/11/2020 09:19,Emilie Park," Speciality Tea - Fruit - 1.30, Large Flavoured hot chocolate - Hazelnut - 2.90",4.20,CARD,3599137443772
10/11/2020 09:19,Ronja Nowak,"Large Flavoured hot chocolate - Hazelnut - 2.90, Large Filter coffee - 1.80",4.70,CARD,268415387207934
10/11/2020 09:20,Josep Moreno,"Large Chai latte - 2.60,  Speciality Tea - English breakfast - 1.30, Regular Cappuccino - 2.15,  Frappes - Chocolate Cookie - 2.75, Large Flavoured hot chocolate - Hazelnut - 2.90",11.70,CASH,
10/11/2020 09:20,Carlos Flores," Speciality Tea - Green - 1.30,  Frappes - Coffee - 2.75",4.05,CASH,
10/11/2020 09:21,Emma Lawrence," Smoothies - Glowing Greens - 2.00, Large Chai latte - 2.60",4.60,CASH,
10/11/2020 09:21,Rose Claire," Iced latte - 2.35",2.35,CARD,0031092092000993
10/11/2020 09:22,Nina Wright,"Regular Chai latte - 2.30, Large Flavoured hot chocolate - Vanilla - 2.90,  Iced americano - 2.15",7.35,CARD,8625252742297
10/11/2020 09:22,Christof Gonzalez," Smoothies - Carrot Kick - 2.00, Regular Americano - 1.95,  Flavoured iced latte - Vanilla - 2.75",6.70,CARD,6218219300546
10/11/2020 09:23,Gaby Neitzel," Iced latte - 2.35, Large Americano - 2.25",4.60,CASH,
10/11/2020 09:24,William Morin,"Large Chai latte - 2.60",2.60,CARD,9547177778864168
10/11/2020 09:24,Ayla Clarke," Babyccino - 0.00, Large Hot chocolate - 2.90,  Smoothies - Glowing Greens - 2.00,  Frappes - Coffee - 2.75, Regular Flavoured hot chocolate - Hazelnut - 2.60",10.25,CASH,
10/11/2020 09:25,Lily Brown,"Regular Filter coffee - 1.50,  Frappes - Chocolate Cookie - 2.75, Regular Filter coffee - 1.50",5.75,CARD,430849647765084
10/11/2020 09:25,Luz Parra," Flat white - 2.15,  Speciality Tea - Fruit - 1.30,  Speciality Tea - Darjeeling - 1.30",4.75,CARD,626823215048130
10/11/2020 09:26,Isla Ojala," Flavoured iced latte - Hazelnut - 2.75, Regular Latte - 2.15,  Frappes - Strawberries & Cream - 2.75,  Speciality Tea - Fruit - 1.30",8.95,CASH,
10/11/2020 09:26,Noelia Mora,"Large Flavoured latte - Caramel - 2.85, Large Hot chocolate - 2.90, Large Flavoured hot chocolate - Vanilla - 2.90, Regular Espresso - 1.50, Large Latte - 2.45",12.60,CARD,6011220355164952
10/11/2020 09:27,Consuelo Campos," Speciality Tea - English breakfast - 1.30, Large Americano - 2.25,  Flavoured iced latte - Caramel - 2.75,  Speciality Tea - Darjeeling - 1.30,  Frappes - Coffee - 2.75",10.35,CARD,4554001672852318
10/11/2020 09:27,Siegmund Hain," Flavoured iced latte - Hazelnut - 2.75, Regular Flavoured latte - Hazelnut - 2.55, Large Chai latte - 2.60,  Speciality Tea - English breakfast - 1.30, Large Filter coffee - 1.80",11.00,CARD,4042416677399232
10/11/2020 09:28,Nanna Pedersen,"Regular Cappuccino - 2.15,  Cortado - 2.05, Large Flavoured latte - Gingerbread - 2.85",7.05,CARD,6256120364079952
10/11/2020 09:29,Romana Eger,"Large Flavoured hot chocolate - Vanilla - 2.90, Regular Hot chocolate - 2.20,  Glass of milk - 0.70,  Speciality Tea - Green - 1.30,  Frappes - Strawberries & Cream - 2.75",9.85,CARD,9761834218021129
10/11/2020 09:29,Vivaldo Dias,"Large Flavoured latte - Vanilla - 2.85, Large Flavoured hot chocolate - Vanilla - 2.90,  Cortado - 2.05, Regular Chai latte - 2.30, Large Flavoured hot chocolate - Caramel - 2.90",13.00,CASH,
10/11/2020 09:30,Nicole Bryant," Cortado - 2.05, Large Flavoured hot chocolate - Vanilla - 2.90, Regular Flavoured latte - Hazelnut - 2.55, Regular Flavoured latte - Hazelnut - 2.55,  Speciality Tea - English breakfast - 1.30",11.35,CASH,
10/11/2020 09:30,Valdemar Mortensen,"Regular Flavoured latte - Caramel - 2.55,  Speciality Tea - Earl Grey - 1.30,  Speciality Tea - Fruit - 1.30,  Glass of milk - 0.70,  Flat white - 2.15",8.00,CASH,
10/11/2020 09:31,Luca Zhang," Cortado - 2.05,  Cortado - 2.05,  Flavoured iced latte - Caramel - 2.75, Regular Hot chocolate - 2.20",9.05,CASH,
10/11/2020 09:31,Marilyn Holtslag,"Regular Flavoured hot chocolate - Vanilla - 2.60",2.60,CARD,4816773203059897
10/11/2020 09:32,Eino Kauppila," Speciality Tea - English breakfast - 1.30, Large Luxury hot chocolate - 2.70",4.00,CARD,4698787887321
10/11/2020 09:32,Oswald Faure," Speciality Tea - Earl Grey - 1.30",1.30,CASH,
10/11/2020 09:33,Sanni Maunu," Iced americano - 2.15,  Flavoured iced latte - Vanilla - 2.75,  Smoothies - Carrot Kick - 2.00,  Smoothies - Berry Beautiful - 2.00",8.90,CARD,4939809173558
10/11/2020 09:34,Fabien Philippe,"Large Flavoured hot chocolate - Hazelnut - 2.90,  Speciality Tea - Peppermint - 1.30,  Speciality Tea - Camomile - 1.30",5.50,CARD,1222595119567341
10/11/2020 09:34,Livia Roche,"Regular Flavoured latte - Caramel - 2.55, Regular Cappuccino - 2.15,  Iced latte - 2.35",7.05,CASH,
10/11/2020 09:35,Mackenzie Hall," Speciality Tea - English breakfast - 1.30,  Iced latte - 2.35,  Cortado - 2.05, Regular Flavoured latte - Hazelnut - 2.55, Large Chai latte - 2.60",10.85,CARD,4079710357535
10/11/2020 09:35,Lena Gonzalez,"Regular Flavoured hot chocolate - Caramel - 2.60,  Speciality Tea - Fruit - 1.30",3.90,CASH,
10/11/2020 09:36,Guillermo Ruiz," Hot chocolate - 1.40,  Speciality Tea - Green - 1.30",2.70,CASH,
10/11/2020 09:36,Andrea Hansen," Hot chocolate - 1.40",1.40,CARD,7470547014994932
10/11/2020 09:37,Ursina Robert," Speciality Tea - Green - 1.30,  Iced latte - 2.35,  Smoothies - Berry Beautiful - 2.00, Large Espresso - 1.80, Regular Flavoured hot chocolate - Vanilla - 2.60",10.05,CARD,9217317050569411
10/11/2020 09:37,Levi Anderson,"Regular Flavoured hot chocolate - Caramel - 2.60,  Hot chocolate - 1.40,  Frappes - Strawberries & Cream - 2.75, Large Flavoured latte - Hazelnut - 2.85",9.60,CARD,5772493506644476
10/11/2020 09:38,Ella Pedersen,"Regular Flavoured latte - Caramel - 2.55, Regular Hot chocolate - 2.20,  Speciality Tea - Darjeeling - 1.30,  Speciality Tea - English breakfast - 1.30, Regular Latte - 2.15",9.50,CARD,872640074014276
10/11/2020 09:39,Julius Gaillard,"Large Cappuccino - 2.45,  Speciality Tea - Green - 1.30,  Speciality Tea - Fruit - 1.30",5.05,CARD,0860169821182715
10/11/2020 09:39,Simon Campbell," Speciality Tea - Earl Grey - 1.30,  Red label tea - 1.20,  Hot chocolate - 1.40",3.90,CASH,
10/11/2020 09:40,Niilo Kangas," Smoothies - Glowing Greens - 2.00,  Flavoured iced latte - Caramel - 2.75,  Smoothies - Glowing Greens - 2.00, Large Flavoured hot chocolate - Caramel - 2.90",9.65,CASH,
10/11/2020 09:40,Szymon Nordeng," Speciality Tea - Peppermint - 1.30",1.30,CARD,6901972557474442
10/11/2020 09:41,Martial Olivier,"Large Cappuccino - 2.45,  Speciality Tea - English breakfast - 1.30,  Iced americano - 2.15,  Babyccino - 0.00",5.90,CASH,
10/11/2020 09:41,Betina Barbosa," Flat white - 2.15",2.15,CASH,
10/11/2020 09:42,Meghan Pena," Flavoured iced latte - Hazelnut - 2.75,  Iced latte - 2.35, Regular Espresso - 1.50",6.60,CARD,7932461989289689
10/11/2020 09:42,Shaya Hofmeester," Frappes - Strawberries & Cream - 2.75,  Flavoured iced latte - Vanilla - 2.75,  Speciality Tea - Green - 1.30",6.80,CARD,6011869504291329
10/11/2020 09:43,Susan Berger," Glass of milk - 0.70",.70,CARD,972832537228055
10/11/2020 09:44,Sarah Perez," Flat white - 2.15",2.15,CARD,5361354646333103
10/11/2020 09:44,Hassan Riise," Speciality Tea - Green - 1.30",1.30,CARD,919823288683245
10/11/2020 09:45,Isa Back," Speciality Tea - Peppermint - 1.30, Regular Flavoured latte - Vanilla - 2.55,  Flavoured iced latte - Vanilla - 2.75,  Smoothies - Glowing Greens - 2.00",8.60,CARD,4889269359924
10/11/2020 09:45,Jimi Halko,"Large Espresso - 1.80,  Speciality Tea - Fruit - 1.30,  Smoothies - Glowing Greens - 2.00,  Glass of milk - 0.70,  Flavoured iced latte - Hazelnut - 2.75",8.55,CASH,
10/11/2020 09:46,Hector Holt," Speciality Tea - Camomile - 1.30",1.30,CARD,3643143016268921
10/11/2020 09:46,Leah Sanders," Speciality Tea - Camomile - 1.30,  Speciality Tea - Fruit - 1.30",2.60,CARD,22416669521236395
10/11/2020 09:47,Nadia Vestad," Speciality Tea - English breakfast - 1.30,  Babyccino - 0.00, Regular Luxury hot chocolate - 2.40,  Smoothies - Berry Beautiful - 2.00,  Glass of milk - 0.70",6.40,CASH,
10/11/2020 09:47,Nicholas Reid,"Large Flavoured hot chocolate - Vanilla - 2.90,  Speciality Tea - English breakfast - 1.30",4.20,CARD,8895895117086292
10/11/2020 09:48,Erika Garrett," Mocha - 2.30",2.30,CASH,
10/11/2020 09:49,Catarina Martin,"Regular Americano - 1.95,  Glass of milk - 0.70, Large Flavoured hot chocolate - Vanilla - 2.90, Regular Americano - 1.95",7.50,CASH,
10/11/2020 09:49,Nelson Souza,"Regular Espresso - 1.50,  Speciality Tea - Earl Grey - 1.30,  Speciality Tea - Darjeeling - 1.30,  Speciality Tea - English breakfast - 1.30,  Speciality Tea - Fruit - 1.30",6.70,CARD,1482657350644
10/11/2020 09:50,Ella Liu," Speciality Tea - Darjeeling - 1.30,  Iced americano - 2.15,  Iced americano - 2.15",5.60,CASH,
10/11/2020 09:50,Victoria Leroy," Speciality Tea - Earl Grey - 1.30,  Flat white - 2.15, Regular Flavoured latte - Vanilla - 2.55,  Cortado - 2.05",8.05,CASH,
10/11/2020 09:51,Catherine Gutierrez,"Regular Flavoured hot chocolate - Caramel - 2.60",2.60,CARD,9941366194994457
10/11/2020 09:51,Mika Meunier," Speciality Tea - Darjeeling - 1.30, Regular Latte - 2.15,  Speciality Tea - Darjeeling - 1.30,  Speciality Tea - Camomile - 1.30,  Cortado - 2.05",8.10,CARD,6011405192790493
10/11/2020 09:52,Albano Vieira,"Large Hot chocolate - 2.90,  Red label tea - 1.20",4.10,CARD,2079480858483139
10/11/2020 09:52,Aubree Neal,"Regular Latte - 2.15,  Babyccino - 0.00,  Cortado - 2.05,  Speciality Tea - English breakfast - 1.30, Regular Latte - 2.15",7.65,CASH,
10/11/2020 09:53,Miguel Sanchez," Flavoured iced latte - Vanilla - 2.75, Regular Flavoured latte - Vanilla - 2.55, Regular Flavoured hot chocolate - Caramel - 2.60,  Smoothies - Carrot Kick - 2.00",9.90,CARD,6011833297736128
10/11/2020 09:54,Leo Gill,"Large Cappuccino - 2.45, Large Flavoured hot chocolate - Vanilla - 2.90, Large Luxury hot chocolate - 2.70",8.05,CARD,5787755522680531
10/11/2020 09:54,Noelia Rodriguez,"Regular Latte - 2.15,  Speciality Tea - Earl Grey - 1.30",3.45,CASH,
10/11/2020 09:55,Albenisa Martins," Glass of milk - 0.70,  Glass of milk - 0.70,  Glass of milk - 0.70,  Speciality Tea - Darjeeling - 1.30",3.40,CARD,7325630865509433
10/11/2020 09:55,Storm Olsen," Glass of milk - 0.70, Large Flavoured latte - Vanilla - 2.85",3.55,CARD,3070015328644936
10/11/2020 09:56,Debbie Lynch,"Large Espresso - 1.80, Regular Latte - 2.15,  Speciality Tea - Fruit - 1.30,  Flavoured iced latte - Vanilla - 2.75,  Flavoured iced latte - Caramel - 2.75",10.75,CARD,6011945627617149
10/11/2020 09:56,Jasmine Kowalski," Frappes - Chocolate Cookie - 2.75, Regular Flavoured latte - Caramel - 2.55",5.30,CARD,6011816469539958
10/11/2020 09:57,Iara Castro," Hot chocolate - 1.40,  Iced americano - 2.15,  Smoothies - Glowing Greens - 2.00,  Glass of milk - 0.70,  Red label tea - 1.20",7.45,CARD,768266841372652
10/11/2020 09:57,Carl Doyle,"Large Flavoured hot chocolate - Caramel - 2.90,  Smoothies - Berry Beautiful - 2.00,  Iced latte - 2.35",7.25,CARD,8524459088773177
10/11/2020 09:58,Minttu Harju,"Large Espresso - 1.80,  Frappes - Strawberries & Cream - 2.75, Regular Luxury hot chocolate - 2.40,  Speciality Tea - English breakfast - 1.30,  Speciality Tea - Peppermint - 1.30",9.55,CARD,6118418808279985
10/11/2020 09:59,Ruby Davies," Speciality Tea - Camomile - 1.30,  Mocha - 2.30,  Babyccino - 0.00,  Speciality Tea - English breakfast - 1.30,  Speciality Tea - Darjeeling - 1.30",6.20,CASH,
10/11/2020 09:59,Kristiane Bratlie," Mocha - 2.30,  Speciality Tea - Darjeeling - 1.30,  Glass of milk - 0.70",4.30,CARD,1421392845917390
10/11/2020 10:00,Tammy Stanley," Hot chocolate - 1.40, Large Flavoured latte - Gingerbread - 2.85",4.25,CARD,2966492972594967
10/11/2020 10:00,William Kumar,"Regular Cappuccino - 2.15,  Speciality Tea - Fruit - 1.30,  Speciality Tea - Fruit - 1.30,  Speciality Tea - Fruit - 1.30",6.05,CASH,
10/11/2020 10:01,Juliette White,"Large Flavoured hot chocolate - Vanilla - 2.90, Regular Americano - 1.95,  Speciality Tea - Earl Grey - 1.30,  Flat white - 2.15",8.30,CARD,6011780184908558
10/11/2020 10:01,Joran Jagroep,"Regular Flavoured latte - Caramel - 2.55,  Cortado - 2.05,  Frappes - Strawberries & Cream - 2.75",7.35,CARD,6671319319101
10/11/2020 10:02,Olga Parra," Speciality Tea - Camomile - 1.30,  Babyccino - 0.00,  Iced latte - 2.35,  Babyccino - 0.00",3.65,CARD,38708116404750844
10/11/2020 10:02,Deborah Miles," Red label tea - 1.20,  Babyccino - 0.00,  Iced latte - 2.35, Large Cappuccino - 2.45,  Babyccino - 0.00",6.00,CARD,6011965760610309
10/11/2020 10:03,Wayne Flores," Speciality Tea - Peppermint - 1.30,  Flat white - 2.15",3.45,CARD,6011822482884582
10/11/2020 10:03,Bob Mendoza,"Large Cappuccino - 2.45,  Speciality Tea - Darjeeling - 1.30,  Iced latte - 2.35",6.10,CASH,
10/11/2020 10:04,Efe Atakol," Hot chocolate - 1.40,  Speciality Tea - Darjeeling - 1.30,  Speciality Tea - Fruit - 1.30",4.00,CASH,
10/11/2020 10:04,Geruza Pereira,"Large Chai latte - 2.60, Large Flavoured latte - Hazelnut - 2.85,  Flavoured iced latte - Caramel - 2.75, Regular Flavoured latte - Vanilla - 2.55, Regular Flavoured latte - Caramel - 2.55",13.30,CARD,6796769364094
10/11/2020 10:05,Karla Madsen," Glass of milk - 0.70,  Babyccino - 0.00",.70,CASH,
10/11/2020 10:05,Ariane Ennis,"Regular Cappuccino - 2.15,  Speciality Tea - English breakfast - 1.30,  Frappes - Coffee - 2.75",6.20,CARD,6011900418929583
10/11/2020 10:06,Lauri Ojala,"Regular Espresso - 1.50, Regular Flavoured latte - Gingerbread - 2.55,  Speciality Tea - Green - 1.30, Large Flavoured hot chocolate - Vanilla - 2.90, Large Flavoured latte - Gingerbread - 2.85",11.10,CARD,4063773692961
10/11/2020 10:06,Matteo Rodriguez,"Large Flavoured hot chocolate - Vanilla - 2.90,  Iced latte - 2.35,  Hot chocolate - 1.40,  Speciality Tea - English breakfast - 1.30, Regular Espresso - 1.50",9.45,CASH,
10/11/2020 10:07,Anouck Verdult,"Regular Espresso - 1.50",1.50,CARD,6011048081909422
10/11/2020 10:07,Wallace Lawrence," Glass of milk - 0.70,  Frappes - Strawberries & Cream - 2.75,  Iced americano - 2.15,  Flavoured iced latte - Hazelnut - 2.75,  Smoothies - Berry Beautiful - 2.00",10.35,CASH,
10/11/2020 10:08,Phoenix Cooper," Cortado - 2.05",2.05,CASH,
10/11/2020 10:08,Phil Banks," Flavoured iced latte - Caramel - 2.75",2.75,CARD,8266589354071948
10/11/2020 10:09,Andres Cruz," Speciality Tea - Fruit - 1.30, Large Chai latte - 2.60,  Speciality Tea - English breakfast - 1.30",5.20,CARD,6011495510087489
10/11/2020 10:10,Billy Bjelland," Mocha - 2.30, Regular Chai latte - 2.30",4.60,CARD,2582562327770
10/11/2020 10:10,Nathaniel Patel," Speciality Tea - Camomile - 1.30, Regular Latte - 2.15",3.45,CARD,641033529362032
10/11/2020 10:11,Travis Crawford," Flavoured iced latte - Vanilla - 2.75, Regular Flavoured hot chocolate - Hazelnut - 2.60",5.35,CASH,
10/11/2020 10:11,Tanja Adam," Glass of milk - 0.70",.70,CASH,
10/11/2020 10:12,Lenni Tuomala,"Large Luxury hot chocolate - 2.70",2.70,CASH,
10/11/2020 10:12,Kim Sullivan,"Regular Flavoured hot chocolate - Vanilla - 2.60",2.60,CARD,453745980001318
10/11/2020 10:13,Mathilde Jensen," Flat white - 2.15,  Frappes - Strawberries & Cream - 2.75, Regular Chai latte - 2.30,  Frappes - Chocolate Cookie - 2.75,  Speciality Tea - Earl Grey - 1.30",11.25,CASH,
10/11/2020 10:13,Ava Lemaire,"Large Flavoured latte - Gingerbread - 2.85, Regular Flavoured hot chocolate - Hazelnut - 2.60,  Iced americano - 2.15",7.60,CARD,8704947648094357
10/11/2020 10:14,Ana Ramirez," Hot chocolate - 1.40, Regular Hot chocolate - 2.20",3.60,CARD,6011669548896372
10/11/2020 10:14,Jon Heggset," Iced americano - 2.15",2.15,CARD,2066664589158
10/11/2020 10:15,Chad Wheeler," Smoothies - Carrot Kick - 2.00,  Mocha - 2.30,  Speciality Tea - Green - 1.30, Large Cappuccino - 2.45,  Speciality Tea - Darjeeling - 1.30",9.35,CASH,
10/11/2020 10:15,Efe Babacan,"Regular Flavoured hot chocolate - Caramel - 2.60, Regular Flavoured latte - Caramel - 2.55,  Red label tea - 1.20, Regular Flavoured latte - Hazelnut - 2.55",8.90,CASH,
10/11/2020 10:16,Marshall Stewart,"Regular Cappuccino - 2.15, Large Cappuccino - 2.45,  Frappes - Chocolate Cookie - 2.75",7.35,CARD,5734442095893
10/11/2020 10:16,Toby Chen,"Large Flavoured latte - Caramel - 2.85, Regular Latte - 2.15, Regular Flavoured hot chocolate - Vanilla - 2.60",7.60,CASH,
10/11/2020 10:17,Noah Cunningham," Flavoured iced latte - Hazelnut - 2.75,  Smoothies - Berry Beautiful - 2.00, Large Americano - 2.25,  Speciality Tea - English breakfast - 1.30",8.30,CARD,2113872479271
10/11/2020 10:17,Silje Johansen,"Regular Filter coffee - 1.50,  Cortado - 2.05,  Speciality Tea - English breakfast - 1.30, Regular Luxury hot chocolate - 2.40,  Speciality Tea - Darjeeling - 1.30",8.55,CARD,655877991703782
10/11/2020 10:18,Serenity Prescott,"Large Espresso - 1.80, Large Cappuccino - 2.45, Large Flavoured latte - Hazelnut - 2.85,  Iced latte - 2.35, Regular Flavoured latte - Gingerbread - 2.55",12.00,CASH,
10/11/2020 10:18,Veda Koorevaar," Flat white - 2.15,  Babyccino - 0.00,  Hot chocolate - 1.40,  Frappes - Coffee - 2.75",6.30,CARD,26164314130931875
10/11/2020 10:19,Diego Gonzalez," Speciality Tea - Darjeeling - 1.30,  Smoothies - Berry Beautiful - 2.00, Regular Americano - 1.95,  Flat white - 2.15",7.40,CARD,4853785356546305
10/11/2020 10:19,Daniel Ennis," Mocha - 2.30, Large Filter coffee - 1.80",4.10,CARD,43468633335736493
10/11/2020 10:20,Lance Welch," Speciality Tea - Peppermint - 1.30,  Speciality Tea - Camomile - 1.30, Large Flavoured latte - Caramel - 2.85",5.45,CARD,5702369715863654
10/11/2020 10:20,Kaspar Aubert," Hot chocolate - 1.40,  Frappes - Strawberries & Cream - 2.75,  Glass of milk - 0.70,  Speciality Tea - Peppermint - 1.30,  Speciality Tea - Fruit - 1.30",7.45,CARD,3455604181005153
10/11/2020 10:21,Marie Kind,"Large Filter coffee - 1.80",1.80,CARD,453675746534312
10/11/2020 10:22,Dennis Black,"Large Latte - 2.45,  Flavoured iced latte - Hazelnut - 2.75,  Smoothies - Berry Beautiful - 2.00",7.20,CARD,480154696245316
10/11/2020 10:22,Randy Cook," Iced latte - 2.35, Large Flavoured latte - Vanilla - 2.85",5.20,CASH,
10/11/2020 10:23,Jan Giraud,"Regular Latte - 2.15,  Mocha - 2.30,  Hot chocolate - 1.40,  Frappes - Chocolate Cookie - 2.75",8.60,CARD,7649376258891
10/11/2020 10:23,Mildred Hughes,"Regular Flavoured latte - Caramel - 2.55,  Speciality Tea - English breakfast - 1.30",3.85,CARD,6011763358476437
10/11/2020 10:24,Esteban Blanco,"Large Flavoured latte - Vanilla - 2.85, Regular Filter coffee - 1.50",4.35,CASH,
10/11/2020 10:24,Mathilde Roussel," Smoothies - Glowing Greens - 2.00",2.00,CARD,768987254431615
10/11/2020 10:25,Ludvig Storsveen," Cortado - 2.05,  Speciality Tea - Darjeeling - 1.30, Regular Filter coffee - 1.50, Regular Americano - 1.95, Regular Flavoured latte - Caramel - 2.55",9.35,CARD,3132525088585757
10/11/2020 10:25,Vera Nichols,"Large Chai latte - 2.60,  Flat white - 2.15,  Frappes - Strawberries & Cream - 2.75",7.50,CARD,6011702281478018
10/11/2020 10:26,Mandy Boyd,"Regular Chai latte - 2.30,  Frappes - Strawberries & Cream - 2.75,  Flat white - 2.15",7.20,CASH,
10/11/2020 10:26,Isla Aho," Speciality Tea - Camomile - 1.30,  Smoothies - Glowing Greens - 2.00,  Speciality Tea - English breakfast - 1.30",4.60,CARD,7714617198379018
10/11/2020 10:27,Katrine Hop," Glass of milk - 0.70, Large Hot chocolate - 2.90,  Flavoured iced latte - Hazelnut - 2.75,  Iced latte - 2.35,  Flavoured iced latte - Caramel - 2.75",11.45,CARD,632891906104890
10/11/2020 10:27,Ethan Smith," Speciality Tea - Darjeeling - 1.30, Regular Luxury hot chocolate - 2.40, Regular Flavoured latte - Vanilla - 2.55, Large Latte - 2.45,  Glass of milk - 0.70",9.40,CARD,434880292641702
10/11/2020 10:28,Karsten Sieber," Red label tea - 1.20,  Flavoured iced latte - Hazelnut - 2.75,  Speciality Tea - Green - 1.30,  Frappes - Chocolate Cookie - 2.75",8.00,CASH,
10/11/2020 10:28,Dorian Meyer," Flavoured iced latte - Caramel - 2.75, Regular Flavoured hot chocolate - Caramel - 2.60, Regular Cappuccino - 2.15, Large Flavoured hot chocolate - Hazelnut - 2.90",10.40,CARD,46538754032720952
10/11/2020 10:29,Tuur Broeder," Flavoured iced latte - Vanilla - 2.75,  Flavoured iced latte - Caramel - 2.75,  Hot chocolate - 1.40,  Smoothies - Berry Beautiful - 2.00",8.90,CASH,
10/11/2020 10:29,Ethan Carlson," Flavoured iced latte - Caramel - 2.75, Large Cappuccino - 2.45,  Frappes - Chocolate Cookie - 2.75",7.95,CASH,
10/11/2020 10:30,Steven Weaver," Frappes - Coffee - 2.75,  Speciality Tea - English breakfast - 1.30",4.05,CASH,
10/11/2020 10:30,Jerry Sutton,"Large Espresso - 1.80, Large Flavoured latte - Caramel - 2.85, Regular Latte - 2.15,  Iced latte - 2.35",9.15,CARD,441132183864097
10/11/2020 10:31,Samuel Jordan," Speciality Tea - Darjeeling - 1.30, Regular Chai latte - 2.30, Regular Chai latte - 2.30, Regular Cappuccino - 2.15, Large Americano - 2.25",10.30,CARD,6011836703517005
10/11/2020 10:31,Joel Wirtanen," Frappes - Strawberries & Cream - 2.75",2.75,CARD,6011563263477551
10/11/2020 10:32,Peppi Jarvela," Mocha - 2.30, Large Flavoured hot chocolate - Vanilla - 2.90,  Frappes - Coffee - 2.75, Large Latte - 2.45",10.40,CARD,1833229619033029
10/11/2020 10:32,Olivia Jenkins," Speciality Tea - English breakfast - 1.30,  Speciality Tea - Earl Grey - 1.30",2.60,CARD,6011290830760956
10/11/2020 10:33,Sara Howell," Red label tea - 1.20",1.20,CARD,4809087173295
10/11/2020 10:34,Priscilla Burton," Speciality Tea - Fruit - 1.30,  Iced latte - 2.35",3.65,CARD,3457300888362671
10/11/2020 10:34,Taylor Hunter," Iced americano - 2.15, Large Chai latte - 2.60,  Speciality Tea - Darjeeling - 1.30,  Flavoured iced latte - Vanilla - 2.75,  Hot chocolate - 1.40",10.20,CARD,7791644313124501
10/11/2020 10:35,Noemie Arnaud," Frappes - Strawberries & Cream - 2.75",2.75,CASH,
10/11/2020 10:35,Nixon King," Flavoured iced latte - Caramel - 2.75,  Mocha - 2.30, Regular Flavoured latte - Gingerbread - 2.55",7.60,CARD,5858814499569978
10/11/2020 10:36,Taylor George," Speciality Tea - Camomile - 1.30",1.30,CARD,1720097339052459
10/11/2020 10:36,Violet Jones," Flat white - 2.15,  Speciality Tea - Darjeeling - 1.30,  Flavoured iced latte - Vanilla - 2.75,  Iced latte - 2.35",8.55,CARD,8244246272724387
10/11/2020 10:37,Milton Horton," Flat white - 2.15,  Mocha - 2.30, Regular Chai latte - 2.30, Large Flavoured latte - Hazelnut - 2.85",9.60,CASH,
10/11/2020 10:37,Andres Ramos," Speciality Tea - Earl Grey - 1.30,  Smoothies - Glowing Greens - 2.00",3.30,CARD,7875255036090411
10/11/2020 10:38,Aada Ahonen,"Large Espresso - 1.80,  Speciality Tea - Camomile - 1.30,  Flavoured iced latte - Hazelnut - 2.75,  Smoothies - Carrot Kick - 2.00",7.85,CASH,
10/11/2020 10:38,Soham Richardson,"Regular Espresso - 1.50,  Smoothies - Glowing Greens - 2.00",3.50,CARD,8463036319391
10/11/2020 10:39,Tammy Castro,"Large Americano - 2.25",2.25,CARD,3281386504520
10/11/2020 10:39,Cord Zell," Mocha - 2.30,  Iced americano - 2.15,  Speciality Tea - Fruit - 1.30, Large Americano - 2.25",8.00,CARD,6011283147188808
10/11/2020 10:40,Arthur Zuidema,"Regular Flavoured latte - Vanilla - 2.55,  Speciality Tea - Fruit - 1.30, Regular Filter coffee - 1.50",5.35,CASH,
10/11/2020 10:40,Hugh Kelly," Flat white - 2.15,  Cortado - 2.05, Regular Americano - 1.95,  Speciality Tea - Darjeeling - 1.30",7.45,CARD,6011897094290509
10/11/2020 10:41,Aquiles Campos,"Regular Flavoured hot chocolate - Vanilla - 2.60, Regular Espresso - 1.50,  Flavoured iced latte - Vanilla - 2.75, Regular Luxury hot chocolate - 2.40",9.25,CARD,6011930253390221
10/11/2020 10:41,Manuela Castro," Frappes - Coffee - 2.75,  Frappes - Chocolate Cookie - 2.75",5.50,CASH,
10/11/2020 10:42,Connor Hughes," Flavoured iced latte - Caramel - 2.75, Large Luxury hot chocolate - 2.70, Large Flavoured hot chocolate - Vanilla - 2.90",8.35,CARD,1141471924735902
10/11/2020 10:42,Veronica Harper," Speciality Tea - Darjeeling - 1.30,  Speciality Tea - English breakfast - 1.30, Large Flavoured hot chocolate - Vanilla - 2.90, Large Flavoured hot chocolate - Vanilla - 2.90",8.40,CARD,4018408411560
10/11/2020 10:43,Vicky Kennedy,"Regular Espresso - 1.50,  Mocha - 2.30,  Cortado - 2.05,  Flavoured iced latte - Caramel - 2.75,  Speciality Tea - Fruit - 1.30",9.90,CARD,9162590097563779
10/11/2020 10:43,Sara Prieto,"Regular Flavoured latte - Gingerbread - 2.55",2.55,CARD,4404877758171
10/11/2020 10:44,David Clark," Frappes - Chocolate Cookie - 2.75, Large Hot chocolate - 2.90,  Flat white - 2.15",7.80,CARD,2695376040131
10/11/2020 10:44,Andy Steward,"Regular Hot chocolate - 2.20,  Speciality Tea - Darjeeling - 1.30,  Glass of milk - 0.70, Regular Luxury hot chocolate - 2.40,  Smoothies - Berry Beautiful - 2.00",8.60,CARD,3234999261584
10/11/2020 10:45,Gustav Hansen," Smoothies - Glowing Greens - 2.00,  Flavoured iced latte - Caramel - 2.75,  Red label tea - 1.20,  Glass of milk - 0.70,  Flat white - 2.15",8.80,CARD,7052991439037028
10/11/2020 10:46,Tristan Soto," Frappes - Strawberries & Cream - 2.75,  Speciality Tea - Fruit - 1.30, Regular Cappuccino - 2.15,  Speciality Tea - Earl Grey - 1.30",7.50,CARD,206834108722644
10/11/2020 10:46,Farah Hulzebos," Speciality Tea - English breakfast - 1.30,  Speciality Tea - Green - 1.30,  Frappes - Strawberries & Cream - 2.75,  Mocha - 2.30",7.65,CASH,
10/11/2020 10:47,Fatmir Arnaud,"Regular Cappuccino - 2.15,  Flavoured iced latte - Caramel - 2.75,  Speciality Tea - Fruit - 1.30, Regular Americano - 1.95",8.15,CASH,
10/11/2020 10:47,Enver Hack," Speciality Tea - Peppermint - 1.30",1.30,CARD,8187451571587281
10/11/2020 10:48,Simon Hansen," Iced americano - 2.15, Large Flavoured latte - Caramel - 2.85, Large Flavoured latte - Gingerbread - 2.85,  Cortado - 2.05",9.90,CASH,
10/11/2020 10:48,Elya Lemaire," Speciality Tea - Darjeeling - 1.30, Regular Latte - 2.15, Large Flavoured latte - Gingerbread - 2.85",6.30,CARD,6011543022242671
10/11/2020 10:49,Gordon Thompson,"Large Espresso - 1.80",1.80,CASH,
10/11/2020 10:49,Amanda Evans," Speciality Tea - Fruit - 1.30,  Glass of milk - 0.70,  Smoothies - Carrot Kick - 2.00,  Glass of milk - 0.70",4.70,CASH,
10/11/2020 10:50,Pinja Leppo," Speciality Tea - Peppermint - 1.30,  Frappes - Chocolate Cookie - 2.75",4.05,CASH,
10/11/2020 10:50,Darryl Douglas," Speciality Tea - Fruit - 1.30,  Smoothies - Glowing Greens - 2.00",3.30,CARD,4245359113765433
10/11/2020 10:51,Marluce Dias," Babyccino - 0.00,  Hot chocolate - 1.40,  Flavoured iced latte - Vanilla - 2.75",4.15,CARD,5664352119826538
10/11/2020 10:51,Stella Ramirez,"Large Flavoured hot chocolate - Hazelnut - 2.90,  Iced latte - 2.35,  Speciality Tea - Darjeeling - 1.30",6.55,CARD,753310277189533
10/11/2020 10:52,Susan Riley," Frappes - Coffee - 2.75, Regular Cappuccino - 2.15, Regular Flavoured latte - Caramel - 2.55, Large Luxury hot chocolate - 2.70",10.15,CARD,3061576789851
10/11/2020 10:52,Elsa Takala," Iced americano - 2.15,  Glass of milk - 0.70",2.85,CASH,
10/11/2020 10:53,Hannah Mitchelle," Speciality Tea - English breakfast - 1.30,  Speciality Tea - Earl Grey - 1.30,  Speciality Tea - Camomile - 1.30, Large Flavoured latte - Gingerbread - 2.85",6.75,CASH,
10/11/2020 10:53,Iiris Lampi," Iced latte - 2.35",2.35,CARD,6011992121120187
10/11/2020 10:54,Lucas Fox,"Regular Flavoured hot chocolate - Vanilla - 2.60,  Cortado - 2.05, Large Flavoured latte - Gingerbread - 2.85, Regular Flavoured latte - Caramel - 2.55",10.05,CASH,
10/11/2020 10:54,Ian Peters," Flavoured iced latte - Hazelnut - 2.75, Large Americano - 2.25, Regular Latte - 2.15, Large Flavoured latte - Hazelnut - 2.85",10.00,CASH,
10/11/2020 10:55,Julia Anderson," Flavoured iced latte - Vanilla - 2.75",2.75,CASH,
10/11/2020 10:55,Dajana Klatt," Smoothies - Glowing Greens - 2.00,  Speciality Tea - Darjeeling - 1.30, Regular Flavoured hot chocolate - Vanilla - 2.60, Regular Espresso - 1.50, Large Espresso - 1.80",9.20,CARD,389081602861048
10/11/2020 10:56,Paula Ferrer," Flavoured iced latte - Vanilla - 2.75, Large Filter coffee - 1.80,  Speciality Tea - English breakfast - 1.30",5.85,CARD,6011931576559995
10/11/2020 10:56,Jen Long,"Regular Hot chocolate - 2.20, Large Flavoured latte - Gingerbread - 2.85,  Frappes - Chocolate Cookie - 2.75",7.80,CARD,043395813135693
10/11/2020 10:57,Alex Horton," Speciality Tea - Peppermint - 1.30,  Mocha - 2.30,  Flat white - 2.15, Regular Hot chocolate - 2.20",7.95,CARD,2547616366874262
10/11/2020 10:58,Jesse Peura," Cortado - 2.05, Large Luxury hot chocolate - 2.70",4.75,CARD,0805241784604034
10/11/2020 10:58,Deborah Dean," Speciality Tea - Earl Grey - 1.30, Large Latte - 2.45,  Glass of milk - 0.70",4.45,CARD,9844756887361067
10/11/2020 10:59,Chris Stephens," Smoothies - Glowing Greens - 2.00,  Hot chocolate - 1.40,  Smoothies - Glowing Greens - 2.00,  Frappes - Chocolate Cookie - 2.75, Regular Cappuccino - 2.15",10.30,CASH,
10/11/2020 10:59,Heather Bryant,"Large Hot chocolate - 2.90,  Speciality Tea - Peppermint - 1.30, Regular Flavoured latte - Vanilla - 2.55, Large Flavoured hot chocolate - Vanilla - 2.90",9.65,CARD,6011897837064720
10/11/2020 11:00,Wanda Moura,"Regular Flavoured hot chocolate - Hazelnut - 2.60, Regular Luxury hot chocolate - 2.40,  Smoothies - Carrot Kick - 2.00,  Speciality Tea - Earl Grey - 1.30",8.30,CASH,
10/11/2020 11:01,Walfried George,"Large Cappuccino - 2.45,  Mocha - 2.30",4.75,CARD,6011536161296836
10/11/2020 11:02,Heidi Wong," Hot chocolate - 1.40, Regular Cappuccino - 2.15",3.55,CARD,4965782956629175
10/11/2020 11:04,Antonella Francois," Iced latte - 2.35, Regular Flavoured latte - Caramel - 2.55,  Flat white - 2.15, Large Flavoured latte - Vanilla - 2.85, Large Flavoured latte - Vanilla - 2.85",12.75,CARD,1088710764263
10/11/2020 11:05,Jackson Walker,"Large Cappuccino - 2.45,  Glass of milk - 0.70,  Speciality Tea - Fruit - 1.30",4.45,CARD,7204089670514328
10/11/2020 11:06,Damien Lecomte," Frappes - Chocolate Cookie - 2.75,  Speciality Tea - Camomile - 1.30, Regular Flavoured latte - Hazelnut - 2.55",6.60,CARD,116506851456512
10/11/2020 11:08,Kenan Giese,"Large Flavoured hot chocolate - Vanilla - 2.90",2.90,CASH,
10/11/2020 11:09,Nora Ryan," Red label tea - 1.20,  Frappes - Coffee - 2.75",3.95,CASH,
10/11/2020 11:10,Jarbas Carvalho," Red label tea - 1.20, Large Flavoured latte - Caramel - 2.85,  Speciality Tea - English breakfast - 1.30,  Speciality Tea - English breakfast - 1.30,  Flavoured iced latte - Hazelnut - 2.75",9.40,CARD,6011708239251942
10/11/2020 11:12,Marshall Torres," Hot chocolate - 1.40",1.40,CARD,6011133169972828
10/11/2020 11:13,Danielle Fields," Flat white - 2.15,  Speciality Tea - English breakfast - 1.30,  Smoothies - Glowing Greens - 2.00,  Glass of milk - 0.70,  Flavoured iced latte - Vanilla - 2.75",8.90,CARD,6011078086852586
10/11/2020 11:14,Arnaud Mackay," Speciality Tea - Darjeeling - 1.30",1.30,CARD,0397178636649
10/11/2020 11:16,Randy Romero,"Regular Hot chocolate - 2.20,  Glass of milk - 0.70",2.90,CARD,65210336783035887
10/11/2020 11:17,Jasmine Harcourt,"Large Flavoured latte - Caramel - 2.85,  Flavoured iced latte - Vanilla - 2.75",5.60,CARD,3909227549513
10/11/2020 11:18,Arttu Saarinen," Flavoured iced latte - Vanilla - 2.75",2.75,CASH,
10/11/2020 11:20,Hasan Caspari,"Regular Flavoured hot chocolate - Hazelnut - 2.60,  Speciality Tea - Peppermint - 1.30, Regular Cappuccino - 2.15, Regular Flavoured latte - Hazelnut - 2.55,  Speciality Tea - Darjeeling - 1.30",9.90,CASH,
10/11/2020 11:21,Alex Hanson," Speciality Tea - Peppermint - 1.30,  Iced latte - 2.35",3.65,CARD,845189236396793
10/11/2020 11:22,Amanda Williams," Flavoured iced latte - Hazelnut - 2.75,  Flat white - 2.15",4.90,CARD,03871149974049492
10/11/2020 11:24,Joona Pelto," Flat white - 2.15, Large Flavoured latte - Gingerbread - 2.85,  Iced latte - 2.35,  Smoothies - Glowing Greens - 2.00, Large Flavoured hot chocolate - Vanilla - 2.90",12.25,CARD,6011627198832148
10/11/2020 11:25,Noah Perez," Speciality Tea - Peppermint - 1.30",1.30,CASH,
10/11/2020 11:26,Lavrans Elverum,"Regular Filter coffee - 1.50,  Frappes - Chocolate Cookie - 2.75, Large Flavoured hot chocolate - Hazelnut - 2.90,  Glass of milk - 0.70, Large Flavoured hot chocolate - Vanilla - 2.90",10.75,CASH,
10/11/2020 11:28,Susan Kelly," Frappes - Chocolate Cookie - 2.75, Large Latte - 2.45",5.20,CARD,5234125775514398
10/11/2020 11:29,Philip Chan," Speciality Tea - Green - 1.30,  Frappes - Strawberries & Cream - 2.75,  Cortado - 2.05,  Iced americano - 2.15",8.25,CARD,9692679423279262
10/11/2020 11:30,Astrid Christiansen," Red label tea - 1.20,  Flat white - 2.15, Large Flavoured hot chocolate - Vanilla - 2.90",6.25,CARD,5889273397375584
10/11/2020 11:32,Jake Wright," Speciality Tea - English breakfast - 1.30,  Glass of milk - 0.70",2.00,CARD,6011800774403497
10/11/2020 11:33,Olivia Neva," Flavoured iced latte - Hazelnut - 2.75,  Mocha - 2.30, Regular Chai latte - 2.30",7.35,CARD,7108675289565
10/11/2020 11:34,Millian Leidland," Glass of milk - 0.70,  Hot chocolate - 1.40, Large Chai latte - 2.60,  Smoothies - Glowing Greens - 2.00,  Red label tea - 1.20",7.90,CARD,6011634948194654
10/11/2020 11:36,Phoebe Singh," Flavoured iced latte - Caramel - 2.75",2.75,CARD,629986112801617
10/11/2020 11:37,Esther Haave,"Regular Filter coffee - 1.50,  Flavoured iced latte - Caramel - 2.75,  Flat white - 2.15,  Iced americano - 2.15, Large Americano - 2.25",10.80,CARD,654444461890502
10/11/2020 11:38,Art Barnes,"Large Americano - 2.25,  Frappes - Chocolate Cookie - 2.75,  Speciality Tea - English breakfast - 1.30,  Cortado - 2.05,  Speciality Tea - Darjeeling - 1.30",9.65,CASH,
10/11/2020 11:40,Deborah Gregory," Glass of milk - 0.70,  Smoothies - Carrot Kick - 2.00",2.70,CARD,5825565528941800
10/11/2020 11:41,Gina Ford,"Regular Flavoured hot chocolate - Vanilla - 2.60, Regular Flavoured hot chocolate - Vanilla - 2.60, Large Flavoured latte - Hazelnut - 2.85,  Smoothies - Glowing Greens - 2.00",10.05,CARD,5301461408724066
10/11/2020 11:42,Caroline Christensen," Iced americano - 2.15, Regular Americano - 1.95, Large Flavoured latte - Gingerbread - 2.85,  Hot chocolate - 1.40",8.35,CASH,
10/11/2020 11:44,Jeanette Montgomery," Speciality Tea - English breakfast - 1.30, Regular Flavoured hot chocolate - Caramel - 2.60",3.90,CASH,
10/11/2020 11:45,Clara Lopez,"Regular Flavoured hot chocolate - Caramel - 2.60,  Smoothies - Berry Beautiful - 2.00,  Glass of milk - 0.70, Regular Flavoured latte - Vanilla - 2.55",7.85,CARD,1772084469958260
10/11/2020 11:46,Rolf Pierre,"Large Flavoured latte - Hazelnut - 2.85,  Flavoured iced latte - Hazelnut - 2.75,  Speciality Tea - Darjeeling - 1.30,  Flavoured iced latte - Vanilla - 2.75,  Hot chocolate - 1.40",11.05,CASH,
10/11/2020 11:48,Blake Park,"Large Flavoured latte - Caramel - 2.85",2.85,CASH,
10/11/2020 11:49,Lenni Karvonen," Flat white - 2.15,  Glass of milk - 0.70,  Smoothies - Glowing Greens - 2.00,  Flavoured iced latte - Vanilla - 2.75",7.60,CASH,
10/11/2020 11:50,Nathan Edwards," Smoothies - Berry Beautiful - 2.00",2.00,CASH,
10/11/2020 11:52,Katiane Alves," Flat white - 2.15, Large Cappuccino - 2.45,  Smoothies - Glowing Greens - 2.00, Large Espresso - 1.80",8.40,CARD,43663459240676990
10/11/2020 11:53,Jarbas Mendes," Glass of milk - 0.70, Large Espresso - 1.80, Large Flavoured latte - Caramel - 2.85",5.35,CARD,0258425898698435
10/11/2020 11:54,Elvin Tang," Flavoured iced latte - Caramel - 2.75,  Frappes - Coffee - 2.75,  Smoothies - Carrot Kick - 2.00, Regular Filter coffee - 1.50",9.00,CARD,7975423245810934
10/11/2020 11:56,Noelle Hunter," Flat white - 2.15",2.15,CARD,9200430995070648
10/11/2020 11:57,Lance Hill," Smoothies - Berry Beautiful - 2.00",2.00,CARD,3835701592796405
10/11/2020 11:58,Zoe Abraham," Iced americano - 2.15,  Glass of milk - 0.70,  Cortado - 2.05,  Flavoured iced latte - Hazelnut - 2.75, Large Luxury hot chocolate - 2.70",10.35,CASH,
10/11/2020 12:00,Amy Sutton," Speciality Tea - Darjeeling - 1.30,  Smoothies - Glowing Greens - 2.00,  Speciality Tea - Green - 1.30,  Glass of milk - 0.70",5.30,CARD,6011753259791118
10/11/2020 12:02,Sunniva Braaten," Speciality Tea - English breakfast - 1.30",1.30,CARD,6545285850291457
10/11/2020 12:05,Kitty Murk,"Regular Flavoured latte - Caramel - 2.55, Large Flavoured latte - Caramel - 2.85,  Iced latte - 2.35,  Speciality Tea - Earl Grey - 1.30,  Speciality Tea - English breakfast - 1.30",10.35,CASH,
10/11/2020 12:08,Caroline Rose," Speciality Tea - Camomile - 1.30, Regular Flavoured latte - Gingerbread - 2.55",3.85,CASH,
10/11/2020 12:11,Danial Fallet," Frappes - Strawberries & Cream - 2.75, Regular Flavoured hot chocolate - Vanilla - 2.60,  Frappes - Chocolate Cookie - 2.75",8.10,CASH,
10/11/2020 12:14,Nicole Harvey," Cortado - 2.05,  Flat white - 2.15,  Flat white - 2.15, Regular Flavoured hot chocolate - Vanilla - 2.60",8.95,CARD,686842772147142
10/11/2020 12:17,Carla Esteban," Mocha - 2.30,  Mocha - 2.30",4.60,CASH,
10/11/2020 12:20,Soham Arnold,"Regular Chai latte - 2.30",2.30,CARD,6011972504927487
10/11/2020 12:22,Stanislaus Trautmann,"Regular Flavoured latte - Hazelnut - 2.55",2.55,CARD,8740369033424
10/11/2020 12:25,Lumi Maki," Mocha - 2.30, Regular Flavoured hot chocolate - Vanilla - 2.60, Large Hot chocolate - 2.90,  Speciality Tea - Darjeeling - 1.30",9.10,CASH,
10/11/2020 12:28,Ayla Huse," Speciality Tea - Darjeeling - 1.30,  Speciality Tea - Earl Grey - 1.30",2.60,CARD,500377770635117
10/11/2020 12:31,Francisca Ruiz,"Large Flavoured hot chocolate - Vanilla - 2.90,  Mocha - 2.30,  Speciality Tea - Fruit - 1.30,  Glass of milk - 0.70, Regular Espresso - 1.50",8.70,CASH,
10/11/2020 12:34,Rachel Cooper," Frappes - Coffee - 2.75,  Speciality Tea - Camomile - 1.30,  Iced americano - 2.15",6.20,CASH,
10/11/2020 12:37,Camille Chan," Speciality Tea - Earl Grey - 1.30,  Iced americano - 2.15",3.45,CARD,692841981731689
10/11/2020 12:40,Brandon Collins," Speciality Tea - Darjeeling - 1.30",1.30,CARD,8541130511727844
10/11/2020 12:42,Reto Nicolas," Flavoured iced latte - Caramel - 2.75",2.75,CASH,
10/11/2020 12:45,Hilla Karvonen,"Regular Flavoured hot chocolate - Hazelnut - 2.60, Regular Luxury hot chocolate - 2.40,  Flavoured iced latte - Hazelnut - 2.75",7.75,CARD,4296655564118333
10/11/2020 12:48,Mikael Rispens,"Regular Cappuccino - 2.15,  Mocha - 2.30,  Hot chocolate - 1.40,  Smoothies - Carrot Kick - 2.00",7.85,CASH,
10/11/2020 12:51,Alejandra Blanco," Smoothies - Berry Beautiful - 2.00",2.00,CARD,082093296732303
10/11/2020 12:54,Jack Jackson," Flat white - 2.15, Large Americano - 2.25, Large Americano - 2.25,  Speciality Tea - Camomile - 1.30, Regular Flavoured latte - Caramel - 2.55",10.50,CARD,76579782672656525
10/11/2020 12:57,Milka Heppner,"Large Chai latte - 2.60,  Frappes - Chocolate Cookie - 2.75,  Speciality Tea - Earl Grey - 1.30",6.65,CARD,671926930592171
10/11/2020 13:00,Irene Santos,"Large Flavoured latte - Vanilla - 2.85",2.85,CARD,2684877597683
10/11/2020 13:02,Jonathan Dumont," Speciality Tea - Darjeeling - 1.30,  Speciality Tea - Green - 1.30",2.60,CASH,
10/11/2020 13:04,Abigail Kim," Glass of milk - 0.70, Large Hot chocolate - 2.90,  Speciality Tea - Fruit - 1.30,  Flavoured iced latte - Hazelnut - 2.75",7.65,CASH,
10/11/2020 13:07,Vanessa Daniels,"Large Espresso - 1.80,  Flat white - 2.15, Large Flavoured hot chocolate - Caramel - 2.90,  Hot chocolate - 1.40",8.25,CASH,
10/11/2020 13:09,Sofieke Eussen," Cortado - 2.05,  Glass of milk - 0.70, Regular Cappuccino - 2.15,  Red label tea - 1.20, Large Filter coffee - 1.80",7.90,CARD,1430182711046357
10/11/2020 13:12,Saana Manni,"Large Flavoured latte - Gingerbread - 2.85",2.85,CARD,1722375620733
10/11/2020 13:14,Vincent Clark," Mocha - 2.30,  Hot chocolate - 1.40, Large Flavoured latte - Caramel - 2.85,  Speciality Tea - Darjeeling - 1.30,  Flavoured iced latte - Vanilla - 2.75",10.60,CARD,1888576913095
10/11/2020 13:16,Eddie Welch," Speciality Tea - Darjeeling - 1.30,  Frappes - Coffee - 2.75, Regular Flavoured latte - Caramel - 2.55",6.60,CARD,7382675197378
10/11/2020 13:19,Marina Heer,"Regular Flavoured latte - Caramel - 2.55, Regular Espresso - 1.50,  Speciality Tea - Camomile - 1.30",5.35,CASH,
10/11/2020 13:21,Aurora Leon," Cortado - 2.05, Large Latte - 2.45,  Flavoured iced latte - Hazelnut - 2.75, Regular Espresso - 1.50",8.75,CASH,
10/11/2020 13:24,Manuel Alvarez,"Large Latte - 2.45, Large Cappuccino - 2.45",4.90,CARD,2574247678526005
10/11/2020 13:26,Katrine Mortensen," Flavoured iced latte - Caramel - 2.75",2.75,CASH,
10/11/2020 13:28,Kasper Huhta,"Large Flavoured latte - Caramel - 2.85",2.85,CASH,
10/11/2020 13:31,Silke Hansen,"Large Flavoured hot chocolate - Vanilla - 2.90,  Flat white - 2.15",5.05,CARD,7321537034038714
10/11/2020 13:33,Anni Lakso,"Regular Americano - 1.95,  Smoothies - Berry Beautiful - 2.00,  Speciality Tea - Darjeeling - 1.30,  Smoothies - Glowing Greens - 2.00",7.25,CARD,7306512570913
10/11/2020 13:36,Hunter Holland,"Regular Espresso - 1.50,  Iced americano - 2.15,  Flavoured iced latte - Vanilla - 2.75,  Flavoured iced latte - Caramel - 2.75,  Mocha - 2.30",11.45,CARD,5285267904319373
10/11/2020 13:38,Rahaf Harsvik,"Large Espresso - 1.80",1.80,CARD,512094499451022
10/11/2020 13:40,Frederikke Jensen,"Large Flavoured hot chocolate - Vanilla - 2.90, Regular Flavoured latte - Hazelnut - 2.55,  Smoothies - Carrot Kick - 2.00",7.45,CARD,9008761676020719
10/11/2020 13:43,Ethel Wallace," Frappes - Coffee - 2.75,  Speciality Tea - Fruit - 1.30, Large Chai latte - 2.60, Regular Chai latte - 2.30",8.95,CARD,1181708025313
10/11/2020 13:45,Flavie Martinez," Iced americano - 2.15,  Speciality Tea - Earl Grey - 1.30,  Smoothies - Berry Beautiful - 2.00, Regular Flavoured latte - Caramel - 2.55,  Speciality Tea - Camomile - 1.30",9.30,CARD,1055764315950067
10/11/2020 13:48,Irma Hamilton," Smoothies - Berry Beautiful - 2.00,  Iced latte - 2.35,  Frappes - Coffee - 2.75,  Flavoured iced latte - Vanilla - 2.75,  Speciality Tea - Peppermint - 1.30",11.15,CARD,39101701643967
10/11/2020 13:50,Terry Baker," Hot chocolate - 1.40,  Flavoured iced latte - Caramel - 2.75, Large Luxury hot chocolate - 2.70, Large Hot chocolate - 2.90",9.75,CASH,
10/11/2020 13:52,Angelina Molund,"Regular Flavoured hot chocolate - Hazelnut - 2.60,  Speciality Tea - Camomile - 1.30,  Glass of milk - 0.70",4.60,CASH,
10/11/2020 13:55,Rosario Arias,"Regular Chai latte - 2.30,  Mocha - 2.30",4.60,CARD,2778885199439661
10/11/2020 13:57,Claudia Pascual,"Regular Flavoured latte - Caramel - 2.55",2.55,CARD,142527094053416
10/11/2020 14:00,Cedric Lambert," Cortado - 2.05,  Glass of milk - 0.70,  Red label tea - 1.20, Large Flavoured hot chocolate - Vanilla - 2.90",6.85,CASH,
10/11/2020 14:00,Ronald Castillo,"Large Chai latte - 2.60,  Frappes - Coffee - 2.75",5.35,CARD,70862303543937
10/11/2020 14:01,Joleen Walther,"Regular Flavoured hot chocolate - Vanilla - 2.60,  Speciality Tea - Darjeeling - 1.30,  Smoothies - Berry Beautiful - 2.00",5.90,CASH,
10/11/2020 14:01,Hanna Barrett," Speciality Tea - Earl Grey - 1.30,  Speciality Tea - Darjeeling - 1.30, Large Cappuccino - 2.45",5.05,CARD,602979055305057
10/11/2020 14:01,Veronica Grant," Speciality Tea - Camomile - 1.30",1.30,CARD,6011154584453521
10/11/2020 14:02,Tessa Olivier," Speciality Tea - Earl Grey - 1.30",1.30,CARD,2508195366664716
10/11/2020 14:02,Sergio Macrae,"Large Filter coffee - 1.80, Large Hot chocolate - 2.90, Large Flavoured hot chocolate - Caramel - 2.90,  Babyccino - 0.00",7.60,CARD,5350108126513
10/11/2020 14:03,Ritthy Freeman,"Large Luxury hot chocolate - 2.70, Regular Chai latte - 2.30,  Cortado - 2.05,  Mocha - 2.30, Large Latte - 2.45",11.80,CARD,8866404937910
10/11/2020 14:03,Brielle Campbell,"Regular Chai latte - 2.30,  Flat white - 2.15,  Babyccino - 0.00,  Speciality Tea - English breakfast - 1.30, Regular Flavoured hot chocolate - Caramel - 2.60",8.35,CASH,
10/11/2020 14:04,Ceylan Solmaz,"Regular Hot chocolate - 2.20, Large Flavoured hot chocolate - Vanilla - 2.90, Large Cappuccino - 2.45",7.55,CARD,3896160231247634
10/11/2020 14:04,Valdemar Hansen,"Large Flavoured latte - Hazelnut - 2.85,  Speciality Tea - Darjeeling - 1.30",4.15,CARD,466771840216608
10/11/2020 14:05,Gudrun Gronau," Flat white - 2.15,  Babyccino - 0.00,  Speciality Tea - Camomile - 1.30, Regular Flavoured hot chocolate - Vanilla - 2.60",6.05,CASH,
10/11/2020 14:05,Abbas Stavik," Frappes - Chocolate Cookie - 2.75,  Speciality Tea - Earl Grey - 1.30,  Smoothies - Glowing Greens - 2.00",6.05,CASH,
10/11/2020 14:05,Lucas Hall,"Regular Cappuccino - 2.15,  Smoothies - Glowing Greens - 2.00,  Frappes - Chocolate Cookie - 2.75, Regular Luxury hot chocolate - 2.40, Regular Cappuccino - 2.15",11.45,CASH,
10/11/2020 14:06,Lamyae Heesters,"Large Flavoured hot chocolate - Vanilla - 2.90,  Smoothies - Berry Beautiful - 2.00,  Speciality Tea - English breakfast - 1.30, Large Americano - 2.25,  Glass of milk - 0.70",9.15,CARD,6011498235379048
10/11/2020 14:06,Daniel Huhta,"Regular Flavoured latte - Vanilla - 2.55, Large Hot chocolate - 2.90, Large Espresso - 1.80, Large Cappuccino - 2.45",9.70,CARD,220020247302944
10/11/2020 14:07,Joseph Chavez," Speciality Tea - Darjeeling - 1.30",1.30,CASH,
10/11/2020 14:07,Ronald Elliott,"Regular Flavoured hot chocolate - Hazelnut - 2.60,  Speciality Tea - English breakfast - 1.30,  Iced latte - 2.35",6.25,CARD,0844112624439907
10/11/2020 14:08,Eddie Martinez,"Regular Espresso - 1.50",1.50,CARD,804464593570349
10/11/2020 14:08,Jeanine Kampen," Cortado - 2.05,  Glass of milk - 0.70",2.75,CARD,3816085265070341
10/11/2020 14:09,Evangelista Cavalcanti," Speciality Tea - Fruit - 1.30, Regular Flavoured hot chocolate - Vanilla - 2.60,  Speciality Tea - Earl Grey - 1.30, Regular Filter coffee - 1.50",6.70,CARD,8208102963349
10/11/2020 14:09,Simon Martinez," Cortado - 2.05, Regular Flavoured hot chocolate - Vanilla - 2.60, Large Flavoured hot chocolate - Vanilla - 2.90,  Smoothies - Glowing Greens - 2.00,  Speciality Tea - Fruit - 1.30",10.85,CARD,0091671187761
10/11/2020 14:09,Logan Jones,"Regular Luxury hot chocolate - 2.40,  Speciality Tea - English breakfast - 1.30",3.70,CARD,2274546531135
10/11/2020 14:10,Serenity Watts,"Large Hot chocolate - 2.90,  Speciality Tea - Earl Grey - 1.30,  Hot chocolate - 1.40,  Speciality Tea - Darjeeling - 1.30,  Iced americano - 2.15",9.05,CARD,0540474938304874
10/11/2020 14:10,Catherine Mendoza," Iced americano - 2.15,  Glass of milk - 0.70",2.85,CARD,4575372913453
10/11/2020 14:11,Oliver Cooper," Smoothies - Berry Beautiful - 2.00, Large Flavoured latte - Caramel - 2.85, Large Flavoured hot chocolate - Caramel - 2.90,  Frappes - Coffee - 2.75",10.50,CARD,8528340280587968
10/11/2020 14:11,Miguel Freeman," Frappes - Coffee - 2.75",2.75,CASH,
10/11/2020 14:12,Guy Stewart," Frappes - Coffee - 2.75,  Speciality Tea - Earl Grey - 1.30,  Iced latte - 2.35,  Flat white - 2.15",8.55,CARD,404729450689682
10/11/2020 14:12,Aida Viana," Speciality Tea - Earl Grey - 1.30, Large Hot chocolate - 2.90",4.20,CARD,82426119379055
10/11/2020 14:13,Britney Shaw," Flavoured iced latte - Caramel - 2.75, Large Flavoured latte - Caramel - 2.85,  Speciality Tea - Darjeeling - 1.30",6.90,CASH,
10/11/2020 14:13,Istvan Langen,"Regular Filter coffee - 1.50, Large Flavoured latte - Hazelnut - 2.85",4.35,CASH,
10/11/2020 14:13,Hale Hogeveen," Flavoured iced latte - Hazelnut - 2.75,  Speciality Tea - English breakfast - 1.30, Large Hot chocolate - 2.90,  Mocha - 2.30, Large Flavoured latte - Gingerbread - 2.85",12.10,CARD,8913908158071324
10/11/2020 14:14,Manuel Diez,"Large Luxury hot chocolate - 2.70,  Babyccino - 0.00, Large Flavoured latte - Caramel - 2.85,  Flavoured iced latte - Caramel - 2.75,  Speciality Tea - Darjeeling - 1.30",9.60,CARD,5609200326364119
10/11/2020 14:14,Kerttu Arola," Speciality Tea - Peppermint - 1.30",1.30,CARD,6298133928136071
10/11/2020 14:15,Luca Roger," Speciality Tea - Fruit - 1.30,  Smoothies - Carrot Kick - 2.00,  Flavoured iced latte - Caramel - 2.75,  Speciality Tea - Fruit - 1.30, Large Luxury hot chocolate - 2.70",10.05,CARD,2195466945183655
10/11/2020 14:15,Joona Wirta," Speciality Tea - English breakfast - 1.30,  Smoothies - Glowing Greens - 2.00",3.30,CARD,6011411556021789
10/11/2020 14:16,Guillaume Marchand," Flat white - 2.15,  Frappes - Coffee - 2.75,  Iced latte - 2.35,  Speciality Tea - Fruit - 1.30,  Smoothies - Berry Beautiful - 2.00",10.55,CARD,5752750977524
10/11/2020 14:16,Larry Olson," Smoothies - Glowing Greens - 2.00,  Speciality Tea - English breakfast - 1.30",3.30,CARD,6011113391352707
10/11/2020 14:17,Mercedes Lopez," Smoothies - Glowing Greens - 2.00, Large Luxury hot chocolate - 2.70",4.70,CARD,6011885923984919
10/11/2020 14:17,Jake Watkins," Smoothies - Berry Beautiful - 2.00",2.00,CASH,
10/11/2020 14:18,Jociano Ribeiro," Frappes - Coffee - 2.75,  Speciality Tea - Camomile - 1.30, Large Flavoured latte - Caramel - 2.85,  Frappes - Coffee - 2.75, Regular Flavoured latte - Vanilla - 2.55",12.20,CARD,492832858103108
10/11/2020 14:18,Jill Webb," Flavoured iced latte - Caramel - 2.75, Regular Flavoured hot chocolate - Caramel - 2.60",5.35,CARD,972536103807125
10/11/2020 14:18,Jeanette Hansen," Speciality Tea - Darjeeling - 1.30, Regular Chai latte - 2.30",3.60,CASH,
10/11/2020 14:19,Kasper Petersen," Frappes - Strawberries & Cream - 2.75, Regular Flavoured latte - Caramel - 2.55,  Flat white - 2.15,  Frappes - Coffee - 2.75,  Glass of milk - 0.70",10.90,CARD,11685117202284094
10/11/2020 14:19,Erin Neal," Glass of milk - 0.70,  Speciality Tea - Darjeeling - 1.30",2.00,CARD,9618388339456684
10/11/2020 14:20,Jen Lee," Babyccino - 0.00,  Cortado - 2.05,  Frappes - Chocolate Cookie - 2.75,  Flavoured iced latte - Hazelnut - 2.75",7.55,CARD,356176193177085
10/11/2020 14:20,Ella Johansen," Smoothies - Carrot Kick - 2.00,  Smoothies - Berry Beautiful - 2.00",4.00,CARD,1561102158993657
10/11/2020 14:21,Fletcher Anderson," Smoothies - Carrot Kick - 2.00,  Speciality Tea - Fruit - 1.30",3.30,CARD,5910307930419018
10/11/2020 14:21,Patricia Ortega," Speciality Tea - English breakfast - 1.30,  Smoothies - Berry Beautiful - 2.00",3.30,CASH,
10/11/2020 14:22,Avery Wright,"Large Flavoured latte - Gingerbread - 2.85, Regular Flavoured hot chocolate - Hazelnut - 2.60,  Speciality Tea - English breakfast - 1.30",6.75,CASH,
10/11/2020 14:22,Amandine Faure," Speciality Tea - Earl Grey - 1.30",1.30,CARD,6011033229363960
10/11/2020 14:22,Apolline Fontai," Glass of milk - 0.70,  Speciality Tea - Darjeeling - 1.30,  Speciality Tea - Earl Grey - 1.30,  Speciality Tea - Peppermint - 1.30,  Speciality Tea - Darjeeling - 1.30",5.90,CASH,
10/11/2020 14:23,Eva Pelletier,"Regular Hot chocolate - 2.20,  Speciality Tea - English breakfast - 1.30,  Speciality Tea - English breakfast - 1.30, Regular Chai latte - 2.30, Large Chai latte - 2.60",9.70,CARD,8778706728350
10/11/2020 14:23,Leta Andrews," Frappes - Coffee - 2.75,  Flavoured iced latte - Caramel - 2.75,  Speciality Tea - Darjeeling - 1.30,  Speciality Tea - English breakfast - 1.30, Large Luxury hot chocolate - 2.70",10.80,CARD,699673682095318
10/11/2020 14:24,Eugene Morales," Glass of milk - 0.70,  Smoothies - Berry Beautiful - 2.00,  Smoothies - Carrot Kick - 2.00",4.70,CASH,
10/11/2020 14:24,Elias Mortensen," Speciality Tea - Earl Grey - 1.30,  Flavoured iced latte - Vanilla - 2.75,  Cortado - 2.05,  Flavoured iced latte - Vanilla - 2.75, Regular Latte - 2.15",11.00,CASH,
10/11/2020 14:25,Oona Saarela," Glass of milk - 0.70, Large Flavoured hot chocolate - Vanilla - 2.90, Large Luxury hot chocolate - 2.70, Large Flavoured latte - Hazelnut - 2.85,  Red label tea - 1.20",10.35,CARD,6011256571102426
10/11/2020 14:25,Kent Terry," Flat white - 2.15,  Speciality Tea - English breakfast - 1.30,  Speciality Tea - Darjeeling - 1.30,  Flavoured iced latte - Hazelnut - 2.75, Large Flavoured hot chocolate - Caramel - 2.90",10.40,CASH,
10/11/2020 14:26,Oona Rajala,"Large Cappuccino - 2.45, Large Cappuccino - 2.45, Large Chai latte - 2.60,  Glass of milk - 0.70,  Smoothies - Glowing Greens - 2.00",10.20,CARD,4128821973960805
10/11/2020 14:26,Enrique Hunt," Speciality Tea - English breakfast - 1.30, Regular Americano - 1.95",3.25,CARD,129587197653602
10/11/2020 14:26,Christopher Morrison," Speciality Tea - English breakfast - 1.30,  Flavoured iced latte - Hazelnut - 2.75,  Speciality Tea - Camomile - 1.30,  Flat white - 2.15",7.50,CARD,2086139143309582
10/11/2020 14:27,Naim Fleury," Smoothies - Berry Beautiful - 2.00, Large Flavoured latte - Vanilla - 2.85,  Flavoured iced latte - Hazelnut - 2.75,  Speciality Tea - English breakfast - 1.30",8.90,CASH,
10/11/2020 14:27,Ignaz Lindenau," Flavoured iced latte - Caramel - 2.75",2.75,CARD,530642903551067
10/11/2020 14:28,Elsa Roussel,"Large Espresso - 1.80",1.80,CASH,
10/11/2020 14:28,Antje Knauf," Speciality Tea - Darjeeling - 1.30",1.30,CARD,7136914000673103
10/11/2020 14:29,Maria Larsen," Frappes - Chocolate Cookie - 2.75,  Smoothies - Carrot Kick - 2.00, Regular Flavoured latte - Gingerbread - 2.55,  Mocha - 2.30",9.60,CARD,6614978857401388
10/11/2020 14:29,Henry Martin,"Large Flavoured hot chocolate - Vanilla - 2.90",2.90,CARD,0361043238564942
10/11/2020 14:30,Kenzi Harvey," Iced americano - 2.15, Regular Latte - 2.15,  Frappes - Strawberries & Cream - 2.75,  Iced latte - 2.35",9.40,CASH,
10/11/2020 14:30,Leonard Myers,"Large Flavoured hot chocolate - Caramel - 2.90,  Iced latte - 2.35",5.25,CASH,
10/11/2020 14:31,Melike Karaer," Smoothies - Carrot Kick - 2.00",2.00,CASH,
10/11/2020 14:31,Melvin Little," Flat white - 2.15,  Flat white - 2.15,  Speciality Tea - Camomile - 1.30",5.60,CARD,99205656690991402
10/11/2020 14:31,Catherine Jenkins," Mocha - 2.30, Regular Latte - 2.15,  Cortado - 2.05",6.50,CASH,
10/11/2020 14:32,Michael Sullivan," Frappes - Coffee - 2.75,  Smoothies - Glowing Greens - 2.00,  Red label tea - 1.20, Large Flavoured latte - Hazelnut - 2.85",8.80,CARD,5360382084042684
10/11/2020 14:32,Izzie Thomas,"Regular Filter coffee - 1.50",1.50,CASH,
10/11/2020 14:33,Maurice Hanson,"Regular Flavoured latte - Caramel - 2.55,  Smoothies - Glowing Greens - 2.00, Regular Flavoured latte - Hazelnut - 2.55, Large Flavoured latte - Hazelnut - 2.85,  Speciality Tea - Earl Grey - 1.30",11.25,CARD,6971165644187332
10/11/2020 14:33,Virgil Stephens," Flavoured iced latte - Hazelnut - 2.75, Large Luxury hot chocolate - 2.70,  Speciality Tea - Fruit - 1.30, Regular Flavoured latte - Hazelnut - 2.55",9.30,CASH,
10/11/2020 14:34,Mikael Mantyla," Speciality Tea - Peppermint - 1.30, Regular Filter coffee - 1.50,  Babyccino - 0.00,  Mocha - 2.30",5.10,CARD,69012326940228243
10/11/2020 14:34,Thomas Wong," Speciality Tea - Camomile - 1.30,  Speciality Tea - Darjeeling - 1.30",2.60,CASH,
10/11/2020 14:35,Eileen Reed," Iced americano - 2.15, Large Espresso - 1.80,  Speciality Tea - Peppermint - 1.30",5.25,CARD,6011976332181443
10/11/2020 14:35,Alix Dupuis,"Regular Luxury hot chocolate - 2.40,  Speciality Tea - Fruit - 1.30",3.70,CARD,5458122114635689
10/11/2020 14:35,Teresa Montero," Flavoured iced latte - Vanilla - 2.75",2.75,CASH,
10/11/2020 14:36,Emil Poulsen," Speciality Tea - Darjeeling - 1.30, Regular Flavoured latte - Gingerbread - 2.55,  Iced latte - 2.35",6.20,CASH,
10/11/2020 14:36,Gerardo Diaz,"Large Flavoured latte - Vanilla - 2.85, Large Flavoured latte - Caramel - 2.85, Regular Cappuccino - 2.15, Large Flavoured latte - Vanilla - 2.85",10.70,CASH,
10/11/2020 14:37,Martha Stevens," Red label tea - 1.20, Regular Flavoured latte - Caramel - 2.55,  Speciality Tea - Earl Grey - 1.30, Regular Luxury hot chocolate - 2.40,  Smoothies - Berry Beautiful - 2.00",9.45,CARD,5899592988750
10/11/2020 14:37,Philip Andersen," Speciality Tea - Darjeeling - 1.30, Large Flavoured hot chocolate - Vanilla - 2.90",4.20,CASH,
10/11/2020 14:38,Maya Kim," Speciality Tea - Fruit - 1.30,  Speciality Tea - English breakfast - 1.30,  Iced americano - 2.15,  Speciality Tea - Camomile - 1.30",6.05,CARD,5888756215824
10/11/2020 14:38,Anno Simsek," Smoothies - Glowing Greens - 2.00,  Flavoured iced latte - Caramel - 2.75",4.75,CARD,952348652717831
10/11/2020 14:39,Lauren Simmons," Frappes - Chocolate Cookie - 2.75",2.75,CASH,
10/11/2020 14:39,Angela Warren,"Regular Luxury hot chocolate - 2.40",2.40,CARD,9002793619349215
10/11/2020 14:39,Felix Andersen,"Regular Chai latte - 2.30,  Speciality Tea - Darjeeling - 1.30,  Speciality Tea - English breakfast - 1.30, Large Espresso - 1.80",6.70,CARD,1328244204395120
10/11/2020 14:40,Lise Dumont," Smoothies - Glowing Greens - 2.00, Large Flavoured hot chocolate - Caramel - 2.90",4.90,CASH,
10/11/2020 14:40,Eva Fontai," Glass of milk - 0.70, Regular Flavoured hot chocolate - Vanilla - 2.60, Regular Cappuccino - 2.15,  Smoothies - Carrot Kick - 2.00",7.45,CARD,6011990453513298
10/11/2020 14:41,Fausto Andre,"Large Flavoured hot chocolate - Caramel - 2.90,  Iced latte - 2.35, Large Flavoured hot chocolate - Hazelnut - 2.90, Large Americano - 2.25",10.40,CARD,0551570020439839
10/11/2020 14:41,Ceyhan Erginsoy," Cortado - 2.05,  Speciality Tea - Darjeeling - 1.30, Large Latte - 2.45",5.80,CARD,1359266144987320
10/11/2020 14:42,Aino Perko," Frappes - Coffee - 2.75, Large Espresso - 1.80, Large Flavoured hot chocolate - Caramel - 2.90,  Flavoured iced latte - Vanilla - 2.75",10.20,CARD,102646583029418
10/11/2020 14:42,Pippa Morris," Red label tea - 1.20,  Babyccino - 0.00,  Mocha - 2.30,  Flavoured iced latte - Caramel - 2.75",6.25,CASH,
10/11/2020 14:43,Ethan Roy," Babyccino - 0.00,  Speciality Tea - Fruit - 1.30,  Speciality Tea - English breakfast - 1.30,  Babyccino - 0.00",2.60,CARD,7454104846509
10/11/2020 14:43,Enrique Peters," Glass of milk - 0.70, Large Flavoured latte - Caramel - 2.85, Regular Chai latte - 2.30,  Speciality Tea - Green - 1.30,  Babyccino - 0.00",7.15,CARD,6467472102729502
10/11/2020 14:43,Francis Morgan,"Regular Flavoured latte - Caramel - 2.55,  Smoothies - Berry Beautiful - 2.00,  Speciality Tea - Darjeeling - 1.30",5.85,CARD,3734160363164237
10/11/2020 14:44,Joris Folkertsma,"Regular Flavoured hot chocolate - Vanilla - 2.60,  Speciality Tea - Darjeeling - 1.30,  Glass of milk - 0.70, Regular Flavoured latte - Caramel - 2.55",7.15,CARD,383962047046900
10/11/2020 14:44,Susanna Hansen,"Large Chai latte - 2.60, Large Cappuccino - 2.45,  Flavoured iced latte - Hazelnut - 2.75, Regular Americano - 1.95",9.75,CARD,2752533005929647
10/11/2020 14:45,Theo Jones," Glass of milk - 0.70",.70,CARD,9394108882084890
10/11/2020 14:45,Hennie Melbye,"Regular Flavoured latte - Vanilla - 2.55,  Speciality Tea - English breakfast - 1.30,  Speciality Tea - Camomile - 1.30, Regular Espresso - 1.50,  Frappes - Coffee - 2.75",9.40,CARD,9741672857553620
10/11/2020 14:46,Cathy Mcdonalid," Smoothies - Berry Beautiful - 2.00, Regular Flavoured latte - Hazelnut - 2.55,  Mocha - 2.30,  Speciality Tea - Peppermint - 1.30",8.15,CARD,6769234999305418
10/11/2020 14:46,Luke Bell,"Regular Flavoured latte - Caramel - 2.55, Regular Flavoured latte - Caramel - 2.55, Regular Flavoured latte - Hazelnut - 2.55, Large Flavoured latte - Caramel - 2.85, Large Hot chocolate - 2.90",13.40,CARD,7567318054584
10/11/2020 14:47,Anna James," Flavoured iced latte - Vanilla - 2.75, Regular Latte - 2.15, Regular Flavoured latte - Caramel - 2.55",7.45,CASH,
10/11/2020 14:47,Frederick Carlson," Flavoured iced latte - Vanilla - 2.75,  Speciality Tea - Camomile - 1.30,  Hot chocolate - 1.40, Regular Cappuccino - 2.15,  Smoothies - Glowing Greens - 2.00",9.60,CASH,
10/11/2020 14:48,Francis Bradley," Speciality Tea - Peppermint - 1.30",1.30,CARD,6011711464100012
10/11/2020 14:48,Ida Andrews,"Regular Flavoured hot chocolate - Hazelnut - 2.60, Regular Cappuccino - 2.15, Large Flavoured hot chocolate - Vanilla - 2.90,  Iced americano - 2.15",9.80,CASH,
10/11/2020 14:48,Olivier Young," Glass of milk - 0.70,  Flavoured iced latte - Vanilla - 2.75,  Speciality Tea - Fruit - 1.30,  Babyccino - 0.00, Regular Flavoured hot chocolate - Caramel - 2.60",7.35,CASH,
10/11/2020 14:49,Tyrone Owens," Red label tea - 1.20, Large Flavoured hot chocolate - Vanilla - 2.90, Large Luxury hot chocolate - 2.70",6.80,CARD,242305854746351
10/11/2020 14:49,Isabel Sachse,"Large Flavoured latte - Caramel - 2.85,  Frappes - Chocolate Cookie - 2.75",5.60,CARD,20460797508951829
10/11/2020 14:50,Zoe Ray," Frappes - Coffee - 2.75, Large Cappuccino - 2.45,  Smoothies - Berry Beautiful - 2.00,  Speciality Tea - English breakfast - 1.30",8.50,CARD,8272651009462166
10/11/2020 14:50,Joona Lampi,"Large Espresso - 1.80, Regular Espresso - 1.50, Regular Luxury hot chocolate - 2.40,  Speciality Tea - English breakfast - 1.30",7.00,CARD,83626726692327425
10/11/2020 14:51,Aidan Singh," Speciality Tea - Darjeeling - 1.30",1.30,CARD,1979207715617838
10/11/2020 14:51,Rienk Weij," Speciality Tea - Darjeeling - 1.30, Regular Cappuccino - 2.15",3.45,CARD,3710267542339387
10/11/2020 14:52,Samuel Freeman,"Regular Cappuccino - 2.15,  Speciality Tea - Fruit - 1.30, Regular Luxury hot chocolate - 2.40,  Flavoured iced latte - Caramel - 2.75",8.60,CASH,
10/11/2020 14:52,Kristina Hughes," Hot chocolate - 1.40",1.40,CASH,
10/11/2020 14:52,Edmund Marvik," Frappes - Chocolate Cookie - 2.75,  Iced americano - 2.15,  Speciality Tea - English breakfast - 1.30, Large Flavoured latte - Caramel - 2.85, Large Latte - 2.45",11.50,CASH,
10/11/2020 14:53,Arne Lambert," Speciality Tea - Darjeeling - 1.30",1.30,CASH,
10/11/2020 14:53,Ella Ambrose,"Regular Espresso - 1.50, Large Flavoured hot chocolate - Hazelnut - 2.90,  Smoothies - Glowing Greens - 2.00",6.40,CARD,6011926324980369
10/11/2020 14:54,Adriana Molina,"Large Hot chocolate - 2.90, Regular Cappuccino - 2.15",5.05,CARD,583969769735372
10/11/2020 14:54,Kim Barnes,"Large Luxury hot chocolate - 2.70,  Smoothies - Berry Beautiful - 2.00,  Smoothies - Glowing Greens - 2.00, Large Flavoured hot chocolate - Caramel - 2.90",9.60,CASH,
10/11/2020 14:55,Anthony Garcia,"Regular Flavoured latte - Hazelnut - 2.55",2.55,CASH,
10/11/2020 14:55,Dolores Jennings," Red label tea - 1.20, Regular Latte - 2.15,  Speciality Tea - English breakfast - 1.30",4.65,CASH,
10/11/2020 14:56,Miguel Calvo," Speciality Tea - Darjeeling - 1.30,  Flavoured iced latte - Caramel - 2.75,  Speciality Tea - Earl Grey - 1.30",5.35,CASH,
10/11/2020 14:56,Lois Hudson,"Large Flavoured hot chocolate - Hazelnut - 2.90, Regular Chai latte - 2.30,  Speciality Tea - Peppermint - 1.30, Regular Flavoured latte - Caramel - 2.55",9.05,CARD,6011931190651349
10/11/2020 14:56,Randy Pierce," Flat white - 2.15,  Mocha - 2.30",4.45,CARD,20158053098626096
10/11/2020 14:57,Daniela Benitez," Speciality Tea - English breakfast - 1.30, Large Americano - 2.25,  Red label tea - 1.20,  Speciality Tea - Earl Grey - 1.30",6.05,CARD,7849314140446
10/11/2020 14:57,Jimi Maki," Speciality Tea - Fruit - 1.30,  Frappes - Coffee - 2.75,  Speciality Tea - Darjeeling - 1.30,  Babyccino - 0.00",5.35,CARD,3324968433888
10/11/2020 14:58,Niklas Suomi," Speciality Tea - Darjeeling - 1.30,  Frappes - Coffee - 2.75,  Glass of milk - 0.70,  Smoothies - Berry Beautiful - 2.00, Regular Americano - 1.95",8.70,CASH,
10/11/2020 14:58,Emy Lemaire," Speciality Tea - Darjeeling - 1.30,  Cortado - 2.05,  Mocha - 2.30,  Frappes - Chocolate Cookie - 2.75",8.40,CARD,958774152961416
10/11/2020 14:59,Gabriella Svela," Frappes - Chocolate Cookie - 2.75,  Red label tea - 1.20,  Frappes - Strawberries & Cream - 2.75,  Flat white - 2.15",8.85,CASH,
10/11/2020 14:59,Gail Diaz," Smoothies - Carrot Kick - 2.00, Regular Flavoured latte - Hazelnut - 2.55, Regular Cappuccino - 2.15",6.70,CASH,
10/11/2020 15:00,Susana Saez," Speciality Tea - Peppermint - 1.30,  Iced americano - 2.15, Large Flavoured latte - Hazelnut - 2.85, Regular Chai latte - 2.30,  Speciality Tea - Fruit - 1.30",9.90,CARD,285380607396124
10/11/2020 15:00,Mohammad Nicolas," Cortado - 2.05, Large Flavoured latte - Hazelnut - 2.85,  Frappes - Coffee - 2.75,  Flat white - 2.15",9.80,CARD,6011690099755669
10/11/2020 15:00,Mitchell Wheeler,"Large Luxury hot chocolate - 2.70, Large Flavoured hot chocolate - Caramel - 2.90,  Speciality Tea - Fruit - 1.30,  Speciality Tea - Darjeeling - 1.30",8.20,CASH,
10/11/2020 15:01,Lilou Leclercq,"Large Flavoured latte - Caramel - 2.85",2.85,CASH,
10/11/2020 15:01,Harry Jackson," Smoothies - Berry Beautiful - 2.00",2.00,CARD,6011470413524695
10/11/2020 15:02,William Jensen,"Regular Luxury hot chocolate - 2.40, Large Espresso - 1.80, Regular Flavoured latte - Caramel - 2.55,  Mocha - 2.30,  Flavoured iced latte - Caramel - 2.75",11.80,CARD,04486969344598
10/11/2020 15:02,Anka Borowski," Flavoured iced latte - Caramel - 2.75,  Speciality Tea - Green - 1.30",4.05,CARD,8500521014649
10/11/2020 15:02,August Estensen,"Large Latte - 2.45",2.45,CARD,867825970187509
10/11/2020 15:03,Tian Kvarme," Flavoured iced latte - Hazelnut - 2.75,  Iced americano - 2.15,  Flat white - 2.15",7.05,CASH,
10/11/2020 15:03,Howard Herrera,"Regular Luxury hot chocolate - 2.40",2.40,CARD,6011404762768404
10/11/2020 15:04,Eelis Leinonen,"Large Espresso - 1.80, Regular Cappuccino - 2.15, Large Cappuccino - 2.45, Large Flavoured hot chocolate - Caramel - 2.90,  Babyccino - 0.00",9.30,CASH,
10/11/2020 15:04,Sefer Middag," Smoothies - Glowing Greens - 2.00,  Glass of milk - 0.70,  Iced latte - 2.35,  Flavoured iced latte - Vanilla - 2.75",7.80,CASH,
10/11/2020 15:04,Carl Hamilton," Flavoured iced latte - Caramel - 2.75, Large Cappuccino - 2.45,  Frappes - Chocolate Cookie - 2.75,  Speciality Tea - Darjeeling - 1.30, Large Latte - 2.45",11.70,CASH,
10/11/2020 15:05,Walter Porter,"Large Flavoured hot chocolate - Vanilla - 2.90,  Flat white - 2.15,  Flavoured iced latte - Caramel - 2.75",7.80,CASH,
10/11/2020 15:05,Jerry Oliver," Iced americano - 2.15,  Mocha - 2.30, Large Luxury hot chocolate - 2.70,  Speciality Tea - Camomile - 1.30,  Speciality Tea - Earl Grey - 1.30",9.75,CARD,6011427162975942
10/11/2020 15:06,Rejane Barros," Frappes - Coffee - 2.75,  Frappes - Strawberries & Cream - 2.75, Large Flavoured hot chocolate - Vanilla - 2.90,  Glass of milk - 0.70,  Speciality Tea - Camomile - 1.30",10.40,CARD,83490201767499
10/11/2020 15:06,Mille Hansen," Speciality Tea - English breakfast - 1.30",1.30,CARD,6011719593596397
10/11/2020 15:06,Leta Olson," Smoothies - Carrot Kick - 2.00",2.00,CASH,
10/11/2020 15:07,Vilma Ramo," Flavoured iced latte - Vanilla - 2.75",2.75,CASH,
10/11/2020 15:07,William Masson,"Regular Americano - 1.95,  Frappes - Coffee - 2.75, Large Espresso - 1.80,  Smoothies - Glowing Greens - 2.00,  Smoothies - Carrot Kick - 2.00",10.50,CARD,6011853598442994
10/11/2020 15:08,Brandon Cook," Speciality Tea - Fruit - 1.30, Large Flavoured hot chocolate - Caramel - 2.90, Regular Flavoured latte - Caramel - 2.55, Regular Flavoured latte - Hazelnut - 2.55,  Frappes - Strawberries & Cream - 2.75",12.05,CARD,0644401845226
10/11/2020 15:08,Yanis Brunet," Frappes - Chocolate Cookie - 2.75",2.75,CARD,1666324613697799
10/11/2020 15:08,Sebastian Smith,"Large Chai latte - 2.60",2.60,CARD,9867743609531593
10/11/2020 15:09,Ingrid Haagensen,"Regular Hot chocolate - 2.20,  Flavoured iced latte - Hazelnut - 2.75, Large Flavoured latte - Caramel - 2.85",7.80,CARD,5557081777467
10/11/2020 15:09,Amy Bouchard,"Large Flavoured hot chocolate - Vanilla - 2.90, Large Espresso - 1.80",4.70,CARD,7485425228951685
10/11/2020 15:10,Lisa Moore," Glass of milk - 0.70",.70,CASH,
10/11/2020 15:10,Helmi Koistinen," Flat white - 2.15,  Frappes - Chocolate Cookie - 2.75,  Cortado - 2.05, Regular Luxury hot chocolate - 2.40",9.35,CARD,6011186055190922
10/11/2020 15:10,Camille Mitchell,"Regular Hot chocolate - 2.20, Large Hot chocolate - 2.90, Regular Cappuccino - 2.15",7.25,CASH,
10/11/2020 15:11,Rose Ouellet," Speciality Tea - Darjeeling - 1.30,  Iced latte - 2.35, Regular Americano - 1.95,  Flat white - 2.15,  Smoothies - Glowing Greens - 2.00",9.75,CARD,5142156831356
10/11/2020 15:11,Kerim Adal," Mocha - 2.30,  Speciality Tea - Darjeeling - 1.30, Large Flavoured hot chocolate - Caramel - 2.90, Large Flavoured hot chocolate - Vanilla - 2.90",9.40,CARD,332946830828893
10/11/2020 15:12,Harper Davies,"Large Flavoured latte - Caramel - 2.85, Regular Hot chocolate - 2.20",5.05,CARD,4472729448185
10/11/2020 15:12,Aada Korpi," Flavoured iced latte - Caramel - 2.75,  Babyccino - 0.00",2.75,CASH,
10/11/2020 15:12,Ludwig Lecomte," Smoothies - Berry Beautiful - 2.00,  Smoothies - Carrot Kick - 2.00,  Speciality Tea - Green - 1.30",5.30,CARD,6011211342469068
10/11/2020 15:13,Ethan Smith," Speciality Tea - Fruit - 1.30, Large Flavoured latte - Hazelnut - 2.85, Large Latte - 2.45",6.60,CASH,
10/11/2020 15:13,Davide Aubert," Babyccino - 0.00, Large Flavoured hot chocolate - Hazelnut - 2.90, Large Flavoured latte - Vanilla - 2.85, Large Filter coffee - 1.80,  Speciality Tea - Green - 1.30",8.85,CARD,115173538448028
10/11/2020 15:14,Adelheid Klerx," Glass of milk - 0.70,  Speciality Tea - Green - 1.30",2.00,CASH,
10/11/2020 15:14,Angela Cabrera,"Large Flavoured hot chocolate - Vanilla - 2.90,  Iced latte - 2.35,  Frappes - Chocolate Cookie - 2.75,  Cortado - 2.05,  Speciality Tea - English breakfast - 1.30",11.35,CARD,0151437814139
10/11/2020 15:14,Mario Torres," Flavoured iced latte - Hazelnut - 2.75, Large Flavoured hot chocolate - Caramel - 2.90,  Flavoured iced latte - Caramel - 2.75, Large Flavoured hot chocolate - Caramel - 2.90",11.30,CARD,9071475136327470
10/11/2020 15:15,Elias Hietala," Glass of milk - 0.70,  Flavoured iced latte - Caramel - 2.75, Regular Espresso - 1.50,  Frappes - Chocolate Cookie - 2.75,  Speciality Tea - Peppermint - 1.30",9.00,CARD,056693473461819
10/11/2020 15:15,Eetu Peltola,"Large Espresso - 1.80,  Babyccino - 0.00,  Smoothies - Glowing Greens - 2.00",3.80,CASH,
10/11/2020 15:16,Amelie Habte,"Large Espresso - 1.80, Regular Flavoured latte - Caramel - 2.55,  Speciality Tea - English breakfast - 1.30",5.65,CARD,2280739788158
10/11/2020 15:16,Friedhelm Martens," Speciality Tea - English breakfast - 1.30",1.30,CARD,260558750888372
10/11/2020 15:17,Lauren Howell," Speciality Tea - Camomile - 1.30",1.30,CARD,452808135227228
10/11/2020 15:17,Evelyn Elliott,"Large Flavoured latte - Caramel - 2.85,  Speciality Tea - Darjeeling - 1.30,  Flat white - 2.15",6.30,CARD,6628599022503305
10/11/2020 15:17,Afet Egeli," Speciality Tea - Earl Grey - 1.30",1.30,CARD,464389332059996
10/11/2020 15:18,Guy Wood,"Large Flavoured latte - Gingerbread - 2.85, Large Latte - 2.45",5.30,CARD,8661204193268407
10/11/2020 15:18,Bessie Sanders,"Regular Flavoured hot chocolate - Vanilla - 2.60,  Speciality Tea - Green - 1.30,  Glass of milk - 0.70,  Red label tea - 1.20",5.80,CARD,6011382557837203
10/11/2020 15:19,Bruno Leber,"Large Americano - 2.25,  Frappes - Strawberries & Cream - 2.75",5.00,CASH,
10/11/2020 15:19,Christy Beck," Speciality Tea - Camomile - 1.30, Large Flavoured hot chocolate - Vanilla - 2.90,  Hot chocolate - 1.40, Large Cappuccino - 2.45",8.05,CASH,
10/11/2020 15:19,Milja Niskanen," Glass of milk - 0.70",.70,CASH,
10/11/2020 15:20,Louise Moreau,"Large Flavoured latte - Hazelnut - 2.85,  Flavoured iced latte - Vanilla - 2.75, Large Flavoured hot chocolate - Hazelnut - 2.90,  Smoothies - Carrot Kick - 2.00, Large Filter coffee - 1.80",12.30,CASH,
10/11/2020 15:20,Mason Patel," Smoothies - Carrot Kick - 2.00, Large Americano - 2.25",4.25,CARD,6011188039760719
10/11/2020 15:21,Kaltoum Jorissen," Red label tea - 1.20,  Speciality Tea - Darjeeling - 1.30",2.50,CASH,
10/11/2020 15:21,Sasha Morel," Frappes - Strawberries & Cream - 2.75",2.75,CARD,990981677527568
10/11/2020 15:21,Baptiste Roger," Flat white - 2.15, Large Flavoured hot chocolate - Caramel - 2.90",5.05,CARD,7574536377480
10/11/2020 15:22,Hunter Bergeron," Flavoured iced latte - Caramel - 2.75, Regular Latte - 2.15, Regular Flavoured latte - Caramel - 2.55,  Flat white - 2.15, Regular Filter coffee - 1.50",11.10,CASH,
10/11/2020 15:22,Darrell Barnett,"Regular Filter coffee - 1.50,  Iced latte - 2.35",3.85,CASH,
10/11/2020 15:23,Alice Roy,"Large Flavoured latte - Caramel - 2.85, Regular Americano - 1.95",4.80,CASH,
10/11/2020 15:23,Rebeca Rodrigues," Speciality Tea - Darjeeling - 1.30,  Speciality Tea - Green - 1.30",2.60,CASH,
10/11/2020 15:23,Jake Wang,"Large Flavoured hot chocolate - Hazelnut - 2.90, Large Chai latte - 2.60, Regular Flavoured hot chocolate - Vanilla - 2.60",8.10,CASH,
10/11/2020 15:24,Eliza Fletcher," Smoothies - Glowing Greens - 2.00, Regular Espresso - 1.50,  Speciality Tea - Earl Grey - 1.30,  Flavoured iced latte - Vanilla - 2.75",7.55,CARD,7526924168455553
10/11/2020 15:24,Augustin Fontai," Frappes - Chocolate Cookie - 2.75, Large Chai latte - 2.60,  Hot chocolate - 1.40",6.75,CARD,6555869290078873
10/11/2020 15:25,Alessandro Marie," Frappes - Coffee - 2.75,  Mocha - 2.30,  Speciality Tea - Fruit - 1.30,  Frappes - Strawberries & Cream - 2.75, Regular Flavoured latte - Vanilla - 2.55",11.65,CARD,99854359662818
10/11/2020 15:25,Emmy Guillaume,"Regular Flavoured latte - Caramel - 2.55,  Iced latte - 2.35,  Speciality Tea - Camomile - 1.30, Regular Flavoured latte - Gingerbread - 2.55",8.75,CARD,6011445373333495
10/11/2020 15:25,Travis James,"Large Flavoured hot chocolate - Hazelnut - 2.90,  Speciality Tea - Green - 1.30, Regular Hot chocolate - 2.20",6.40,CARD,1538617821223263
10/11/2020 15:26,Arnalda Dias,"Large Flavoured latte - Caramel - 2.85, Regular Flavoured hot chocolate - Hazelnut - 2.60, Large Cappuccino - 2.45, Large Flavoured latte - Caramel - 2.85, Large Flavoured hot chocolate - Vanilla - 2.90",13.65,CARD,8356888948836802
10/11/2020 15:26,Ronja Honkala,"Large Flavoured latte - Caramel - 2.85,  Speciality Tea - English breakfast - 1.30",4.15,CASH,
10/11/2020 15:27,Alfons Riviere,"Large Flavoured hot chocolate - Vanilla - 2.90,  Smoothies - Berry Beautiful - 2.00,  Speciality Tea - Green - 1.30, Large Espresso - 1.80,  Speciality Tea - Earl Grey - 1.30",9.30,CARD,575903199763487
10/11/2020 15:27,Carolyn Barnes," Speciality Tea - Green - 1.30, Large Flavoured latte - Gingerbread - 2.85",4.15,CASH,
10/11/2020 15:27,Lena Simon," Mocha - 2.30",2.30,CASH,
10/11/2020 15:28,Dana Lewis,"Large Hot chocolate - 2.90",2.90,CARD,05434851214187669
10/11/2020 15:28,Kasper Kalm," Speciality Tea - Fruit - 1.30,  Glass of milk - 0.70,  Smoothies - Glowing Greens - 2.00",4.00,CARD,6011435867598269
10/11/2020 15:29,Gerald Wright," Glass of milk - 0.70, Large Luxury hot chocolate - 2.70,  Red label tea - 1.20,  Flavoured iced latte - Caramel - 2.75,  Cortado - 2.05",9.40,CARD,7652394316463
10/11/2020 15:29,Sander Andersen,"Large Espresso - 1.80, Regular Flavoured latte - Caramel - 2.55,  Speciality Tea - Peppermint - 1.30",5.65,CARD,0164467457931
10/11/2020 15:29,Philippe Park,"Large Flavoured latte - Caramel - 2.85,  Speciality Tea - English breakfast - 1.30, Regular Flavoured latte - Vanilla - 2.55",6.70,CARD,1628739448245451
10/11/2020 15:30,Henrik Hystad," Speciality Tea - Camomile - 1.30,  Hot chocolate - 1.40",2.70,CARD,6011099952119043
10/11/2020 15:30,Sofia Pedersen," Speciality Tea - Camomile - 1.30",1.30,CARD,4287237805330012
10/11/2020 15:31,Craig Bailey,"Regular Flavoured latte - Caramel - 2.55,  Speciality Tea - Earl Grey - 1.30, Large Americano - 2.25",6.10,CARD,25816993278119329
10/11/2020 15:31,Reimer Bohlen," Smoothies - Glowing Greens - 2.00, Regular Americano - 1.95",3.95,CASH,
10/11/2020 15:31,Milos Fromme," Flat white - 2.15, Large Hot chocolate - 2.90,  Frappes - Chocolate Cookie - 2.75,  Flat white - 2.15,  Frappes - Coffee - 2.75",12.70,CARD,6011079599091009
10/11/2020 15:32,Nicoline Christensen," Iced americano - 2.15,  Speciality Tea - Peppermint - 1.30,  Speciality Tea - Camomile - 1.30,  Flat white - 2.15",6.90,CASH,
10/11/2020 15:32,Isabella Larsen," Iced latte - 2.35, Large Flavoured hot chocolate - Vanilla - 2.90, Regular Flavoured hot chocolate - Vanilla - 2.60",7.85,CARD,6011922672040724
10/11/2020 15:33,Wiesje Coremans," Flavoured iced latte - Hazelnut - 2.75, Large Flavoured hot chocolate - Vanilla - 2.90",5.65,CARD,6011865859653045
10/11/2020 15:33,Wafaa Kruize," Babyccino - 0.00, Large Latte - 2.45",2.45,CASH,
10/11/2020 15:33,Ken Garcia,"Regular Espresso - 1.50",1.50,CARD,1921364273068
10/11/2020 15:34,Victor Thomsen,"Large Flavoured hot chocolate - Vanilla - 2.90",2.90,CASH,
10/11/2020 15:34,Fabrizio Marie," Frappes - Chocolate Cookie - 2.75, Regular Flavoured latte - Caramel - 2.55,  Frappes - Coffee - 2.75,  Smoothies - Berry Beautiful - 2.00,  Glass of milk - 0.70",10.75,CARD,3566866371057784
10/11/2020 15:35,Ingvild Omar,"Large Latte - 2.45,  Speciality Tea - Earl Grey - 1.30,  Speciality Tea - Green - 1.30,  Babyccino - 0.00, Large Filter coffee - 1.80",6.85,CARD,0412479709447
10/11/2020 15:35,Konstantin Weyer,"Large Americano - 2.25",2.25,CASH,
10/11/2020 15:35,Ava Mackay,"Regular Flavoured latte - Vanilla - 2.55,  Speciality Tea - Fruit - 1.30,  Frappes - Strawberries & Cream - 2.75, Regular Cappuccino - 2.15",8.75,CASH,
10/11/2020 15:36,Eloida Almeida,"Regular Cappuccino - 2.15,  Iced latte - 2.35,  Frappes - Strawberries & Cream - 2.75, Large Hot chocolate - 2.90,  Speciality Tea - Earl Grey - 1.30",11.45,CARD,004823118497421
10/11/2020 15:36,Waltraut Lucas," Speciality Tea - Darjeeling - 1.30, Regular Cappuccino - 2.15",3.45,CARD,6011844588946501
10/11/2020 15:37,Earl Reid," Flavoured iced latte - Vanilla - 2.75,  Smoothies - Berry Beautiful - 2.00",4.75,CARD,6011100752113469
10/11/2020 15:37,Andre Cruz," Speciality Tea - Peppermint - 1.30, Regular Luxury hot chocolate - 2.40,  Mocha - 2.30,  Smoothies - Berry Beautiful - 2.00",8.00,CARD,9166610038688
10/11/2020 15:37,Elena Philippe," Flavoured iced latte - Caramel - 2.75, Regular Chai latte - 2.30",5.05,CARD,802388809932524
10/11/2020 15:38,Marvin Simpson,"Regular Flavoured latte - Hazelnut - 2.55",2.55,CARD,6011556616937561
10/11/2020 15:38,Isabella Nielsen," Glass of milk - 0.70",.70,CARD,919223683562585
10/11/2020 15:39,Irmtraut Steinbrecher," Speciality Tea - Earl Grey - 1.30,  Speciality Tea - Green - 1.30, Regular Luxury hot chocolate - 2.40,  Smoothies - Glowing Greens - 2.00, Regular Flavoured latte - Vanilla - 2.55",9.55,CARD,9737465082047564
10/11/2020 15:39,Anielo Almeida," Flavoured iced latte - Hazelnut - 2.75, Large Filter coffee - 1.80, Large Chai latte - 2.60,  Smoothies - Carrot Kick - 2.00, Regular Flavoured latte - Hazelnut - 2.55",11.70,CASH,
10/11/2020 15:39,Tobias Larsen," Iced latte - 2.35, Large Cappuccino - 2.45",4.80,CARD,9344992788490995
10/11/2020 15:40,Ekkehart Bohne,"Large Cappuccino - 2.45, Regular Cappuccino - 2.15,  Iced latte - 2.35, Regular Latte - 2.15, Regular Flavoured latte - Caramel - 2.55",11.65,CASH,
10/11/2020 15:40,Alexis Clark," Frappes - Coffee - 2.75, Large Chai latte - 2.60, Large Americano - 2.25,  Glass of milk - 0.70, Regular Latte - 2.15",10.45,CARD,0184124676433120
10/11/2020 15:41,Ritthy Shaw," Iced americano - 2.15",2.15,CARD,9602136882774931
10/11/2020 15:41,Vincenza Lemoine," Smoothies - Berry Beautiful - 2.00, Large Chai latte - 2.60,  Smoothies - Glowing Greens - 2.00,  Iced americano - 2.15,  Speciality Tea - Darjeeling - 1.30",10.05,CARD,5695919122902
10/11/2020 15:41,Tracey Davidson," Flat white - 2.15,  Flat white - 2.15, Regular Cappuccino - 2.15",6.45,CASH,
10/11/2020 15:42,Janice Simmmons," Frappes - Chocolate Cookie - 2.75,  Flat white - 2.15,  Iced latte - 2.35",7.25,CARD,487887268056758
10/11/2020 15:42,Alexis Jackson," Speciality Tea - Fruit - 1.30, Large Flavoured latte - Vanilla - 2.85",4.15,CASH,
10/11/2020 15:43,Carter Lawrence,"Large Flavoured hot chocolate - Vanilla - 2.90,  Smoothies - Berry Beautiful - 2.00,  Speciality Tea - Fruit - 1.30,  Flavoured iced latte - Vanilla - 2.75",8.95,CARD,6308421912404782
10/11/2020 15:43,Kristupas Fagerli,"Regular Flavoured latte - Hazelnut - 2.55,  Iced americano - 2.15,  Iced latte - 2.35,  Speciality Tea - Earl Grey - 1.30, Regular Latte - 2.15",10.50,CARD,3393461613157
10/11/2020 15:43,Hannah Watts,"Regular Flavoured latte - Caramel - 2.55, Large Flavoured latte - Gingerbread - 2.85, Regular Cappuccino - 2.15, Large Hot chocolate - 2.90",10.45,CASH,
10/11/2020 15:44,Lison Martin,"Large Americano - 2.25,  Iced americano - 2.15, Regular Americano - 1.95,  Frappes - Strawberries & Cream - 2.75",9.10,CARD,3317911283178594
10/11/2020 15:44,Anea Granheim," Flat white - 2.15,  Speciality Tea - English breakfast - 1.30,  Iced latte - 2.35, Large Luxury hot chocolate - 2.70",8.50,CARD,42148501708815
10/11/2020 15:45,Scott Dunn," Speciality Tea - English breakfast - 1.30, Large Cappuccino - 2.45, Large Espresso - 1.80, Regular Chai latte - 2.30",7.85,CARD,3719624148306830
10/11/2020 15:45,Tracy Washington," Cortado - 2.05,  Frappes - Coffee - 2.75,  Speciality Tea - Earl Grey - 1.30, Large Espresso - 1.80,  Smoothies - Berry Beautiful - 2.00",9.90,CARD,6011537383484426
10/11/2020 15:46,Rafael Herrero," Speciality Tea - Darjeeling - 1.30,  Hot chocolate - 1.40",2.70,CARD,6011124325273307
10/11/2020 15:46,Andy Lehmann," Flavoured iced latte - Vanilla - 2.75, Large Latte - 2.45, Regular Flavoured hot chocolate - Vanilla - 2.60,  Smoothies - Carrot Kick - 2.00, Large Flavoured latte - Caramel - 2.85",12.65,CARD,6011652375308856
10/11/2020 15:46,Josefina Romero," Iced americano - 2.15, Large Flavoured latte - Vanilla - 2.85, Large Americano - 2.25, Large Cappuccino - 2.45,  Flavoured iced latte - Vanilla - 2.75",12.45,CASH,
10/11/2020 15:47,Ilyass Lutters," Babyccino - 0.00,  Hot chocolate - 1.40, Large Cappuccino - 2.45, Regular Flavoured latte - Caramel - 2.55, Large Espresso - 1.80",8.20,CARD,9178208334963
10/11/2020 15:47,Adam Caron," Speciality Tea - Earl Grey - 1.30,  Speciality Tea - Fruit - 1.30",2.60,CARD,6011455949381214
10/11/2020 15:48,Alfred Johansen," Speciality Tea - Camomile - 1.30,  Glass of milk - 0.70",2.00,CARD,4843970532390499
10/11/2020 15:48,Alma Olsen,"Large Flavoured latte - Caramel - 2.85",2.85,CASH,
10/11/2020 15:48,Selmer Opdahl,"Large Chai latte - 2.60",2.60,CARD,8982499752368407
10/11/2020 15:49,Rebecca Simmmons," Smoothies - Berry Beautiful - 2.00,  Frappes - Chocolate Cookie - 2.75",4.75,CASH,
10/11/2020 15:49,Christian Moreno," Iced latte - 2.35, Large Flavoured hot chocolate - Caramel - 2.90, Large Chai latte - 2.60",7.85,CARD,6011918349449458
10/11/2020 15:50,Denil Rodrigues," Red label tea - 1.20, Large Flavoured hot chocolate - Caramel - 2.90, Regular Luxury hot chocolate - 2.40",6.50,CASH,
10/11/2020 15:50,Mitchell Franklin,"Large Flavoured latte - Vanilla - 2.85, Regular Americano - 1.95",4.80,CASH,
10/11/2020 15:50,Maida Backe," Speciality Tea - Darjeeling - 1.30,  Glass of milk - 0.70,  Glass of milk - 0.70,  Glass of milk - 0.70, Regular Cappuccino - 2.15",5.55,CARD,6011122753091086
10/11/2020 15:51,Everett Brooks," Flat white - 2.15, Regular Latte - 2.15",4.30,CASH,
10/11/2020 15:51,Ariana King," Flat white - 2.15",2.15,CARD,9165400328586
10/11/2020 15:52,Sesinando Pires,"Regular Cappuccino - 2.15,  Mocha - 2.30, Large Cappuccino - 2.45,  Speciality Tea - Green - 1.30",8.20,CARD,6011929057189111
10/11/2020 15:52,Alicia Suarez,"Regular Latte - 2.15",2.15,CASH,
10/11/2020 15:52,Quintin Kolijn," Speciality Tea - Fruit - 1.30,  Red label tea - 1.20",2.50,CASH,
10/11/2020 15:53,Karsten Hollund," Babyccino - 0.00,  Mocha - 2.30,  Iced americano - 2.15",4.45,CASH,
10/11/2020 15:53,Dale Kuhn,"Large Flavoured latte - Hazelnut - 2.85,  Speciality Tea - Darjeeling - 1.30, Large Flavoured hot chocolate - Caramel - 2.90,  Flat white - 2.15,  Flavoured iced latte - Hazelnut - 2.75",11.95,CARD,6690105347874
10/11/2020 15:54,Theodore Wang," Red label tea - 1.20,  Glass of milk - 0.70,  Babyccino - 0.00, Regular Americano - 1.95",3.85,CARD,5472188121516204
10/11/2020 15:54,Lori Reed," Speciality Tea - Darjeeling - 1.30, Regular Cappuccino - 2.15",3.45,CARD,5681818297607326
10/11/2020 15:54,Lilly King,"Regular Chai latte - 2.30, Large Cappuccino - 2.45, Regular Cappuccino - 2.15",6.90,CARD,6011206654646626
10/11/2020 15:55,Sebastian Marin,"Large Flavoured latte - Gingerbread - 2.85,  Babyccino - 0.00,  Flat white - 2.15,  Smoothies - Berry Beautiful - 2.00",7.00,CASH,
10/11/2020 15:55,Rodrigo Medina,"Regular Flavoured latte - Vanilla - 2.55, Large Filter coffee - 1.80, Large Flavoured latte - Caramel - 2.85,  Smoothies - Berry Beautiful - 2.00,  Smoothies - Carrot Kick - 2.00",11.20,CARD,63674638441692925
10/11/2020 15:56,Jordi Castillo,"Large Flavoured latte - Hazelnut - 2.85,  Speciality Tea - Darjeeling - 1.30,  Speciality Tea - Peppermint - 1.30",5.45,CARD,4681337832639585
10/11/2020 15:56,Earl Flores," Iced latte - 2.35",2.35,CASH,
10/11/2020 15:56,Linda Morales," Speciality Tea - English breakfast - 1.30,  Speciality Tea - Darjeeling - 1.30, Regular Cappuccino - 2.15,  Speciality Tea - Green - 1.30",6.05,CARD,7669243318969
10/11/2020 15:57,Gaspar Carvalho," Speciality Tea - English breakfast - 1.30",1.30,CASH,
10/11/2020 15:57,Leana Deschamps," Babyccino - 0.00,  Iced americano - 2.15, Large Cappuccino - 2.45,  Flavoured iced latte - Caramel - 2.75,  Speciality Tea - Darjeeling - 1.30",8.65,CASH,
10/11/2020 15:58,Juliette Clark," Babyccino - 0.00, Large Cappuccino - 2.45, Large Flavoured hot chocolate - Caramel - 2.90,  Flat white - 2.15,  Speciality Tea - Earl Grey - 1.30",8.80,CASH,
10/11/2020 15:58,Marine Gautier," Red label tea - 1.20,  Iced americano - 2.15",3.35,CARD,1426477646420
10/11/2020 15:58,Thomas Chu," Red label tea - 1.20, Regular Filter coffee - 1.50, Regular Flavoured hot chocolate - Hazelnut - 2.60,  Speciality Tea - Darjeeling - 1.30",6.60,CARD,8794311089916590
10/11/2020 15:59,Erik Ortiz," Speciality Tea - Green - 1.30,  Iced americano - 2.15,  Mocha - 2.30,  Flavoured iced latte - Caramel - 2.75,  Speciality Tea - English breakfast - 1.30",9.80,CASH,
10/11/2020 15:59,Tracy Silva,"Large Hot chocolate - 2.90,  Flavoured iced latte - Hazelnut - 2.75",5.65,CASH,
10/11/2020 16:00,Maxine Knight," Speciality Tea - Fruit - 1.30, Regular Flavoured latte - Hazelnut - 2.55,  Speciality Tea - Peppermint - 1.30",5.15,CASH,
10/11/2020 16:02,Martin Diaz," Smoothies - Berry Beautiful - 2.00, Regular Flavoured latte - Hazelnut - 2.55, Regular Flavoured hot chocolate - Vanilla - 2.60,  Iced latte - 2.35, Regular Flavoured hot chocolate - Caramel - 2.60",12.10,CARD,96850197090566255
10/11/2020 16:03,Sanni Hatala," Smoothies - Glowing Greens - 2.00,  Smoothies - Berry Beautiful - 2.00",4.00,CASH,
10/11/2020 16:05,Jimi Pietila,"Regular Flavoured latte - Caramel - 2.55,  Flavoured iced latte - Caramel - 2.75,  Speciality Tea - Darjeeling - 1.30",6.60,CARD,8282091306596197
10/11/2020 16:07,Barbara Miller," Flavoured iced latte - Caramel - 2.75,  Frappes - Strawberries & Cream - 2.75, Large Flavoured latte - Gingerbread - 2.85,  Speciality Tea - English breakfast - 1.30,  Flat white - 2.15",11.80,CARD,6011441535503197
10/11/2020 16:09,Simen Harlaar,"Regular Flavoured latte - Caramel - 2.55,  Flavoured iced latte - Caramel - 2.75, Large Flavoured hot chocolate - Vanilla - 2.90",8.20,CARD,8073943701112
10/11/2020 16:11,Sieglinde Thaler," Smoothies - Berry Beautiful - 2.00,  Glass of milk - 0.70,  Iced americano - 2.15",4.85,CARD,4651647528385589
10/11/2020 16:13,Daniel Andrews," Frappes - Chocolate Cookie - 2.75,  Frappes - Strawberries & Cream - 2.75, Large Chai latte - 2.60",8.10,CARD,4818035571774197
10/11/2020 16:15,Shawn Craig," Smoothies - Glowing Greens - 2.00,  Speciality Tea - Darjeeling - 1.30, Large Flavoured latte - Hazelnut - 2.85, Regular Latte - 2.15",8.30,CARD,08443565400673632
10/11/2020 16:17,Mitchell Phillips," Smoothies - Carrot Kick - 2.00,  Flat white - 2.15",4.15,CARD,6011423403356330
10/11/2020 16:19,Louise Fletcher,"Regular Flavoured hot chocolate - Caramel - 2.60,  Cortado - 2.05,  Speciality Tea - Fruit - 1.30",5.95,CASH,
10/11/2020 16:21,Ruben Gaillard," Speciality Tea - English breakfast - 1.30,  Cortado - 2.05,  Speciality Tea - Earl Grey - 1.30,  Speciality Tea - Darjeeling - 1.30",5.95,CARD,4080548425467
10/11/2020 16:23,Olga Fernandez,"Regular Flavoured latte - Caramel - 2.55,  Speciality Tea - Peppermint - 1.30,  Iced latte - 2.35,  Flavoured iced latte - Hazelnut - 2.75",8.95,CARD,2546331930720032
10/11/2020 16:25,Philip Johansen,"Large Flavoured latte - Vanilla - 2.85,  Hot chocolate - 1.40",4.25,CARD,4092299322328819
10/11/2020 16:27,Leonard Murphy,"Large Flavoured latte - Caramel - 2.85,  Flat white - 2.15, Regular Flavoured hot chocolate - Vanilla - 2.60",7.60,CARD,6077680070746386
10/11/2020 16:29,Judith Dean," Speciality Tea - Fruit - 1.30",1.30,CARD,279825615512264
10/11/2020 16:31,Hector Vidal,"Large Latte - 2.45,  Cortado - 2.05,  Speciality Tea - Darjeeling - 1.30, Regular Chai latte - 2.30,  Frappes - Strawberries & Cream - 2.75",10.85,CARD,6011072419599206
10/11/2020 16:33,Wiebke Rink," Speciality Tea - Green - 1.30",1.30,CARD,0487335569610216
10/11/2020 16:34,Mestan Kuzucu," Frappes - Chocolate Cookie - 2.75, Regular Luxury hot chocolate - 2.40, Regular Americano - 1.95, Large Flavoured latte - Hazelnut - 2.85",9.95,CASH,
10/11/2020 16:36,Stephanie Lee," Speciality Tea - Darjeeling - 1.30",1.30,CASH,
10/11/2020 16:38,Jeremiah Watts,"Large Flavoured latte - Hazelnut - 2.85,  Iced americano - 2.15",5.00,CASH,
10/11/2020 16:40,Josef Vasquez," Speciality Tea - Peppermint - 1.30,  Frappes - Coffee - 2.75",4.05,CASH,
10/11/2020 16:42,Tiago Dufour," Flat white - 2.15,  Speciality Tea - English breakfast - 1.30,  Smoothies - Carrot Kick - 2.00,  Glass of milk - 0.70",6.15,CARD,6011722962133690
10/11/2020 16:44,Amber Howard,"Regular Filter coffee - 1.50,  Red label tea - 1.20, Regular Flavoured latte - Gingerbread - 2.55",5.25,CASH,
10/11/2020 16:46,Bernice Romero," Speciality Tea - English breakfast - 1.30",1.30,CARD,1667807525178792
10/11/2020 16:48,Aubin Legrand," Iced latte - 2.35",2.35,CASH,
10/11/2020 16:50,Susanne Burns," Cortado - 2.05,  Speciality Tea - Green - 1.30, Large Cappuccino - 2.45",5.80,CASH,
10/11/2020 16:52,Charlotte Taylor," Iced americano - 2.15,  Smoothies - Berry Beautiful - 2.00, Regular Hot chocolate - 2.20,  Speciality Tea - English breakfast - 1.30",7.65,CARD,2531043142602020
10/11/2020 16:54,Frances Gibson,"Regular Luxury hot chocolate - 2.40,  Speciality Tea - Darjeeling - 1.30,  Flat white - 2.15, Regular Latte - 2.15",8.00,CARD,3100033613808112
10/11/2020 16:56,Jules Thomas,"Regular Latte - 2.15, Regular Americano - 1.95, Regular Americano - 1.95,  Glass of milk - 0.70,  Red label tea - 1.20",7.95,CARD,3739136558711
10/11/2020 16:58,Iolanda Novaes," Glass of milk - 0.70, Large Flavoured latte - Caramel - 2.85,  Flat white - 2.15",5.70,CARD,6011991782091497
