05/11/2020 08:14,Chesterfield,Elaine Price," Flat white - 2.15, Large Filter coffee - 1.80",3.95,CARD,6011256329859997
05/11/2020 08:15,Chesterfield,Edward Littlefield," Iced americano - 2.15, Regular Filter coffee - 1.50",3.65,CASH,
05/11/2020 08:17,Chesterfield,Mary Dudley,"Large Flavoured latte - Caramel - 2.85, Large Flavoured latte - Caramel - 2.85",5.70,CARD,6011812977218538
05/11/2020 08:19,Chesterfield,Scott Dekany,"Large Chai latte - 2.60,  Flavoured iced latte - Caramel - 2.75,  Babyccino - 0.00,  Speciality Tea - English breakfast - 1.30",6.65,CASH,
05/11/2020 08:21,Chesterfield,Marian Edwards," Speciality Tea - Earl Grey - 1.30, Large Flavoured latte - Caramel - 2.85,  Babyccino - 0.00, Regular Cappuccino - 2.15",6.30,CARD,5494982454921637
05/11/2020 08:22,Chesterfield,James Mcguire, Babyccino - 0.00,0.00,CARD,5468648462257783
05/11/2020 08:24,Chesterfield,Lisa Jones," Flavoured iced latte - Hazelnut - 2.75, Regular Espresso - 1.50,  Smoothies - Glowing Greens - 2.00,  Flavoured iced latte - Hazelnut - 2.75",9.00,CASH,
05/11/2020 08:26,Chesterfield,Edna Lee,Large Hot chocolate - 2.90,2.90,CARD,4249862393146
05/11/2020 08:28,Chesterfield,Andrew Davis," Flavoured iced latte - Hazelnut - 2.75, Large Chai latte - 2.60",5.35,CARD,4933416695946
05/11/2020 08:29,Chesterfield,Gerry Bradstreet,"Large Americano - 2.25,  Frappes - Coffee - 2.75,  Mocha - 2.30,  Speciality Tea - Fruit - 1.30",8.60,CARD,344824586248419
05/11/2020 08:31,Chesterfield,Jacqueline Smith,"Large Americano - 2.25,  Flavoured iced latte - Hazelnut - 2.75,  Speciality Tea - Darjeeling - 1.30, Large Flavoured hot chocolate - Hazelnut - 2.90, Regular Flavoured latte - Hazelnut - 2.55",11.75,CARD,4842787838347645
05/11/2020 08:33,Chesterfield,Richard Cook," Speciality Tea - Camomile - 1.30,  Frappes - Strawberries & Cream - 2.75,  Cortado - 2.05, Large Chai latte - 2.60",8.70,CARD,4915391315824978
05/11/2020 08:35,Chesterfield,Pamela Hoffman,"Regular Americano - 1.95,  Flavoured iced latte - Hazelnut - 2.75,  Smoothies - Glowing Greens - 2.00,  Glass of milk - 0.70",7.40,CARD,54354337565653110
05/11/2020 08:36,Chesterfield,Mary Williams," Iced latte - 2.35,  Flat white - 2.15,  Iced americano - 2.15",6.65,CARD,5559131131227214
05/11/2020 08:38,Chesterfield,George Mckee," Hot Chocolate - 1.40, Large Latte - 2.45,  Flat white - 2.15, Large Chai latte - 2.60,  Flavoured iced latte - Hazelnut - 2.75",11.35,CARD,4753488882531
05/11/2020 08:40,Chesterfield,Joshua Rose, Speciality Tea - Green - 1.30,1.30,CARD,376629585245659
05/11/2020 08:42,Chesterfield,John Haney," Frappes - Coffee - 2.75,  Mocha - 2.30,  Flat white - 2.15",7.20,CASH,
05/11/2020 08:43,Chesterfield,Robert Mcmahon," Glass of milk - 0.70,  Speciality Tea - Peppermint - 1.30,  Flat white - 2.15,  Speciality Tea - Peppermint - 1.30,  Flavoured iced latte - Hazelnut - 2.75",8.20,CARD,4652325293755
05/11/2020 08:45,Chesterfield,Mark Mclean," Flavoured iced latte - Vanilla - 2.75,  Cortado - 2.05,  Glass of milk - 0.70, Large Cappuccino - 2.45",7.95,CASH,
05/11/2020 08:47,Chesterfield,Anita Wallach," Frappes - Strawberries & Cream - 2.75,  Mocha - 2.30,  Frappes - Coffee - 2.75,  Flavoured iced latte - Caramel - 2.75,  Cortado - 2.05",12.60,CARD,5527942969637434
05/11/2020 08:49,Chesterfield,Pauline Mouton, Speciality Tea - Earl Grey - 1.30,1.30,CASH,
05/11/2020 08:50,Chesterfield,James Luallen," Glass of milk - 0.70,  Hot Chocolate - 1.40, Large Hot chocolate - 2.90, Large Flavoured latte - Vanilla - 2.85",7.85,CARD,6011881695259447
05/11/2020 08:52,Chesterfield,Maurice Brumit,"Large Luxury hot chocolate - 2.70, Large Flavoured latte - Gingerbread - 2.85,  Speciality Tea - Green - 1.30,  Flavoured iced latte - Vanilla - 2.75",9.60,CARD,372695861946223
05/11/2020 08:54,Chesterfield,Melissa Rodriguez," Flat white - 2.15,  Speciality Tea - Fruit - 1.30,  Speciality Tea - English breakfast - 1.30,  Speciality Tea - Camomile - 1.30",6.05,CARD,5521753836833726
05/11/2020 08:56,Chesterfield,Mikki Walker,"Large Flavoured latte - Gingerbread - 2.85,  Speciality Tea - Peppermint - 1.30, Large Flavoured hot chocolate - Hazelnut - 2.90,  Speciality Tea - Peppermint - 1.30",8.35,CARD,6011644989145973
05/11/2020 08:57,Chesterfield,Dean Gove,"Large Filter coffee - 1.80, Regular Flavoured hot chocolate - Vanilla - 2.60, Large Cappuccino - 2.45,  Speciality Tea - Camomile - 1.30,  Frappes - Strawberries & Cream - 2.75",10.90,CARD,5496369472733814
05/11/2020 08:59,Chesterfield,Jacqueline Boyd," Hot Chocolate - 1.40,  Smoothies - Berry Beautiful - 2.00,  Flavoured iced latte - Caramel - 2.75",6.15,CARD,6011419646847893
05/11/2020 09:01,Chesterfield,Robert Nickerson," Frappes - Chocolate Cookie - 2.75,  Flavoured iced latte - Caramel - 2.75, Large Flavoured latte - Vanilla - 2.85,  Smoothies - Glowing Greens - 2.00, Large Flavoured hot chocolate - Hazelnut - 2.90",13.25,CARD,379246557241249
05/11/2020 09:03,Chesterfield,Alex Surber," Flavoured iced latte - Vanilla - 2.75, Large Hot chocolate - 2.90,  Cortado - 2.05",7.70,CASH,
05/11/2020 09:04,Chesterfield,Bridgett Morris, Flavoured iced latte - Vanilla - 2.75,2.75,CASH,
05/11/2020 09:06,Chesterfield,Gillian Tedeschi, Red Label tea - 1.20,1.20,CARD,379926167566982
05/11/2020 09:08,Chesterfield,Ruth Johnson," Red Label tea - 1.20,  Speciality Tea - Green - 1.30, Large Flavoured latte - Vanilla - 2.85",5.35,CARD,6011572872124278
05/11/2020 09:10,Chesterfield,Susan Vazquez,"Large Hot chocolate - 2.90,  Cortado - 2.05,  Flat white - 2.15",7.10,CARD,4787818165779
05/11/2020 09:12,Chesterfield,Jane Lobe," Speciality Tea - Green - 1.30, Large Flavoured latte - Hazelnut - 2.85",4.15,CASH,
05/11/2020 09:13,Chesterfield,Gary Zurcher, Speciality Tea - Peppermint - 1.30,1.30,CASH,
05/11/2020 09:15,Chesterfield,Marguerite Jones, Speciality Tea - Darjeeling - 1.30,1.30,CASH,
05/11/2020 09:17,Chesterfield,Lynne Shook," Smoothies - Carrot Kick - 2.00, Large Flavoured latte - Gingerbread - 2.85,  Speciality Tea - Fruit - 1.30",6.15,CARD,5349614381564662
05/11/2020 09:19,Chesterfield,Daniel Valliere,Regular Filter coffee - 1.50,1.50,CARD,6011963385738896
05/11/2020 09:20,Chesterfield,Christina Elwood," Speciality Tea - Peppermint - 1.30,  Babyccino - 0.00,  Mocha - 2.30, Large Flavoured latte - Caramel - 2.85",6.45,CASH,
05/11/2020 09:22,Chesterfield,Carolyn Talbot," Speciality Tea - Earl Grey - 1.30, Large Hot chocolate - 2.90,  Hot Chocolate - 1.40",5.60,CARD,6011225375456446
05/11/2020 09:24,Chesterfield,Jason Jackson," Red Label tea - 1.20,  Flat white - 2.15,  Flavoured iced latte - Caramel - 2.75",6.10,CASH,
05/11/2020 09:26,Chesterfield,Margarita Buchanan," Smoothies - Berry Beautiful - 2.00,  Mocha - 2.30, Large Flavoured hot chocolate - Hazelnut - 2.90,  Flat white - 2.15",9.35,CARD,5221351986179611
05/11/2020 09:27,Chesterfield,Gladys Maybury," Frappes - Coffee - 2.75, Large Flavoured latte - Hazelnut - 2.85, Large Latte - 2.45,  Babyccino - 0.00",8.05,CASH,
05/11/2020 09:29,Chesterfield,Edna Copley,"Large Flavoured latte - Gingerbread - 2.85,  Smoothies - Berry Beautiful - 2.00,  Flat white - 2.15,  Hot Chocolate - 1.40",8.40,CASH,
05/11/2020 09:31,Chesterfield,Dawn Emanuel,"Large Flavoured latte - Gingerbread - 2.85,  Hot Chocolate - 1.40,  Flavoured iced latte - Hazelnut - 2.75, Large Flavoured latte - Vanilla - 2.85, Regular Flavoured latte - Caramel - 2.55",12.40,CASH,
05/11/2020 09:33,Chesterfield,William Cunningham, Flat white - 2.15,2.15,CARD,359429167566122
05/11/2020 09:34,Chesterfield,Margaret Harrison," Frappes - Chocolate Cookie - 2.75, Large Hot chocolate - 2.90, Large Flavoured latte - Hazelnut - 2.85",8.50,CASH,
05/11/2020 09:36,Chesterfield,Marjorie Phillips,"Large Latte - 2.45,  Iced americano - 2.15",4.60,CARD,4413274624114
05/11/2020 09:38,Chesterfield,Christopher Parker,"Regular Flavoured latte - Hazelnut - 2.55,  Glass of milk - 0.70,  Speciality Tea - Peppermint - 1.30,  Smoothies - Glowing Greens - 2.00",6.55,CARD,369283943519675
05/11/2020 09:40,Chesterfield,Steven Rozier,"Regular Flavoured latte - Vanilla - 2.55,  Babyccino - 0.00,  Speciality Tea - Green - 1.30,  Smoothies - Carrot Kick - 2.00",5.85,CARD,4249234913184618
05/11/2020 09:41,Chesterfield,Dora Nance,"Large Flavoured latte - Caramel - 2.85,  Flavoured iced latte - Caramel - 2.75,  Speciality Tea - Camomile - 1.30, Large Flavoured latte - Gingerbread - 2.85, Large Filter coffee - 1.80",11.55,CASH,
05/11/2020 09:43,Chesterfield,Leroy Sutton,"Large Flavoured hot chocolate - Caramel - 2.90,  Iced americano - 2.15",5.05,CARD,5573559427164216
05/11/2020 09:45,Chesterfield,Cory Jones," Mocha - 2.30,  Frappes - Coffee - 2.75, Large Chai latte - 2.60,  Frappes - Coffee - 2.75, Regular Flavoured hot chocolate - Caramel - 2.60",13.00,CARD,5314276979792542
05/11/2020 09:47,Chesterfield,Lester Harper,Regular Hot chocolate - 2.20,2.20,CASH,
05/11/2020 09:48,Chesterfield,Edward Cron,"Large Latte - 2.45,  Flat white - 2.15,  Babyccino - 0.00, Large Cappuccino - 2.45",7.05,CARD,4429228391238
05/11/2020 09:50,Chesterfield,Shala Christensen, Iced americano - 2.15,2.15,CASH,
05/11/2020 09:52,Chesterfield,Soledad Stahl, Speciality Tea - Green - 1.30,1.30,CASH,
05/11/2020 09:54,Chesterfield,Lisa Villareal," Flat white - 2.15, Large Hot chocolate - 2.90,  Frappes - Chocolate Cookie - 2.75,  Babyccino - 0.00, Regular Hot chocolate - 2.20",10.00,CARD,4628976548994
05/11/2020 09:55,Chesterfield,Dinah Myers,"Large Americano - 2.25, Regular Flavoured hot chocolate - Caramel - 2.60,  Flavoured iced latte - Hazelnut - 2.75, Large Cappuccino - 2.45,  Smoothies - Glowing Greens - 2.00",12.05,CARD,4659113569493387
05/11/2020 09:57,Chesterfield,Grant Cavender,Large Flavoured latte - Hazelnut - 2.85,2.85,CASH,
05/11/2020 09:59,Chesterfield,Kelley Burton," Flavoured iced latte - Vanilla - 2.75,  Mocha - 2.30,  Flat white - 2.15, Regular Latte - 2.15",9.35,CASH,
05/11/2020 10:01,Chesterfield,Charlene Koch,Regular Flavoured latte - Hazelnut - 2.55,2.55,CARD,4446288825699
05/11/2020 10:02,Chesterfield,Bonnie Rogers," Flat white - 2.15,  Speciality Tea - Green - 1.30,  Speciality Tea - Green - 1.30",4.75,CARD,6011916662629261
05/11/2020 10:03,Chesterfield,Matthew Mccormick," Iced americano - 2.15,  Speciality Tea - Camomile - 1.30,  Frappes - Strawberries & Cream - 2.75,  Speciality Tea - Fruit - 1.30",7.50,CASH,
05/11/2020 10:04,Chesterfield,Amy Funderburg," Frappes - Coffee - 2.75,  Smoothies - Carrot Kick - 2.00",4.75,CASH,
05/11/2020 10:05,Chesterfield,Janet Corry,"Large Filter coffee - 1.80, Large Flavoured latte - Hazelnut - 2.85",4.65,CARD,46577572911110
05/11/2020 10:06,Chesterfield,Grace Wilder," Speciality Tea - Peppermint - 1.30,  Flavoured iced latte - Vanilla - 2.75, Large Latte - 2.45",6.50,CARD,362559482457998
05/11/2020 10:07,Chesterfield,Mildred Robinson,"Large Flavoured hot chocolate - Vanilla - 2.90,  Flavoured iced latte - Vanilla - 2.75, Large Latte - 2.45,  Smoothies - Berry Beautiful - 2.00, Regular Flavoured latte - Vanilla - 2.55",12.65,CARD,4596841146126825
05/11/2020 10:08,Chesterfield,Michelle Bonine," Speciality Tea - Fruit - 1.30, Large Luxury hot chocolate - 2.70, Regular Filter coffee - 1.50",5.50,CASH,
05/11/2020 10:09,Chesterfield,Ernest Balderama," Red Label tea - 1.20, Large Flavoured latte - Caramel - 2.85,  Flat white - 2.15,  Mocha - 2.30",8.50,CARD,4346471396991687
05/11/2020 10:10,Chesterfield,Kenneth Vaughn," Cortado - 2.05,  Flat white - 2.15,  Flavoured iced latte - Caramel - 2.75,  Flavoured iced latte - Caramel - 2.75",9.70,CARD,4733341842775664
05/11/2020 10:11,Chesterfield,Marion Miller," Babyccino - 0.00, Regular Flavoured latte - Gingerbread - 2.55,  Speciality Tea - English breakfast - 1.30",3.85,CARD,377359779125512
05/11/2020 10:12,Chesterfield,Gregory Mccormack," Speciality Tea - Fruit - 1.30, Regular Luxury hot chocolate - 2.40,  Red Label tea - 1.20, Large Flavoured hot chocolate - Hazelnut - 2.90",7.80,CARD,5111272461117244
05/11/2020 10:13,Chesterfield,Janette Lytle, Flavoured iced latte - Caramel - 2.75,2.75,CARD,5131269556448118
05/11/2020 10:14,Chesterfield,Shawn Gutierrez, Frappes - Coffee - 2.75,2.75,CARD,346236329344736
05/11/2020 10:15,Chesterfield,Catherine Erwin," Iced americano - 2.15,  Flat white - 2.15, Regular Filter coffee - 1.50",5.80,CARD,4321525542493291
05/11/2020 10:16,Chesterfield,Nancy Mcclellan," Frappes - Chocolate Cookie - 2.75,  Flavoured iced latte - Hazelnut - 2.75,  Flat white - 2.15,  Frappes - Strawberries & Cream - 2.75",10.40,CARD,6011678528591222
05/11/2020 10:17,Chesterfield,Cynthia Todd," Flavoured iced latte - Vanilla - 2.75,  Flavoured iced latte - Hazelnut - 2.75",5.50,CASH,
05/11/2020 10:19,Chesterfield,Marie Moore," Iced latte - 2.35,  Flavoured iced latte - Hazelnut - 2.75, Large Flavoured latte - Caramel - 2.85,  Speciality Tea - Peppermint - 1.30, Large Flavoured latte - Caramel - 2.85",12.10,CARD,4843149947193
05/11/2020 10:20,Chesterfield,Maurice Johson, Mocha - 2.30,2.30,CARD,6011611554898385
05/11/2020 10:21,Chesterfield,Robin Morton, Flat white - 2.15,2.15,CASH,
05/11/2020 10:22,Chesterfield,Darrell Cruz," Flavoured iced latte - Caramel - 2.75, Large Flavoured latte - Gingerbread - 2.85, Regular Flavoured hot chocolate - Hazelnut - 2.60, Large Flavoured latte - Hazelnut - 2.85",11.05,CARD,378761986746189
05/11/2020 10:23,Chesterfield,Patsy Pearson," Smoothies - Carrot Kick - 2.00, Large Latte - 2.45",4.45,CARD,362789329631535
05/11/2020 10:24,Chesterfield,Tommy Tracey,"Large Cappuccino - 2.45, Large Chai latte - 2.60,  Smoothies - Glowing Greens - 2.00,  Flavoured iced latte - Vanilla - 2.75",9.80,CARD,4243577383815376
05/11/2020 10:25,Chesterfield,Robin Jimison," Iced americano - 2.15,  Iced americano - 2.15",4.30,CARD,4511768138464454
05/11/2020 10:26,Chesterfield,Laura Alaibilla,"Regular Flavoured hot chocolate - Vanilla - 2.60, Large Luxury hot chocolate - 2.70",5.30,CARD,4396738543536238
05/11/2020 10:27,Chesterfield,Shirley Greene,Regular Flavoured latte - Vanilla - 2.55,2.55,CARD,4916632874353
05/11/2020 10:28,Chesterfield,Kenny Facundo," Frappes - Coffee - 2.75, Large Flavoured hot chocolate - Hazelnut - 2.90,  Speciality Tea - Camomile - 1.30,  Speciality Tea - English breakfast - 1.30,  Frappes - Chocolate Cookie - 2.75",11.00,CASH,
05/11/2020 10:29,Chesterfield,Billy King,"Large Luxury hot chocolate - 2.70,  Flavoured iced latte - Vanilla - 2.75,  Speciality Tea - Peppermint - 1.30, Large Filter coffee - 1.80",8.55,CARD,45992683783510
05/11/2020 10:30,Chesterfield,James Henshaw," Glass of milk - 0.70,  Speciality Tea - Fruit - 1.30,  Cortado - 2.05",4.05,CARD,4652541387456
05/11/2020 10:31,Chesterfield,Dorothy Pellegrini," Smoothies - Glowing Greens - 2.00, Large Latte - 2.45",4.45,CARD,5164223937681541
05/11/2020 10:32,Chesterfield,Christie Love,"Large Flavoured latte - Hazelnut - 2.85,  Frappes - Strawberries & Cream - 2.75",5.60,CARD,4588252857693
05/11/2020 10:33,Chesterfield,Clifton Brown," Hot Chocolate - 1.40,  Red Label tea - 1.20,  Speciality Tea - Earl Grey - 1.30,  Frappes - Chocolate Cookie - 2.75,  Smoothies - Carrot Kick - 2.00",8.65,CARD,4151187387469384
05/11/2020 10:34,Chesterfield,Beverly Rodriguez," Babyccino - 0.00,  Flat white - 2.15,  Flavoured iced latte - Vanilla - 2.75,  Flavoured iced latte - Vanilla - 2.75,  Speciality Tea - Peppermint - 1.30",8.95,CARD,4349518595753495
05/11/2020 10:35,Chesterfield,Paul Dalton," Speciality Tea - Earl Grey - 1.30,  Iced latte - 2.35,  Babyccino - 0.00,  Mocha - 2.30",5.95,CARD,4574975657892775
05/11/2020 10:36,Chesterfield,Ernest Townsend,"Large Espresso - 1.80,  Hot Chocolate - 1.40",3.20,CARD,5334897959788113
05/11/2020 10:37,Chesterfield,Thomas Bolton," Speciality Tea - Camomile - 1.30,  Mocha - 2.30",3.60,CARD,45542969131410
05/11/2020 10:38,Chesterfield,Foster Washington," Smoothies - Glowing Greens - 2.00,  Flavoured iced latte - Hazelnut - 2.75, Large Flavoured latte - Hazelnut - 2.85",7.60,CARD,4618398666888
05/11/2020 10:40,Chesterfield,Wilbur Smith,"Large Espresso - 1.80,  Speciality Tea - Darjeeling - 1.30,  Flavoured iced latte - Vanilla - 2.75,  Flavoured iced latte - Caramel - 2.75",8.60,CARD,44828252271216210
05/11/2020 10:41,Chesterfield,James Cole," Frappes - Chocolate Cookie - 2.75, Large Cappuccino - 2.45",5.20,CASH,
05/11/2020 10:42,Chesterfield,Keith Joyner,"Large Flavoured latte - Hazelnut - 2.85, Regular Flavoured latte - Hazelnut - 2.55,  Frappes - Coffee - 2.75,  Frappes - Chocolate Cookie - 2.75,  Speciality Tea - Camomile - 1.30",12.20,CASH,
05/11/2020 10:43,Chesterfield,Mary Mcintire, Cortado - 2.05,2.05,CARD,6011419499159651
05/11/2020 10:44,Chesterfield,Robert Sims,"Large Filter coffee - 1.80, Large Flavoured latte - Hazelnut - 2.85, Large Latte - 2.45",7.10,CARD,6011833142426921
05/11/2020 10:45,Chesterfield,Michelle Simon, Flavoured iced latte - Hazelnut - 2.75,2.75,CASH,
05/11/2020 10:46,Chesterfield,Amanda Skinner, Flavoured iced latte - Vanilla - 2.75,2.75,CARD,6011711353284397
05/11/2020 10:47,Chesterfield,Derrick Jones," Hot Chocolate - 1.40,  Glass of milk - 0.70,  Iced americano - 2.15",4.25,CASH,
05/11/2020 10:48,Chesterfield,Dennis Holt," Speciality Tea - Peppermint - 1.30,  Smoothies - Glowing Greens - 2.00,  Mocha - 2.30, Large Chai latte - 2.60",8.20,CARD,4171878423164
05/11/2020 10:49,Chesterfield,Kathryn Hinerman," Iced latte - 2.35, Large Flavoured hot chocolate - Hazelnut - 2.90",5.25,CASH,
05/11/2020 10:50,Chesterfield,Claudia Berman," Flavoured iced latte - Caramel - 2.75,  Speciality Tea - Darjeeling - 1.30,  Iced latte - 2.35",6.40,CASH,
05/11/2020 10:51,Chesterfield,Mariano Richards," Flavoured iced latte - Vanilla - 2.75, Large Flavoured latte - Vanilla - 2.85, Large Filter coffee - 1.80,  Speciality Tea - Peppermint - 1.30",8.70,CARD,6011235412918928
05/11/2020 10:52,Chesterfield,Maureen Roy," Cortado - 2.05, Large Flavoured hot chocolate - Hazelnut - 2.90, Large Americano - 2.25",7.20,CASH,
05/11/2020 10:53,Chesterfield,Delaine Haigler," Smoothies - Berry Beautiful - 2.00,  Flat white - 2.15,  Flavoured iced latte - Caramel - 2.75",6.90,CARD,4842534416618751
05/11/2020 10:54,Chesterfield,Iva Schmidt,"Large Latte - 2.45, Large Americano - 2.25,  Cortado - 2.05",6.75,CARD,4798851791874351
05/11/2020 10:55,Chesterfield,Shirley Mccoy," Iced latte - 2.35, Large Flavoured latte - Hazelnut - 2.85",5.20,CARD,6011957413763579
05/11/2020 10:56,Chesterfield,Charles Lietzke, Flavoured iced latte - Hazelnut - 2.75,2.75,CARD,4534349453615252
05/11/2020 10:57,Chesterfield,Jason Morey," Flavoured iced latte - Hazelnut - 2.75, Large Flavoured hot chocolate - Vanilla - 2.90, Regular Chai latte - 2.30",7.95,CARD,4789247669874311
05/11/2020 10:58,Chesterfield,Linda Mccormick," Red Label tea - 1.20,  Smoothies - Carrot Kick - 2.00,  Speciality Tea - Earl Grey - 1.30",4.50,CASH,
05/11/2020 10:59,Chesterfield,Elizabeth Knight," Red Label tea - 1.20,  Babyccino - 0.00,  Babyccino - 0.00,  Speciality Tea - Darjeeling - 1.30",2.50,CARD,4618519651215548
05/11/2020 11:01,Chesterfield,Katherine Dardis,"Large Americano - 2.25, Regular Flavoured hot chocolate - Caramel - 2.60, Large Luxury hot chocolate - 2.70, Large Latte - 2.45",10.00,CASH,
05/11/2020 11:01,Chesterfield,Roy Jones," Speciality Tea - Darjeeling - 1.30, Large Latte - 2.45,  Iced americano - 2.15,  Mocha - 2.30",8.20,CARD,60119992253122610
05/11/2020 11:01,Chesterfield,Michael Pena,"Regular Flavoured hot chocolate - Hazelnut - 2.60,  Frappes - Coffee - 2.75, Large Flavoured hot chocolate - Hazelnut - 2.90,  Frappes - Strawberries & Cream - 2.75",11.00,CARD,54513583661879910
05/11/2020 11:02,Chesterfield,Sam Bain, Smoothies - Carrot Kick - 2.00,2.00,CARD,365597434669499
05/11/2020 11:02,Chesterfield,Robert Cervantes,"Large Flavoured latte - Gingerbread - 2.85,  Iced americano - 2.15,  Cortado - 2.05",7.05,CARD,5519256654365965
05/11/2020 11:03,Chesterfield,Amanda Martin,Regular Americano - 1.95,1.95,CARD,43536539544222510
05/11/2020 11:03,Chesterfield,Otto Payton,"Regular Hot chocolate - 2.20,  Babyccino - 0.00",2.20,CARD,6011965563166386
05/11/2020 11:04,Chesterfield,Amber Hoang,"Large Luxury hot chocolate - 2.70,  Speciality Tea - Earl Grey - 1.30, Large Americano - 2.25, Large Flavoured hot chocolate - Caramel - 2.90, Large Latte - 2.45",11.60,CASH,
05/11/2020 11:04,Chesterfield,Vincent Arroyo," Speciality Tea - Green - 1.30,  Flavoured iced latte - Vanilla - 2.75",4.05,CARD,4583529274212179
05/11/2020 11:05,Chesterfield,Charles Laubhan," Glass of milk - 0.70,  Smoothies - Carrot Kick - 2.00,  Flavoured iced latte - Vanilla - 2.75",5.45,CASH,
05/11/2020 11:05,Chesterfield,Michael Cooper,"Large Flavoured latte - Gingerbread - 2.85, Regular Filter coffee - 1.50",4.35,CARD,4474597521869382
05/11/2020 11:06,Chesterfield,Michael Turner," Speciality Tea - Green - 1.30,  Frappes - Coffee - 2.75",4.05,CARD,6011545738672789
05/11/2020 11:06,Chesterfield,Nancy Cunningham," Speciality Tea - Green - 1.30,  Flat white - 2.15",3.45,CASH,
05/11/2020 11:07,Chesterfield,Raymond Morgan,Large Americano - 2.25,2.25,CASH,
05/11/2020 11:07,Chesterfield,Lisa Newberry,"Large Flavoured latte - Caramel - 2.85, Regular Latte - 2.15, Large Flavoured latte - Vanilla - 2.85",7.85,CASH,
05/11/2020 11:08,Chesterfield,Leo Carson," Flavoured iced latte - Vanilla - 2.75,  Speciality Tea - Darjeeling - 1.30, Large Hot chocolate - 2.90",6.95,CASH,
05/11/2020 11:08,Chesterfield,Robert Pruitt," Glass of milk - 0.70,  Speciality Tea - English breakfast - 1.30,  Flat white - 2.15",4.15,CARD,4959957548939
05/11/2020 11:09,Chesterfield,Edwin Alvarez," Flavoured iced latte - Hazelnut - 2.75, Regular Flavoured latte - Caramel - 2.55,  Mocha - 2.30",7.60,CARD,5127478223335543
05/11/2020 11:09,Chesterfield,Cheryl Means, Frappes - Chocolate Cookie - 2.75,2.75,CARD,4659698489798972
05/11/2020 11:10,Chesterfield,Elizabeth Thomas," Iced latte - 2.35,  Hot Chocolate - 1.40,  Flavoured iced latte - Caramel - 2.75",6.50,CARD,5229326556854365
05/11/2020 11:10,Chesterfield,Elena Marks," Speciality Tea - Fruit - 1.30,  Speciality Tea - Camomile - 1.30,  Glass of milk - 0.70",3.30,CASH,
05/11/2020 11:11,Chesterfield,David Wisham,"Large Flavoured latte - Gingerbread - 2.85,  Speciality Tea - Peppermint - 1.30, Large Cappuccino - 2.45,  Speciality Tea - Earl Grey - 1.30, Large Espresso - 1.80",9.70,CASH,
05/11/2020 11:11,Chesterfield,Maxine Phillips," Speciality Tea - Fruit - 1.30,  Hot Chocolate - 1.40, Large Hot chocolate - 2.90, Large Filter coffee - 1.80",7.40,CARD,5416486528861592
05/11/2020 11:12,Chesterfield,Wayne Royse," Speciality Tea - Peppermint - 1.30, Large Flavoured latte - Hazelnut - 2.85",4.15,CARD,4612139628117
05/11/2020 11:12,Chesterfield,Anita Woods,Large Flavoured hot chocolate - Hazelnut - 2.90,2.90,CASH,
05/11/2020 11:13,Chesterfield,Kathern Hawkins," Speciality Tea - Green - 1.30, Regular Flavoured hot chocolate - Caramel - 2.60",3.90,CASH,
05/11/2020 11:13,Chesterfield,Dennis Lurry," Flavoured iced latte - Caramel - 2.75,  Cortado - 2.05,  Mocha - 2.30, Regular Flavoured latte - Gingerbread - 2.55,  Speciality Tea - Fruit - 1.30",10.95,CARD,5385825763777673
05/11/2020 11:14,Chesterfield,Henry Chaney," Speciality Tea - Camomile - 1.30, Large Chai latte - 2.60",3.90,CASH,
05/11/2020 11:14,Chesterfield,Gladys Chilton,"Large Flavoured latte - Hazelnut - 2.85,  Smoothies - Glowing Greens - 2.00, Large Luxury hot chocolate - 2.70",7.55,CASH,
05/11/2020 11:15,Chesterfield,Dawn Merrill, Flavoured iced latte - Vanilla - 2.75,2.75,CARD,6011578763814885
05/11/2020 11:15,Chesterfield,Michael Maglione,Regular Cappuccino - 2.15,2.15,CARD,4734513442335
05/11/2020 11:15,Chesterfield,Reginald Young," Glass of milk - 0.70,  Flavoured iced latte - Hazelnut - 2.75, Large Luxury hot chocolate - 2.70, Large Cappuccino - 2.45, Regular Flavoured latte - Caramel - 2.55",11.15,CASH,
05/11/2020 11:16,Chesterfield,Leonard Kearsley, Smoothies - Berry Beautiful - 2.00,2.00,CASH,
05/11/2020 11:16,Chesterfield,Danny Bailey," Flat white - 2.15, Large Latte - 2.45,  Flavoured iced latte - Vanilla - 2.75,  Flat white - 2.15",9.50,CARD,6011375131458739
05/11/2020 11:17,Chesterfield,Amy Kinkel," Cortado - 2.05, Regular Chai latte - 2.30,  Iced americano - 2.15,  Speciality Tea - Green - 1.30",7.80,CARD,341444139637944
05/11/2020 11:17,Chesterfield,Candice Alexander,"Large Flavoured latte - Hazelnut - 2.85, Regular Cappuccino - 2.15, Large Hot chocolate - 2.90",7.90,CASH,
05/11/2020 11:18,Chesterfield,Kay Austin," Speciality Tea - Camomile - 1.30,  Glass of milk - 0.70, Large Flavoured latte - Hazelnut - 2.85,  Glass of milk - 0.70",5.55,CASH,
05/11/2020 11:18,Chesterfield,Scott Brown, Flavoured iced latte - Caramel - 2.75,2.75,CARD,5267995483588271
05/11/2020 11:19,Chesterfield,David Shealy," Speciality Tea - English breakfast - 1.30,  Speciality Tea - Camomile - 1.30, Large Americano - 2.25",4.85,CARD,4314182376221262
05/11/2020 11:19,Chesterfield,Carl Osborn," Smoothies - Berry Beautiful - 2.00, Regular Latte - 2.15, Large Latte - 2.45,  Speciality Tea - English breakfast - 1.30",7.90,CARD,6011493371734469
05/11/2020 11:20,Chesterfield,James Landgraf," Speciality Tea - Peppermint - 1.30,  Iced americano - 2.15",3.45,CARD,351857386174682
05/11/2020 11:20,Chesterfield,Patricia Bartoletti,"Large Latte - 2.45,  Iced americano - 2.15,  Speciality Tea - English breakfast - 1.30,  Smoothies - Carrot Kick - 2.00",7.90,CARD,5397464215952761
05/11/2020 11:21,Chesterfield,Frances Land," Frappes - Strawberries & Cream - 2.75, Large Hot chocolate - 2.90, Large Luxury hot chocolate - 2.70, Large Flavoured latte - Hazelnut - 2.85,  Smoothies - Berry Beautiful - 2.00",13.20,CARD,5181893249629724
05/11/2020 11:21,Chesterfield,Christopher Rosas," Red Label tea - 1.20,  Speciality Tea - Green - 1.30",2.50,CARD,352783884718359
05/11/2020 11:22,Chesterfield,Marvin Dejesus," Speciality Tea - Camomile - 1.30,  Speciality Tea - Peppermint - 1.30,  Speciality Tea - Peppermint - 1.30,  Mocha - 2.30",6.20,CASH,
05/11/2020 11:22,Chesterfield,Sandra Mcdonald," Smoothies - Glowing Greens - 2.00, Large Latte - 2.45,  Hot Chocolate - 1.40, Large Flavoured hot chocolate - Vanilla - 2.90,  Speciality Tea - Darjeeling - 1.30",10.05,CASH,
05/11/2020 11:23,Chesterfield,Linda Cason,Large Flavoured hot chocolate - Vanilla - 2.90,2.90,CASH,
05/11/2020 11:23,Chesterfield,Fern Whitfield,"Regular Espresso - 1.50,  Smoothies - Berry Beautiful - 2.00,  Flavoured iced latte - Caramel - 2.75",6.25,CASH,
05/11/2020 11:24,Chesterfield,Rodger Smith, Glass of milk - 0.70,0.70,CARD,4182233942894253
05/11/2020 11:24,Chesterfield,Douglass Steury," Flavoured iced latte - Caramel - 2.75,  Speciality Tea - Fruit - 1.30",4.05,CASH,
05/11/2020 11:25,Chesterfield,Galen Buck," Cortado - 2.05,  Speciality Tea - Camomile - 1.30,  Iced americano - 2.15",5.50,CARD,4673364185124896
05/11/2020 11:25,Chesterfield,Eve Savoy,Large Flavoured hot chocolate - Caramel - 2.90,2.90,CARD,6011197499176111
05/11/2020 11:26,Chesterfield,Ethel Edmonds,"Regular Flavoured hot chocolate - Vanilla - 2.60, Large Flavoured latte - Vanilla - 2.85,  Frappes - Chocolate Cookie - 2.75,  Hot Chocolate - 1.40",9.60,CASH,
05/11/2020 11:26,Chesterfield,Scarlett Aguilera," Frappes - Strawberries & Cream - 2.75,  Red Label tea - 1.20,  Babyccino - 0.00,  Smoothies - Berry Beautiful - 2.00,  Frappes - Chocolate Cookie - 2.75",8.70,CASH,
05/11/2020 11:27,Chesterfield,Leroy Rowan,"Regular Flavoured latte - Vanilla - 2.55,  Glass of milk - 0.70, Large Flavoured latte - Caramel - 2.85, Regular Hot chocolate - 2.20",8.30,CARD,341468533824238
05/11/2020 11:27,Chesterfield,Everett Williams,Large Cappuccino - 2.45,2.45,CASH,
05/11/2020 11:28,Chesterfield,Terri Hanson,"Large Latte - 2.45, Large Filter coffee - 1.80, Large Luxury hot chocolate - 2.70,  Smoothies - Carrot Kick - 2.00, Regular Flavoured latte - Hazelnut - 2.55",11.50,CARD,60116821921496310
05/11/2020 11:28,Chesterfield,Mario Henderlite,"Large Flavoured latte - Gingerbread - 2.85,  Flat white - 2.15,  Flat white - 2.15,  Speciality Tea - English breakfast - 1.30",8.45,CARD,41765946361310
05/11/2020 11:29,Chesterfield,Margaret Grenier," Smoothies - Glowing Greens - 2.00,  Speciality Tea - Camomile - 1.30",3.30,CARD,4795164581823932
05/11/2020 11:29,Chesterfield,Ethel Biller,"Large Flavoured hot chocolate - Caramel - 2.90, Regular Flavoured latte - Gingerbread - 2.55, Large Flavoured hot chocolate - Vanilla - 2.90,  Smoothies - Berry Beautiful - 2.00",10.35,CASH,
05/11/2020 11:30,Chesterfield,Jimmy Grilli," Frappes - Strawberries & Cream - 2.75,  Iced americano - 2.15,  Flavoured iced latte - Vanilla - 2.75, Large Filter coffee - 1.80",9.45,CARD,4382681513634
05/11/2020 11:30,Chesterfield,George Patterson,"Large Flavoured hot chocolate - Vanilla - 2.90,  Speciality Tea - Camomile - 1.30,  Speciality Tea - Darjeeling - 1.30",5.50,CARD,5351962446696424
05/11/2020 11:30,Chesterfield,Ricky Gallegos," Flavoured iced latte - Hazelnut - 2.75,  Speciality Tea - Earl Grey - 1.30,  Flavoured iced latte - Hazelnut - 2.75, Large Flavoured latte - Hazelnut - 2.85",9.65,CARD,46697663319494210
05/11/2020 11:31,Chesterfield,Sara Hector," Flat white - 2.15,  Speciality Tea - Green - 1.30, Large Flavoured hot chocolate - Caramel - 2.90,  Frappes - Chocolate Cookie - 2.75",9.10,CASH,
05/11/2020 11:31,Chesterfield,Rachel Marquis," Hot Chocolate - 1.40,  Speciality Tea - English breakfast - 1.30,  Smoothies - Carrot Kick - 2.00,  Flat white - 2.15,  Smoothies - Glowing Greens - 2.00",8.85,CARD,4361576453569
05/11/2020 11:32,Chesterfield,James Walker," Glass of milk - 0.70, Large Luxury hot chocolate - 2.70,  Speciality Tea - Camomile - 1.30,  Flavoured iced latte - Vanilla - 2.75,  Red Label tea - 1.20",8.65,CASH,
05/11/2020 11:32,Chesterfield,Frances Price," Speciality Tea - Camomile - 1.30,  Babyccino - 0.00,  Speciality Tea - Camomile - 1.30,  Flavoured iced latte - Hazelnut - 2.75, Large Americano - 2.25",7.60,CASH,
05/11/2020 11:33,Chesterfield,Michael Thorp,"Regular Latte - 2.15, Large Filter coffee - 1.80,  Speciality Tea - Peppermint - 1.30,  Speciality Tea - English breakfast - 1.30",6.55,CASH,
05/11/2020 11:33,Chesterfield,Kenneth Cummins,Large Flavoured latte - Hazelnut - 2.85,2.85,CARD,6011919686938593
05/11/2020 11:34,Chesterfield,Leeann Jackson, Frappes - Strawberries & Cream - 2.75,2.75,CARD,5477923438375731
05/11/2020 11:34,Chesterfield,Mary Meginnes, Frappes - Coffee - 2.75,2.75,CASH,
05/11/2020 11:35,Chesterfield,Danielle Stults,"Regular Flavoured hot chocolate - Hazelnut - 2.60, Large Flavoured latte - Gingerbread - 2.85, Large Latte - 2.45, Regular Luxury hot chocolate - 2.40, Large Luxury hot chocolate - 2.70",13.00,CASH,
05/11/2020 11:35,Chesterfield,John Snowden," Mocha - 2.30, Regular Flavoured hot chocolate - Caramel - 2.60,  Frappes - Coffee - 2.75,  Smoothies - Berry Beautiful - 2.00,  Smoothies - Carrot Kick - 2.00",11.65,CASH,
05/11/2020 11:36,Chesterfield,Gerardo Foust,"Regular Luxury hot chocolate - 2.40,  Glass of milk - 0.70,  Speciality Tea - Earl Grey - 1.30,  Glass of milk - 0.70,  Mocha - 2.30",7.40,CARD,5247431418432489
05/11/2020 11:36,Chesterfield,Betsy Pinsonnault," Speciality Tea - Camomile - 1.30,  Smoothies - Glowing Greens - 2.00,  Cortado - 2.05",5.35,CARD,4243512337498375
05/11/2020 11:37,Chesterfield,Herman Garett,"Large Cappuccino - 2.45, Large Flavoured hot chocolate - Caramel - 2.90,  Cortado - 2.05",7.40,CARD,4581183729495
05/11/2020 11:37,Chesterfield,Ronald Emert," Flavoured iced latte - Hazelnut - 2.75,  Speciality Tea - Darjeeling - 1.30,  Flavoured iced latte - Vanilla - 2.75",6.80,CARD,3649884887252810
05/11/2020 11:38,Chesterfield,Shelley Boyd, Flavoured iced latte - Vanilla - 2.75,2.75,CASH,
05/11/2020 11:38,Chesterfield,Erwin Monterroso," Flavoured iced latte - Hazelnut - 2.75,  Speciality Tea - Darjeeling - 1.30,  Iced americano - 2.15, Large Americano - 2.25,  Frappes - Coffee - 2.75",11.20,CARD,60119761344724510
05/11/2020 11:39,Chesterfield,John Graves, Flavoured iced latte - Hazelnut - 2.75,2.75,CARD,376599235544373
05/11/2020 11:39,Chesterfield,Emily Parton,"Large Flavoured hot chocolate - Hazelnut - 2.90,  Flavoured iced latte - Vanilla - 2.75,  Speciality Tea - Darjeeling - 1.30,  Frappes - Coffee - 2.75,  Speciality Tea - Green - 1.30",11.00,CASH,
05/11/2020 11:40,Chesterfield,Adam Williamson,"Large Flavoured latte - Hazelnut - 2.85, Large Latte - 2.45,  Cortado - 2.05, Large Cappuccino - 2.45",9.80,CARD,351631558357981
05/11/2020 11:40,Chesterfield,Wilma Arnold," Speciality Tea - Peppermint - 1.30, Regular Latte - 2.15,  Speciality Tea - English breakfast - 1.30",4.75,CARD,60118186645672110
05/11/2020 11:41,Chesterfield,Alicia Davis," Flavoured iced latte - Hazelnut - 2.75,  Frappes - Coffee - 2.75, Large Flavoured latte - Hazelnut - 2.85",8.35,CARD,3442143755626110
05/11/2020 11:41,Chesterfield,Cara Shorter," Hot Chocolate - 1.40,  Flavoured iced latte - Caramel - 2.75,  Flat white - 2.15,  Flat white - 2.15",8.45,CARD,6011682632645148
05/11/2020 11:42,Chesterfield,Christopher Wells,"Large Latte - 2.45, Large Cappuccino - 2.45, Large Flavoured latte - Hazelnut - 2.85, Regular Americano - 1.95",9.70,CARD,5333556248144964
05/11/2020 11:42,Chesterfield,Latashia Cyr," Glass of milk - 0.70, Large Flavoured latte - Hazelnut - 2.85,  Speciality Tea - Darjeeling - 1.30,  Frappes - Chocolate Cookie - 2.75",7.60,CARD,4615344527819263
05/11/2020 11:43,Chesterfield,Jody Andrews, Frappes - Chocolate Cookie - 2.75,2.75,CARD,6011818225997823
05/11/2020 11:43,Chesterfield,Nellie Mcgrew,"Large Hot chocolate - 2.90, Large Chai latte - 2.60,  Smoothies - Carrot Kick - 2.00,  Flat white - 2.15,  Smoothies - Glowing Greens - 2.00",11.65,CARD,5552698969611666
05/11/2020 11:44,Chesterfield,Miguel Redick," Iced americano - 2.15,  Speciality Tea - Darjeeling - 1.30, Large Flavoured latte - Vanilla - 2.85, Large Luxury hot chocolate - 2.70,  Speciality Tea - Camomile - 1.30",10.30,CARD,5319945367864411
05/11/2020 11:44,Chesterfield,Ruth Martinez, Iced americano - 2.15,2.15,CARD,5551845569891732
05/11/2020 11:44,Chesterfield,Donald Hamon," Smoothies - Carrot Kick - 2.00, Large Latte - 2.45, Regular Latte - 2.15, Regular Cappuccino - 2.15, Large Latte - 2.45",11.20,CARD,377789387583597
05/11/2020 11:45,Chesterfield,Alberto Beekman, Flavoured iced latte - Vanilla - 2.75,2.75,CARD,5374723123769428
05/11/2020 11:45,Chesterfield,Edward Teague," Smoothies - Carrot Kick - 2.00, Large Flavoured latte - Gingerbread - 2.85,  Speciality Tea - Camomile - 1.30, Large Cappuccino - 2.45,  Speciality Tea - Darjeeling - 1.30",9.90,CASH,
05/11/2020 11:46,Chesterfield,April White," Iced latte - 2.35,  Flat white - 2.15, Large Flavoured hot chocolate - Vanilla - 2.90, Large Flavoured latte - Hazelnut - 2.85",10.25,CARD,4144651358142171
05/11/2020 11:46,Chesterfield,Sharon Myers,"Regular Chai latte - 2.30,  Smoothies - Berry Beautiful - 2.00,  Speciality Tea - Darjeeling - 1.30,  Frappes - Chocolate Cookie - 2.75",8.35,CARD,5324396164544694
05/11/2020 11:47,Chesterfield,Diane Chadwick, Flavoured iced latte - Hazelnut - 2.75,2.75,CASH,
05/11/2020 11:47,Chesterfield,Ervin Parrish,"Large Espresso - 1.80,  Hot Chocolate - 1.40, Large Luxury hot chocolate - 2.70,  Speciality Tea - English breakfast - 1.30,  Speciality Tea - Green - 1.30",8.50,CARD,348319269924556
05/11/2020 11:48,Chesterfield,Carolyn Mathes," Smoothies - Berry Beautiful - 2.00,  Mocha - 2.30,  Flavoured iced latte - Hazelnut - 2.75",7.05,CASH,
05/11/2020 11:48,Chesterfield,Lisa Pusey,"Large Flavoured hot chocolate - Vanilla - 2.90,  Frappes - Coffee - 2.75, Regular Chai latte - 2.30",7.95,CASH,
05/11/2020 11:49,Chesterfield,Carmen Thomas,"Large Flavoured hot chocolate - Hazelnut - 2.90,  Smoothies - Berry Beautiful - 2.00,  Flavoured iced latte - Hazelnut - 2.75",7.65,CASH,
05/11/2020 11:49,Chesterfield,Randy Kelley," Mocha - 2.30, Large Flavoured latte - Caramel - 2.85",5.15,CARD,4367398371269652
05/11/2020 11:50,Chesterfield,Carol Gibbs,Large Flavoured hot chocolate - Caramel - 2.90,2.90,CARD,4918234265161917
05/11/2020 11:50,Chesterfield,Sarah Raines,"Large Espresso - 1.80, Large Flavoured hot chocolate - Caramel - 2.90, Large Flavoured hot chocolate - Hazelnut - 2.90",7.60,CASH,
05/11/2020 11:51,Chesterfield,Catalina Hill," Glass of milk - 0.70, Regular Flavoured latte - Hazelnut - 2.55,  Mocha - 2.30,  Smoothies - Carrot Kick - 2.00,  Flavoured iced latte - Vanilla - 2.75",10.30,CASH,
05/11/2020 11:51,Chesterfield,Joseph Johnson,"Large Flavoured latte - Caramel - 2.85, Large Flavoured latte - Caramel - 2.85,  Babyccino - 0.00,  Speciality Tea - English breakfast - 1.30",7.00,CARD,4754679687952
05/11/2020 11:52,Chesterfield,Rosann Thomas,"Large Latte - 2.45,  Speciality Tea - Earl Grey - 1.30,  Flat white - 2.15,  Smoothies - Carrot Kick - 2.00, Large Flavoured latte - Gingerbread - 2.85",10.75,CARD,60113785971312210
05/11/2020 11:52,Chesterfield,Florence Stewart,"Large Latte - 2.45,  Red Label tea - 1.20, Large Luxury hot chocolate - 2.70,  Flavoured iced latte - Vanilla - 2.75,  Red Label tea - 1.20",10.30,CARD,4223357924352633
05/11/2020 11:53,Chesterfield,Dulce Dunlap,Large Flavoured latte - Gingerbread - 2.85,2.85,CARD,379783153714591
05/11/2020 11:53,Chesterfield,Brian Garza,"Large Flavoured hot chocolate - Vanilla - 2.90, Large Flavoured hot chocolate - Vanilla - 2.90,  Hot Chocolate - 1.40,  Red Label tea - 1.20",8.40,CARD,6011825285487991
05/11/2020 11:54,Chesterfield,Stephen Boulch, Speciality Tea - Green - 1.30,1.30,CASH,
05/11/2020 11:54,Chesterfield,Mary Nogle," Flavoured iced latte - Vanilla - 2.75,  Flavoured iced latte - Vanilla - 2.75,  Hot Chocolate - 1.40, Large Flavoured latte - Hazelnut - 2.85,  Speciality Tea - English breakfast - 1.30",11.05,CARD,4876253826183
05/11/2020 11:55,Chesterfield,Debbie Shaffer, Flavoured iced latte - Vanilla - 2.75,2.75,CASH,
05/11/2020 11:55,Chesterfield,Jacob Tillery,Regular Flavoured hot chocolate - Vanilla - 2.60,2.60,CARD,54172589118366910
05/11/2020 11:56,Chesterfield,Michael Rutledge, Flavoured iced latte - Vanilla - 2.75,2.75,CASH,
05/11/2020 11:56,Chesterfield,Latanya Campbell, Speciality Tea - Earl Grey - 1.30,1.30,CARD,4311845819595
05/11/2020 11:57,Chesterfield,Brent Dinwiddie," Iced latte - 2.35,  Smoothies - Carrot Kick - 2.00,  Flavoured iced latte - Hazelnut - 2.75",7.10,CARD,6011736188446655
05/11/2020 11:57,Chesterfield,Dennis Austin,"Large Flavoured hot chocolate - Caramel - 2.90,  Flat white - 2.15, Large Flavoured hot chocolate - Hazelnut - 2.90, Large Flavoured latte - Gingerbread - 2.85",10.80,CASH,
05/11/2020 11:58,Chesterfield,Arthur Banister," Flavoured iced latte - Hazelnut - 2.75, Large Hot chocolate - 2.90,  Speciality Tea - Earl Grey - 1.30, Large Flavoured latte - Hazelnut - 2.85, Large Flavoured latte - Vanilla - 2.85",12.65,CASH,
05/11/2020 11:58,Chesterfield,Lee Parris,"Large Latte - 2.45, Large Flavoured hot chocolate - Vanilla - 2.90,  Babyccino - 0.00, Large Flavoured hot chocolate - Caramel - 2.90, Large Flavoured latte - Hazelnut - 2.85",11.10,CARD,6011883371737944
05/11/2020 11:59,Chesterfield,Donna Jones," Flavoured iced latte - Vanilla - 2.75, Large Latte - 2.45, Large Luxury hot chocolate - 2.70",7.90,CARD,376279511591386
05/11/2020 11:59,Chesterfield,Marisa Opunui," Babyccino - 0.00,  Speciality Tea - Green - 1.30",1.30,CARD,5252573713352169
05/11/2020 11:59,Chesterfield,Mary Holder," Frappes - Chocolate Cookie - 2.75,  Flat white - 2.15,  Smoothies - Glowing Greens - 2.00,  Mocha - 2.30",9.20,CASH,
05/11/2020 12:00,Chesterfield,Kathy Brechbiel, Flavoured iced latte - Hazelnut - 2.75,2.75,CARD,5353547931882213
05/11/2020 12:01,Chesterfield,Beverly Swigart," Glass of milk - 0.70,  Frappes - Coffee - 2.75",3.45,CARD,4134136889311
05/11/2020 12:03,Chesterfield,Vivian Hurt,"Large Chai latte - 2.60,  Speciality Tea - English breakfast - 1.30,  Speciality Tea - Fruit - 1.30",5.20,CARD,5166264298531659
05/11/2020 12:04,Chesterfield,Gary Joiner," Speciality Tea - English breakfast - 1.30,  Iced americano - 2.15, Large Flavoured latte - Vanilla - 2.85,  Hot Chocolate - 1.40",7.70,CARD,4425876251529659
05/11/2020 12:05,Chesterfield,Michael Lang," Smoothies - Glowing Greens - 2.00,  Smoothies - Glowing Greens - 2.00",4.00,CASH,
05/11/2020 12:06,Chesterfield,Wonda Roberts, Frappes - Coffee - 2.75,2.75,CARD,4163655231511359
05/11/2020 12:08,Chesterfield,Betty Woloszyn," Mocha - 2.30,  Hot Chocolate - 1.40, Large Flavoured hot chocolate - Caramel - 2.90",6.60,CARD,5518527952488225
05/11/2020 12:09,Chesterfield,Carol Ives," Flavoured iced latte - Vanilla - 2.75,  Speciality Tea - Earl Grey - 1.30",4.05,CARD,5292365312531323
05/11/2020 12:10,Chesterfield,Paul Hunt,"Large Filter coffee - 1.80, Regular Cappuccino - 2.15",3.95,CASH,
05/11/2020 12:12,Chesterfield,Tyler Bonneville,"Regular Flavoured latte - Gingerbread - 2.55,  Flavoured iced latte - Vanilla - 2.75,  Smoothies - Berry Beautiful - 2.00,  Flavoured iced latte - Hazelnut - 2.75,  Cortado - 2.05",12.10,CARD,368861845177527
05/11/2020 12:13,Chesterfield,Robert Hill," Speciality Tea - Earl Grey - 1.30,  Frappes - Chocolate Cookie - 2.75",4.05,CASH,
05/11/2020 12:14,Chesterfield,Judy Mccowin, Speciality Tea - Earl Grey - 1.30,1.30,CARD,5436769142756637
05/11/2020 12:16,Chesterfield,Evelyn Sirmons," Flavoured iced latte - Hazelnut - 2.75,  Smoothies - Glowing Greens - 2.00, Large Chai latte - 2.60, Large Flavoured hot chocolate - Caramel - 2.90, Large Flavoured hot chocolate - Caramel - 2.90",13.15,CARD,5265588793254254
05/11/2020 12:17,Chesterfield,Minnie Cantu,"Large Luxury hot chocolate - 2.70, Large Filter coffee - 1.80,  Iced latte - 2.35,  Iced latte - 2.35,  Red Label tea - 1.20",10.40,CARD,4691993577198
05/11/2020 12:18,Chesterfield,George Gadd," Frappes - Chocolate Cookie - 2.75,  Speciality Tea - Camomile - 1.30",4.05,CASH,
05/11/2020 12:19,Chesterfield,Nicole Leong," Red Label tea - 1.20,  Smoothies - Carrot Kick - 2.00,  Iced americano - 2.15, Large Cappuccino - 2.45, Large Cappuccino - 2.45",10.25,CASH,
05/11/2020 12:21,Chesterfield,Anna Freeman," Mocha - 2.30, Large Flavoured hot chocolate - Caramel - 2.90",5.20,CASH,
05/11/2020 12:22,Chesterfield,Matt Marrs, Flavoured iced latte - Caramel - 2.75,2.75,CARD,5564387623732839
05/11/2020 12:23,Chesterfield,Jack Patterson," Speciality Tea - Green - 1.30,  Smoothies - Glowing Greens - 2.00",3.30,CARD,49185248963210
05/11/2020 12:25,Chesterfield,Nancy Hayes, Hot Chocolate - 1.40,1.40,CASH,
05/11/2020 12:26,Chesterfield,Cherry Atkins, Speciality Tea - Peppermint - 1.30,1.30,CASH,
05/11/2020 12:27,Chesterfield,Jerry Eng," Flavoured iced latte - Vanilla - 2.75,  Flat white - 2.15,  Speciality Tea - Earl Grey - 1.30,  Smoothies - Carrot Kick - 2.00",8.20,CASH,
05/11/2020 12:29,Chesterfield,Claire Jefferies,"Large Flavoured latte - Vanilla - 2.85,  Smoothies - Berry Beautiful - 2.00, Large Latte - 2.45",7.30,CASH,
05/11/2020 12:30,Chesterfield,Abe Williams," Hot Chocolate - 1.40,  Flat white - 2.15",3.55,CARD,5494276416867826
05/11/2020 12:31,Chesterfield,Lee Frederick," Speciality Tea - Camomile - 1.30, Large Latte - 2.45,  Speciality Tea - Peppermint - 1.30",5.05,CARD,4496384624225497
05/11/2020 12:32,Chesterfield,Jeanie Wooldridge, Smoothies - Carrot Kick - 2.00,2.00,CASH,
05/11/2020 12:34,Chesterfield,Emory Coronado,"Large Flavoured latte - Hazelnut - 2.85, Large Flavoured hot chocolate - Hazelnut - 2.90, Large Chai latte - 2.60,  Flavoured iced latte - Caramel - 2.75, Large Chai latte - 2.60",13.70,CASH,
05/11/2020 12:35,Chesterfield,Myrtis Mccullough," Babyccino - 0.00,  Flavoured iced latte - Vanilla - 2.75,  Flavoured iced latte - Vanilla - 2.75",5.50,CARD,5231131119561127
05/11/2020 12:36,Chesterfield,Mae Wert," Frappes - Chocolate Cookie - 2.75, Large Flavoured latte - Vanilla - 2.85",5.60,CASH,
05/11/2020 12:38,Chesterfield,Krystle Keller,Regular Flavoured hot chocolate - Caramel - 2.60,2.60,CASH,
05/11/2020 12:39,Chesterfield,Melissa Hargrove,"Large Americano - 2.25, Large Flavoured latte - Vanilla - 2.85",5.10,CASH,
05/11/2020 12:40,Chesterfield,Eliza Warner," Flat white - 2.15,  Flavoured iced latte - Caramel - 2.75,  Hot Chocolate - 1.40, Large Chai latte - 2.60",8.90,CARD,5559779981419743
05/11/2020 12:42,Chesterfield,Linda Rutherford," Speciality Tea - Fruit - 1.30, Large Flavoured latte - Hazelnut - 2.85, Large Flavoured hot chocolate - Vanilla - 2.90,  Flavoured iced latte - Hazelnut - 2.75",9.80,CASH,
05/11/2020 12:43,Chesterfield,John Torris," Flavoured iced latte - Vanilla - 2.75,  Flavoured iced latte - Vanilla - 2.75,  Flavoured iced latte - Caramel - 2.75,  Cortado - 2.05",10.30,CARD,5535272974871673
05/11/2020 12:44,Chesterfield,Leora Davies,Large Filter coffee - 1.80,1.80,CASH,
05/11/2020 12:45,Chesterfield,Barbara Wagner," Flavoured iced latte - Hazelnut - 2.75, Large Americano - 2.25,  Speciality Tea - Peppermint - 1.30, Large Flavoured latte - Vanilla - 2.85",9.15,CARD,6011679456428411
05/11/2020 12:47,Chesterfield,Shari Whatley,"Large Hot chocolate - 2.90,  Smoothies - Berry Beautiful - 2.00",4.90,CARD,6011479684714637
05/11/2020 12:48,Chesterfield,Nola Tello, Flavoured iced latte - Caramel - 2.75,2.75,CARD,348427289115632
05/11/2020 12:49,Chesterfield,Adam Middaugh, Smoothies - Berry Beautiful - 2.00,2.00,CASH,
05/11/2020 12:51,Chesterfield,Mary Crews,"Large Hot chocolate - 2.90, Large Flavoured latte - Vanilla - 2.85,  Frappes - Strawberries & Cream - 2.75,  Flavoured iced latte - Hazelnut - 2.75",11.25,CARD,4423131142283
05/11/2020 12:52,Chesterfield,Randall Ashley," Speciality Tea - Fruit - 1.30,  Speciality Tea - Darjeeling - 1.30",2.60,CASH,
05/11/2020 12:53,Chesterfield,Wanda Oliver,Large Latte - 2.45,2.45,CASH,
05/11/2020 12:55,Chesterfield,Daniel Hutt," Smoothies - Berry Beautiful - 2.00, Large Hot chocolate - 2.90,  Cortado - 2.05, Regular Latte - 2.15, Large Chai latte - 2.60",11.70,CASH,
05/11/2020 12:56,Chesterfield,Deborah Frank,"Large Hot chocolate - 2.90, Large Flavoured latte - Hazelnut - 2.85,  Flavoured iced latte - Vanilla - 2.75",8.50,CARD,5196227917274419
05/11/2020 12:57,Chesterfield,Raul Hamilton," Flat white - 2.15,  Frappes - Chocolate Cookie - 2.75, Large Cappuccino - 2.45,  Cortado - 2.05,  Red Label tea - 1.20",10.60,CARD,354491197155339
05/11/2020 12:58,Chesterfield,Paul Kallam," Speciality Tea - Peppermint - 1.30, Large Latte - 2.45",3.75,CARD,5363637271572132
05/11/2020 13:00,Chesterfield,Tim Garay, Smoothies - Carrot Kick - 2.00,2.00,CASH,
05/11/2020 13:02,Chesterfield,Wilber Walker,"Regular Americano - 1.95,  Babyccino - 0.00,  Babyccino - 0.00, Regular Hot chocolate - 2.20, Large Flavoured latte - Vanilla - 2.85",7.00,CASH,
05/11/2020 13:04,Chesterfield,Adrienne Carlos," Babyccino - 0.00,  Flavoured iced latte - Caramel - 2.75,  Flavoured iced latte - Caramel - 2.75",5.50,CARD,376726281712188
05/11/2020 13:06,Chesterfield,Helen Ritschard," Flavoured iced latte - Caramel - 2.75, Large Flavoured hot chocolate - Caramel - 2.90,  Speciality Tea - Peppermint - 1.30,  Speciality Tea - Peppermint - 1.30, Large Espresso - 1.80",10.05,CARD,379293724635689
05/11/2020 13:09,Chesterfield,Nancy Biller," Flat white - 2.15, Large Americano - 2.25,  Flavoured iced latte - Caramel - 2.75, Large Flavoured latte - Hazelnut - 2.85,  Flat white - 2.15",12.15,CARD,6011215811553617
05/11/2020 13:11,Chesterfield,Sergio Fitzpatrick," Speciality Tea - Peppermint - 1.30,  Glass of milk - 0.70,  Flavoured iced latte - Caramel - 2.75, Large Flavoured latte - Hazelnut - 2.85",7.60,CASH,
05/11/2020 13:13,Chesterfield,Michael Lee,"Large Flavoured latte - Gingerbread - 2.85, Large Latte - 2.45, Large Cappuccino - 2.45,  Smoothies - Carrot Kick - 2.00, Large Flavoured latte - Vanilla - 2.85",12.60,CARD,4856268871382
05/11/2020 13:15,Chesterfield,Ben Smith,"Large Latte - 2.45,  Speciality Tea - Darjeeling - 1.30",3.75,CASH,
05/11/2020 13:17,Chesterfield,Geraldo Aliaga,"Large Flavoured latte - Gingerbread - 2.85, Large Americano - 2.25",5.10,CASH,
05/11/2020 13:20,Chesterfield,Bryce Wilkerson," Frappes - Coffee - 2.75, Large Luxury hot chocolate - 2.70,  Red Label tea - 1.20",6.65,CASH,
05/11/2020 13:22,Chesterfield,Helen Whitham,"Large Flavoured hot chocolate - Vanilla - 2.90,  Cortado - 2.05",4.95,CASH,
05/11/2020 13:24,Chesterfield,Shannon Schaffer,"Large Hot chocolate - 2.90,  Frappes - Chocolate Cookie - 2.75,  Flavoured iced latte - Caramel - 2.75,  Smoothies - Berry Beautiful - 2.00",10.40,CARD,372971377377637
05/11/2020 13:26,Chesterfield,Michael Wells, Flavoured iced latte - Hazelnut - 2.75,2.75,CASH,
05/11/2020 13:29,Chesterfield,Mary Hice,Large Hot chocolate - 2.90,2.90,CASH,
05/11/2020 13:31,Chesterfield,Jeff Mcquistion," Speciality Tea - Darjeeling - 1.30,  Speciality Tea - Camomile - 1.30,  Flat white - 2.15,  Smoothies - Berry Beautiful - 2.00,  Mocha - 2.30",9.05,CASH,
05/11/2020 13:33,Chesterfield,Waylon Montgomery, Flavoured iced latte - Hazelnut - 2.75,2.75,CARD,41897864766610
05/11/2020 13:35,Chesterfield,Sandra Bash,"Regular Filter coffee - 1.50,  Speciality Tea - Peppermint - 1.30,  Mocha - 2.30,  Red Label tea - 1.20",6.30,CASH,
05/11/2020 13:37,Chesterfield,John Martinez," Frappes - Coffee - 2.75,  Smoothies - Berry Beautiful - 2.00,  Frappes - Coffee - 2.75",7.50,CASH,
05/11/2020 13:40,Chesterfield,Joyce Bullington,"Large Flavoured latte - Hazelnut - 2.85,  Mocha - 2.30,  Frappes - Chocolate Cookie - 2.75",7.90,CARD,6011427643861734
05/11/2020 13:42,Chesterfield,Barbara Wagner," Flavoured iced latte - Vanilla - 2.75, Large Americano - 2.25",5.00,CARD,378547969723513
05/11/2020 13:44,Chesterfield,Gary Newsom, Flavoured iced latte - Hazelnut - 2.75,2.75,CASH,
05/11/2020 13:46,Chesterfield,Earl Mchugh, Flat white - 2.15,2.15,CASH,
05/11/2020 13:49,Chesterfield,Shirley Cregan," Frappes - Strawberries & Cream - 2.75,  Frappes - Chocolate Cookie - 2.75,  Smoothies - Carrot Kick - 2.00",7.50,CASH,
05/11/2020 13:51,Chesterfield,Leann Henderson," Red Label tea - 1.20,  Flavoured iced latte - Vanilla - 2.75,  Babyccino - 0.00",3.95,CASH,
05/11/2020 13:53,Chesterfield,Crystal Olson," Red Label tea - 1.20, Large Filter coffee - 1.80",3.00,CARD,367475274978759
05/11/2020 13:55,Chesterfield,Deadra Slawson," Flavoured iced latte - Vanilla - 2.75,  Mocha - 2.30, Large Latte - 2.45",7.50,CASH,
05/11/2020 13:57,Chesterfield,Julie Griffin,"Regular Americano - 1.95, Large Flavoured latte - Caramel - 2.85",4.80,CARD,6011619482715852
05/11/2020 14:00,Chesterfield,Sean Breland,"Large Flavoured latte - Hazelnut - 2.85,  Iced americano - 2.15,  Flavoured iced latte - Caramel - 2.75",7.75,CARD,4586265819122
05/11/2020 14:01,Chesterfield,Rosalind Harris," Speciality Tea - Fruit - 1.30, Large Filter coffee - 1.80,  Glass of milk - 0.70",3.80,CARD,5172914418574953
05/11/2020 14:02,Chesterfield,Philip Amburgey,Large Filter coffee - 1.80,1.80,CASH,
05/11/2020 14:03,Chesterfield,Ruth Jones," Mocha - 2.30,  Flat white - 2.15,  Speciality Tea - Camomile - 1.30,  Speciality Tea - Darjeeling - 1.30, Large Flavoured latte - Hazelnut - 2.85",9.90,CARD,5367186451435245
05/11/2020 14:04,Chesterfield,Andrew Thompson,"Large Chai latte - 2.60,  Glass of milk - 0.70",3.30,CASH,
05/11/2020 14:05,Chesterfield,Melinda Free,"Large Latte - 2.45, Large Espresso - 1.80,  Frappes - Chocolate Cookie - 2.75,  Flat white - 2.15,  Iced americano - 2.15",11.30,CASH,
05/11/2020 14:06,Chesterfield,Jon Wildman, Speciality Tea - Fruit - 1.30,1.30,CASH,
05/11/2020 14:07,Chesterfield,Catherine Ogden," Flat white - 2.15,  Frappes - Chocolate Cookie - 2.75,  Speciality Tea - Earl Grey - 1.30,  Iced latte - 2.35",8.55,CASH,
05/11/2020 14:08,Chesterfield,Ruth Ibrahim,"Large Flavoured latte - Caramel - 2.85,  Iced americano - 2.15, Large Luxury hot chocolate - 2.70, Large Cappuccino - 2.45",10.15,CARD,364116164228151
05/11/2020 14:09,Chesterfield,Donald Mccorry,"Large Flavoured hot chocolate - Hazelnut - 2.90, Regular Filter coffee - 1.50, Regular Chai latte - 2.30, Large Latte - 2.45",9.15,CARD,4163375972466537
05/11/2020 14:10,Chesterfield,Shakia Reynoso," Flat white - 2.15,  Smoothies - Berry Beautiful - 2.00,  Frappes - Strawberries & Cream - 2.75,  Frappes - Strawberries & Cream - 2.75, Regular Latte - 2.15",11.80,CASH,
05/11/2020 14:11,Chesterfield,Peggy Duncan,"Large Flavoured latte - Caramel - 2.85,  Speciality Tea - Peppermint - 1.30",4.15,CARD,4863674926891
05/11/2020 14:12,Chesterfield,Mark Payne,"Large Americano - 2.25,  Flat white - 2.15",4.40,CARD,4683439782565
05/11/2020 14:13,Chesterfield,Agatha Rickey,"Large Cappuccino - 2.45, Large Flavoured latte - Gingerbread - 2.85, Regular Americano - 1.95, Regular Latte - 2.15",9.40,CASH,
05/11/2020 14:14,Chesterfield,Amanda Dipiano,"Large Flavoured latte - Gingerbread - 2.85,  Frappes - Chocolate Cookie - 2.75,  Smoothies - Glowing Greens - 2.00,  Hot Chocolate - 1.40",9.00,CARD,4459955496136659
05/11/2020 14:15,Chesterfield,David Edwards," Speciality Tea - Darjeeling - 1.30,  Flavoured iced latte - Hazelnut - 2.75, Large Flavoured latte - Hazelnut - 2.85,  Cortado - 2.05",8.95,CARD,4128257497232186
05/11/2020 14:16,Chesterfield,Lee Daly," Glass of milk - 0.70, Regular Luxury hot chocolate - 2.40,  Flavoured iced latte - Hazelnut - 2.75",5.85,CARD,60112843982895410
05/11/2020 14:17,Chesterfield,Edwin Mosier, Smoothies - Berry Beautiful - 2.00,2.00,CASH,
05/11/2020 14:18,Chesterfield,Nathan Cooke, Speciality Tea - Darjeeling - 1.30,1.30,CASH,
05/11/2020 14:19,Chesterfield,Cody Wolfgram, Flavoured iced latte - Hazelnut - 2.75,2.75,CARD,4911287943244437
05/11/2020 14:20,Chesterfield,Sherry Morse,"Large Cappuccino - 2.45,  Frappes - Coffee - 2.75, Large Flavoured latte - Hazelnut - 2.85,  Hot Chocolate - 1.40",9.45,CASH,
05/11/2020 14:21,Chesterfield,Delores Juarez," Speciality Tea - Peppermint - 1.30,  Speciality Tea - Fruit - 1.30, Large Flavoured latte - Vanilla - 2.85",5.45,CARD,377427959946633
05/11/2020 14:22,Chesterfield,Andrew Smith," Babyccino - 0.00, Regular Chai latte - 2.30, Large Filter coffee - 1.80, Large Hot chocolate - 2.90",7.00,CARD,6011521834937285
05/11/2020 14:23,Chesterfield,Daisy Roes," Speciality Tea - Green - 1.30,  Frappes - Chocolate Cookie - 2.75,  Speciality Tea - Earl Grey - 1.30,  Flavoured iced latte - Hazelnut - 2.75",8.10,CASH,
05/11/2020 14:24,Chesterfield,Melissa Koopman," Frappes - Coffee - 2.75,  Speciality Tea - Camomile - 1.30, Regular Latte - 2.15,  Flavoured iced latte - Hazelnut - 2.75,  Frappes - Coffee - 2.75",11.70,CARD,5361874756323531
05/11/2020 14:25,Chesterfield,Gregg Wilkinson," Iced latte - 2.35, Regular Luxury hot chocolate - 2.40,  Flat white - 2.15, Regular Cappuccino - 2.15,  Speciality Tea - Fruit - 1.30",10.35,CASH,
05/11/2020 14:26,Chesterfield,Joseph Jones," Mocha - 2.30,  Frappes - Chocolate Cookie - 2.75,  Cortado - 2.05, Large Latte - 2.45",9.55,CASH,
05/11/2020 14:27,Chesterfield,Heath Sargent," Speciality Tea - Fruit - 1.30,  Iced latte - 2.35,  Iced americano - 2.15",5.80,CARD,4648496184492
05/11/2020 14:28,Chesterfield,Timothy Basinski,"Large Flavoured latte - Hazelnut - 2.85,  Speciality Tea - English breakfast - 1.30, Large Flavoured latte - Caramel - 2.85,  Flat white - 2.15,  Smoothies - Glowing Greens - 2.00",11.15,CARD,354719924278192
05/11/2020 14:29,Chesterfield,Margaret Peale," Speciality Tea - Earl Grey - 1.30, Large Latte - 2.45,  Flavoured iced latte - Caramel - 2.75,  Speciality Tea - Earl Grey - 1.30,  Flat white - 2.15",9.95,CASH,
05/11/2020 14:30,Chesterfield,Raymond Hickman," Frappes - Strawberries & Cream - 2.75,  Babyccino - 0.00, Large Espresso - 1.80, Large Espresso - 1.80,  Flavoured iced latte - Caramel - 2.75",9.10,CASH,
05/11/2020 14:31,Chesterfield,Carmen Bowman," Glass of milk - 0.70,  Glass of milk - 0.70, Large Luxury hot chocolate - 2.70",4.10,CARD,4221524533928341
05/11/2020 14:32,Chesterfield,Richard Barbosa," Flavoured iced latte - Caramel - 2.75, Large Chai latte - 2.60,  Speciality Tea - English breakfast - 1.30,  Flat white - 2.15",8.80,CARD,4794638635924
05/11/2020 14:33,Chesterfield,Eric Becker," Speciality Tea - English breakfast - 1.30,  Flat white - 2.15, Regular Flavoured latte - Vanilla - 2.55",6.00,CARD,5129112542888225
05/11/2020 14:34,Chesterfield,Leonard Stiff,"Large Flavoured latte - Vanilla - 2.85,  Flavoured iced latte - Caramel - 2.75,  Flat white - 2.15",7.75,CASH,
05/11/2020 14:35,Chesterfield,Yvette Stokes," Flat white - 2.15,  Hot Chocolate - 1.40,  Speciality Tea - Earl Grey - 1.30,  Smoothies - Carrot Kick - 2.00",6.85,CARD,6011785877616573
05/11/2020 14:36,Chesterfield,James Fitzgerald, Red Label tea - 1.20,1.20,CARD,4524671441934
05/11/2020 14:37,Chesterfield,Elizabeth Defabio," Flavoured iced latte - Hazelnut - 2.75,  Red Label tea - 1.20,  Flavoured iced latte - Caramel - 2.75,  Flavoured iced latte - Vanilla - 2.75",9.45,CARD,4737958472741
05/11/2020 14:38,Chesterfield,James Kelly,Large Flavoured hot chocolate - Hazelnut - 2.90,2.90,CASH,
05/11/2020 14:39,Chesterfield,Larry Lovejoy,"Large Luxury hot chocolate - 2.70, Large Flavoured hot chocolate - Hazelnut - 2.90,  Smoothies - Carrot Kick - 2.00",7.60,CASH,
05/11/2020 14:40,Chesterfield,Gene Bala," Red Label tea - 1.20,  Speciality Tea - English breakfast - 1.30, Large Flavoured hot chocolate - Vanilla - 2.90,  Speciality Tea - Peppermint - 1.30, Large Latte - 2.45",9.15,CARD,4755556254188
05/11/2020 14:41,Chesterfield,Kim Madden," Red Label tea - 1.20, Regular Espresso - 1.50,  Flavoured iced latte - Hazelnut - 2.75",5.45,CARD,4894995217289158
05/11/2020 14:42,Chesterfield,Awilda Green, Flavoured iced latte - Vanilla - 2.75,2.75,CASH,
05/11/2020 14:43,Chesterfield,Kristi Rowe,"Large Filter coffee - 1.80, Large Flavoured hot chocolate - Vanilla - 2.90",4.70,CASH,
05/11/2020 14:44,Chesterfield,Michael Bonebright,"Large Luxury hot chocolate - 2.70,  Speciality Tea - Fruit - 1.30, Large Hot chocolate - 2.90,  Mocha - 2.30",9.20,CARD,5232625675336419
05/11/2020 14:45,Chesterfield,Karen Hampton,"Regular Flavoured hot chocolate - Hazelnut - 2.60, Regular Filter coffee - 1.50",4.10,CARD,4811873626773486
05/11/2020 14:46,Chesterfield,Karla Rogers," Smoothies - Carrot Kick - 2.00,  Flavoured iced latte - Vanilla - 2.75",4.75,CASH,
05/11/2020 14:47,Chesterfield,Ernest Haberman, Smoothies - Berry Beautiful - 2.00,2.00,CARD,5447321127166338
05/11/2020 14:48,Chesterfield,Patti Ficklin, Flavoured iced latte - Hazelnut - 2.75,2.75,CARD,348656198643595
05/11/2020 14:49,Chesterfield,Maxine Waggoner, Smoothies - Carrot Kick - 2.00,2.00,CARD,4777387154961217
05/11/2020 14:50,Chesterfield,Ann Tharp,"Large Americano - 2.25,  Flat white - 2.15,  Flavoured iced latte - Vanilla - 2.75,  Hot Chocolate - 1.40,  Red Label tea - 1.20",9.75,CASH,
05/11/2020 14:51,Chesterfield,Reginald Sammer,"Large Flavoured latte - Caramel - 2.85, Large Latte - 2.45,  Speciality Tea - Darjeeling - 1.30",6.60,CASH,
05/11/2020 14:52,Chesterfield,Marvin Webb,"Large Espresso - 1.80, Regular Flavoured latte - Hazelnut - 2.55, Large Chai latte - 2.60, Large Flavoured latte - Hazelnut - 2.85,  Cortado - 2.05",11.85,CARD,4165422251192992
05/11/2020 14:53,Chesterfield,Valentin Bryant, Speciality Tea - Peppermint - 1.30,1.30,CASH,
05/11/2020 14:55,Chesterfield,Michael Horne," Speciality Tea - Camomile - 1.30, Large Flavoured latte - Vanilla - 2.85,  Speciality Tea - Earl Grey - 1.30,  Flavoured iced latte - Caramel - 2.75",8.20,CASH,
05/11/2020 14:56,Chesterfield,Natalie Toledo, Frappes - Strawberries & Cream - 2.75,2.75,CASH,
05/11/2020 14:57,Chesterfield,Blanca Wakeman,Large Latte - 2.45,2.45,CASH,
05/11/2020 14:58,Chesterfield,Patricia Walker," Flavoured iced latte - Caramel - 2.75, Large Espresso - 1.80",4.55,CASH,
05/11/2020 14:59,Chesterfield,Mary Larsen," Speciality Tea - Fruit - 1.30,  Iced americano - 2.15,  Cortado - 2.05,  Cortado - 2.05",7.55,CARD,5231845942254135
05/11/2020 15:00,Chesterfield,Laura Sundt,"Large Chai latte - 2.60,  Flat white - 2.15",4.75,CASH,
05/11/2020 15:00,Chesterfield,Jeanette Cummings," Speciality Tea - Earl Grey - 1.30,  Flavoured iced latte - Vanilla - 2.75",4.05,CASH,
05/11/2020 15:01,Chesterfield,Lauren Beach," Smoothies - Carrot Kick - 2.00, Large Filter coffee - 1.80",3.80,CASH,
05/11/2020 15:01,Chesterfield,Ruth Crosson,"Large Espresso - 1.80,  Speciality Tea - Peppermint - 1.30, Large Flavoured latte - Gingerbread - 2.85, Large Espresso - 1.80",7.75,CASH,
05/11/2020 15:02,Chesterfield,Cindy Swaney," Iced americano - 2.15, Large Latte - 2.45,  Frappes - Chocolate Cookie - 2.75,  Smoothies - Glowing Greens - 2.00,  Iced americano - 2.15",11.50,CARD,6011847453214916
05/11/2020 15:03,Chesterfield,Steven Holtgrewe," Smoothies - Carrot Kick - 2.00,  Smoothies - Carrot Kick - 2.00,  Speciality Tea - Earl Grey - 1.30, Regular Americano - 1.95",7.25,CARD,6011386939479835
05/11/2020 15:03,Chesterfield,Daniel Savage," Speciality Tea - Darjeeling - 1.30,  Speciality Tea - Darjeeling - 1.30, Large Espresso - 1.80,  Flat white - 2.15, Large Latte - 2.45",9.00,CASH,
05/11/2020 15:04,Chesterfield,Jason Hollingsworth," Speciality Tea - Fruit - 1.30,  Flavoured iced latte - Hazelnut - 2.75, Large Cappuccino - 2.45, Regular Latte - 2.15",8.65,CARD,5288541771412637
05/11/2020 15:05,Chesterfield,Nathaniel Terrell," Flat white - 2.15, Large Chai latte - 2.60",4.75,CASH,
05/11/2020 15:05,Chesterfield,Norman Stokes," Speciality Tea - Peppermint - 1.30, Large Flavoured hot chocolate - Hazelnut - 2.90,  Smoothies - Berry Beautiful - 2.00, Regular Flavoured latte - Caramel - 2.55",8.75,CASH,
05/11/2020 15:06,Chesterfield,Major Troise," Mocha - 2.30,  Glass of milk - 0.70, Large Flavoured hot chocolate - Caramel - 2.90",5.90,CASH,
05/11/2020 15:06,Chesterfield,Jodie Stephens, Speciality Tea - Peppermint - 1.30,1.30,CARD,4718956761286523
05/11/2020 15:07,Chesterfield,Joseph Hogue, Flavoured iced latte - Hazelnut - 2.75,2.75,CARD,5369394853564566
05/11/2020 15:08,Chesterfield,Steven Rascon," Flat white - 2.15,  Speciality Tea - Earl Grey - 1.30, Large Cappuccino - 2.45",5.90,CARD,3759322428297210
05/11/2020 15:08,Chesterfield,Kimberly Berry,"Large Chai latte - 2.60, Regular Espresso - 1.50",4.10,CARD,60112659333965110
05/11/2020 15:09,Chesterfield,Sage Garza, Mocha - 2.30,2.30,CASH,
05/11/2020 15:10,Chesterfield,Ruth Smith,"Regular Latte - 2.15,  Flavoured iced latte - Caramel - 2.75",4.90,CARD,378379729446288
05/11/2020 15:10,Chesterfield,Gerardo Webb, Speciality Tea - English breakfast - 1.30,1.30,CASH,
05/11/2020 15:11,Chesterfield,Rebecca Parsons," Iced latte - 2.35, Large Flavoured hot chocolate - Vanilla - 2.90,  Speciality Tea - Peppermint - 1.30,  Frappes - Strawberries & Cream - 2.75,  Glass of milk - 0.70",10.00,CASH,
05/11/2020 15:11,Chesterfield,David Pruitt," Glass of milk - 0.70,  Smoothies - Berry Beautiful - 2.00, Large Flavoured latte - Caramel - 2.85",5.55,CARD,3446121134316110
05/11/2020 15:12,Chesterfield,Michael Giliberto," Frappes - Strawberries & Cream - 2.75, Large Luxury hot chocolate - 2.70, Large Latte - 2.45,  Speciality Tea - Camomile - 1.30,  Iced latte - 2.35",11.55,CARD,4531289147137979
05/11/2020 15:13,Chesterfield,Carmen James, Smoothies - Berry Beautiful - 2.00,2.00,CARD,6011792264559267
05/11/2020 15:13,Chesterfield,Shameka Beck,"Large Flavoured hot chocolate - Vanilla - 2.90, Large Flavoured latte - Vanilla - 2.85,  Flavoured iced latte - Hazelnut - 2.75,  Glass of milk - 0.70",9.20,CASH,
05/11/2020 15:14,Chesterfield,Jane White,"Large Chai latte - 2.60,  Speciality Tea - Fruit - 1.30,  Babyccino - 0.00",3.90,CARD,5261188274163563
05/11/2020 15:15,Chesterfield,William Gale,"Large Flavoured latte - Gingerbread - 2.85, Regular Flavoured hot chocolate - Vanilla - 2.60, Large Flavoured latte - Gingerbread - 2.85,  Flat white - 2.15",10.45,CARD,42668423954710
05/11/2020 15:15,Chesterfield,William Estes,"Large Flavoured latte - Gingerbread - 2.85, Large Flavoured latte - Vanilla - 2.85",5.70,CARD,3447372722499810
05/11/2020 15:16,Chesterfield,Charles Townsend,Large Flavoured latte - Hazelnut - 2.85,2.85,CASH,
05/11/2020 15:16,Chesterfield,Joseph White," Iced americano - 2.15, Large Hot chocolate - 2.90,  Speciality Tea - Peppermint - 1.30,  Flat white - 2.15",8.50,CARD,5153265945556481
05/11/2020 15:17,Chesterfield,Tabatha Hicks," Frappes - Chocolate Cookie - 2.75,  Speciality Tea - English breakfast - 1.30, Large Cappuccino - 2.45, Regular Latte - 2.15, Large Flavoured latte - Gingerbread - 2.85",11.50,CARD,5179448175335681
05/11/2020 15:18,Chesterfield,Rocio Davis,"Large Hot chocolate - 2.90, Large Flavoured hot chocolate - Caramel - 2.90, Large Flavoured latte - Vanilla - 2.85, Large Hot chocolate - 2.90",11.55,CARD,348455787615944
05/11/2020 15:18,Chesterfield,Martha Bruce, Smoothies - Carrot Kick - 2.00,2.00,CARD,5241232263398346
05/11/2020 15:19,Chesterfield,Alice Wilson," Red Label tea - 1.20,  Smoothies - Berry Beautiful - 2.00, Large Filter coffee - 1.80, Large Flavoured hot chocolate - Vanilla - 2.90",7.90,CARD,5534238881145882
05/11/2020 15:20,Chesterfield,Robert Myers,"Regular Hot chocolate - 2.20,  Babyccino - 0.00,  Flavoured iced latte - Hazelnut - 2.75",4.95,CASH,
05/11/2020 15:20,Chesterfield,Judy Strickland," Red Label tea - 1.20,  Iced latte - 2.35,  Glass of milk - 0.70",4.25,CARD,5542921393178794
05/11/2020 15:21,Chesterfield,Marion Coutermarsh," Flavoured iced latte - Caramel - 2.75,  Flavoured iced latte - Hazelnut - 2.75,  Speciality Tea - Peppermint - 1.30",6.80,CASH,
05/11/2020 15:21,Chesterfield,Lena Chreene," Frappes - Chocolate Cookie - 2.75,  Flavoured iced latte - Caramel - 2.75,  Flavoured iced latte - Vanilla - 2.75",8.25,CARD,6011514966951232
05/11/2020 15:22,Chesterfield,Lowell Thornton,"Large Hot chocolate - 2.90,  Frappes - Strawberries & Cream - 2.75,  Flavoured iced latte - Vanilla - 2.75,  Flat white - 2.15",10.55,CASH,
05/11/2020 15:23,Chesterfield,Dolores Gibson,"Large Americano - 2.25, Large Chai latte - 2.60",4.85,CARD,6011253853699493
05/11/2020 15:23,Chesterfield,Otha Brownell," Iced americano - 2.15,  Smoothies - Glowing Greens - 2.00,  Speciality Tea - English breakfast - 1.30, Large Cappuccino - 2.45,  Frappes - Strawberries & Cream - 2.75",10.65,CARD,4219727323539
05/11/2020 15:24,Chesterfield,Jon Wilson," Frappes - Strawberries & Cream - 2.75,  Red Label tea - 1.20, Large Hot chocolate - 2.90,  Flavoured iced latte - Vanilla - 2.75,  Flavoured iced latte - Caramel - 2.75",12.35,CARD,6011128438558457
05/11/2020 15:25,Chesterfield,Pauline Lair,"Large Filter coffee - 1.80,  Smoothies - Glowing Greens - 2.00,  Frappes - Strawberries & Cream - 2.75",6.55,CARD,355766969795878
05/11/2020 15:25,Chesterfield,Lindsy Whipple," Iced americano - 2.15, Large Flavoured hot chocolate - Vanilla - 2.90,  Speciality Tea - Peppermint - 1.30, Large Hot chocolate - 2.90",9.25,CARD,6011354454337259
05/11/2020 15:26,Chesterfield,Barry Easley," Babyccino - 0.00,  Frappes - Coffee - 2.75, Regular Flavoured hot chocolate - Vanilla - 2.60, Large Flavoured hot chocolate - Vanilla - 2.90",8.25,CASH,
05/11/2020 15:26,Chesterfield,Wanda Larson, Smoothies - Glowing Greens - 2.00,2.00,CASH,
05/11/2020 15:27,Chesterfield,Denise Peterson," Glass of milk - 0.70,  Hot Chocolate - 1.40,  Mocha - 2.30, Large Flavoured latte - Vanilla - 2.85",7.25,CARD,363594919419278
05/11/2020 15:28,Chesterfield,Minnie Wright," Iced americano - 2.15, Large Americano - 2.25,  Flat white - 2.15,  Iced americano - 2.15",8.70,CARD,353781935748432
05/11/2020 15:28,Chesterfield,Rosemary Pelter,"Large Flavoured hot chocolate - Caramel - 2.90,  Flavoured iced latte - Caramel - 2.75",5.65,CARD,4546331181455538
05/11/2020 15:29,Chesterfield,Robin Vickery," Mocha - 2.30,  Speciality Tea - Earl Grey - 1.30,  Flat white - 2.15,  Frappes - Strawberries & Cream - 2.75",8.50,CASH,
05/11/2020 15:30,Chesterfield,Maria Feiner," Smoothies - Carrot Kick - 2.00, Large Espresso - 1.80,  Flat white - 2.15,  Speciality Tea - English breakfast - 1.30",7.25,CASH,
05/11/2020 15:30,Chesterfield,Vicky Bevelacqua, Speciality Tea - Green - 1.30,1.30,CASH,
05/11/2020 15:31,Chesterfield,Robert Beltran," Smoothies - Berry Beautiful - 2.00,  Mocha - 2.30",4.30,CASH,
05/11/2020 15:31,Chesterfield,Matthew Braund," Babyccino - 0.00,  Iced latte - 2.35,  Cortado - 2.05",4.40,CASH,
05/11/2020 15:32,Chesterfield,Herbert Harris,"Large Chai latte - 2.60,  Babyccino - 0.00, Regular Latte - 2.15",4.75,CARD,4298866381249884
05/11/2020 15:33,Chesterfield,Glen Hyde," Frappes - Coffee - 2.75, Large Cappuccino - 2.45,  Hot Chocolate - 1.40",6.60,CARD,46598774948525910
05/11/2020 15:33,Chesterfield,Jack Griffin, Flat white - 2.15,2.15,CARD,5486965339276962
05/11/2020 15:34,Chesterfield,Helena Williams, Iced americano - 2.15,2.15,CASH,
05/11/2020 15:35,Chesterfield,Mildred Mcmurray,"Large Luxury hot chocolate - 2.70,  Flavoured iced latte - Hazelnut - 2.75,  Flavoured iced latte - Hazelnut - 2.75, Large Chai latte - 2.60",10.80,CARD,60114681698764910
05/11/2020 15:35,Chesterfield,Robert Sutherland," Speciality Tea - English breakfast - 1.30, Regular Flavoured latte - Hazelnut - 2.55,  Flavoured iced latte - Vanilla - 2.75,  Speciality Tea - Camomile - 1.30,  Frappes - Strawberries & Cream - 2.75",10.65,CARD,343559883815798
05/11/2020 15:36,Chesterfield,Tom Horner,Large Flavoured hot chocolate - Vanilla - 2.90,2.90,CARD,6011836754422955
05/11/2020 15:36,Chesterfield,David Wood, Speciality Tea - Earl Grey - 1.30,1.30,CASH,
05/11/2020 15:37,Chesterfield,Robert Abraham," Speciality Tea - Darjeeling - 1.30,  Frappes - Coffee - 2.75, Large Flavoured latte - Hazelnut - 2.85",6.90,CARD,5447732315486389
05/11/2020 15:38,Chesterfield,Stanley King, Speciality Tea - Fruit - 1.30,1.30,CASH,
05/11/2020 15:38,Chesterfield,Susan Rogers, Speciality Tea - Fruit - 1.30,1.30,CASH,
05/11/2020 15:39,Chesterfield,Helen Stpierre," Speciality Tea - Earl Grey - 1.30,  Flavoured iced latte - Caramel - 2.75, Large Flavoured hot chocolate - Caramel - 2.90,  Iced latte - 2.35",9.30,CASH,
05/11/2020 15:40,Chesterfield,Ozie Townsend," Smoothies - Carrot Kick - 2.00,  Speciality Tea - Earl Grey - 1.30, Large Luxury hot chocolate - 2.70, Large Latte - 2.45,  Frappes - Coffee - 2.75",11.20,CASH,
05/11/2020 15:40,Chesterfield,Steven Little," Flavoured iced latte - Hazelnut - 2.75,  Speciality Tea - Green - 1.30,  Cortado - 2.05, Large Cappuccino - 2.45, Large Latte - 2.45",11.00,CARD,53485563671561810
05/11/2020 15:41,Chesterfield,Walter Roberts, Flavoured iced latte - Caramel - 2.75,2.75,CASH,
05/11/2020 15:41,Chesterfield,Helen Ellison," Flavoured iced latte - Hazelnut - 2.75,  Speciality Tea - Fruit - 1.30",4.05,CASH,
05/11/2020 15:42,Chesterfield,Barbara Burke," Glass of milk - 0.70,  Speciality Tea - Darjeeling - 1.30",2.00,CASH,
05/11/2020 15:43,Chesterfield,Jose Cargile," Speciality Tea - Darjeeling - 1.30, Large Flavoured latte - Hazelnut - 2.85,  Flavoured iced latte - Hazelnut - 2.75, Large Flavoured hot chocolate - Hazelnut - 2.90",9.80,CASH,
05/11/2020 15:43,Chesterfield,Rachel Tyree," Speciality Tea - Camomile - 1.30,  Smoothies - Glowing Greens - 2.00, Large Luxury hot chocolate - 2.70,  Speciality Tea - Green - 1.30",7.30,CARD,6011786134145463
05/11/2020 15:44,Chesterfield,Greg Reed," Speciality Tea - Green - 1.30,  Flavoured iced latte - Hazelnut - 2.75",4.05,CARD,341789376187973
05/11/2020 15:44,Chesterfield,Anna Patel," Smoothies - Berry Beautiful - 2.00, Regular Luxury hot chocolate - 2.40",4.40,CARD,5137384754221755
05/11/2020 15:45,Chesterfield,Juan Matthews, Speciality Tea - Green - 1.30,1.30,CARD,357631787386813
05/11/2020 15:46,Chesterfield,Erick Christ," Flavoured iced latte - Caramel - 2.75,  Speciality Tea - English breakfast - 1.30,  Hot Chocolate - 1.40,  Speciality Tea - Green - 1.30,  Flat white - 2.15",8.90,CASH,
05/11/2020 15:46,Chesterfield,Leonard Woods," Speciality Tea - English breakfast - 1.30,  Speciality Tea - Peppermint - 1.30,  Mocha - 2.30,  Speciality Tea - Peppermint - 1.30",6.20,CARD,6011298329564573
05/11/2020 15:47,Chesterfield,Edwin Mccann,"Large Flavoured hot chocolate - Hazelnut - 2.90,  Speciality Tea - Green - 1.30, Regular Cappuccino - 2.15",6.35,CARD,4119343893644
05/11/2020 15:48,Chesterfield,Trevor Morrill,"Large Flavoured hot chocolate - Hazelnut - 2.90,  Babyccino - 0.00, Regular Flavoured latte - Caramel - 2.55",5.45,CASH,
05/11/2020 15:48,Chesterfield,Marian Martinez," Flat white - 2.15, Large Flavoured hot chocolate - Vanilla - 2.90,  Smoothies - Glowing Greens - 2.00,  Babyccino - 0.00",7.05,CASH,
05/11/2020 15:49,Chesterfield,Willie Conger," Smoothies - Carrot Kick - 2.00,  Hot Chocolate - 1.40,  Speciality Tea - Earl Grey - 1.30,  Iced latte - 2.35",7.05,CASH,
05/11/2020 15:49,Chesterfield,David Rodriguez,Large Americano - 2.25,2.25,CASH,
05/11/2020 15:50,Chesterfield,John Box,"Large Cappuccino - 2.45,  Iced americano - 2.15,  Flavoured iced latte - Caramel - 2.75, Large Flavoured hot chocolate - Caramel - 2.90,  Flavoured iced latte - Caramel - 2.75",13.00,CASH,
05/11/2020 15:51,Chesterfield,Elvin Ferrara," Speciality Tea - Green - 1.30, Large Flavoured hot chocolate - Caramel - 2.90",4.20,CARD,342863651247361
05/11/2020 15:51,Chesterfield,Roger Strother," Flat white - 2.15, Regular Hot chocolate - 2.20,  Speciality Tea - Peppermint - 1.30,  Cortado - 2.05",7.70,CARD,6011788911875312
05/11/2020 15:52,Chesterfield,Robert Gossett, Red Label tea - 1.20,1.20,CARD,6011297155888262
05/11/2020 15:53,Chesterfield,Sandra Cason,"Large Latte - 2.45, Large Cappuccino - 2.45",4.90,CARD,362232246796198
05/11/2020 15:53,Chesterfield,Harold Bailey, Smoothies - Berry Beautiful - 2.00,2.00,CARD,4911344817899
05/11/2020 15:54,Chesterfield,Velia Gaines,Large Flavoured hot chocolate - Vanilla - 2.90,2.90,CASH,
05/11/2020 15:55,Chesterfield,Jon Barnard," Speciality Tea - Green - 1.30,  Frappes - Chocolate Cookie - 2.75,  Speciality Tea - Camomile - 1.30,  Babyccino - 0.00",5.35,CASH,
05/11/2020 15:55,Chesterfield,Kelli Long,"Large Latte - 2.45,  Smoothies - Berry Beautiful - 2.00,  Flavoured iced latte - Caramel - 2.75",7.20,CASH,
05/11/2020 15:56,Chesterfield,Karen Esquivez, Flat white - 2.15,2.15,CARD,4958323954733598
05/11/2020 15:56,Chesterfield,Jerry Palm,"Large Filter coffee - 1.80,  Frappes - Strawberries & Cream - 2.75,  Flat white - 2.15,  Smoothies - Glowing Greens - 2.00",8.70,CARD,5542978378157961
05/11/2020 15:57,Chesterfield,Colleen Magallan," Frappes - Coffee - 2.75, Regular Hot chocolate - 2.20",4.95,CARD,4237781424266
05/11/2020 15:58,Chesterfield,Kenneth Golden," Flavoured iced latte - Hazelnut - 2.75, Large Flavoured latte - Hazelnut - 2.85,  Speciality Tea - Camomile - 1.30,  Flat white - 2.15",9.05,CASH,
05/11/2020 15:58,Chesterfield,Frank Stonerock,"Large Hot chocolate - 2.90,  Smoothies - Carrot Kick - 2.00, Large Espresso - 1.80",6.70,CASH,
05/11/2020 15:59,Chesterfield,Harry Sutton,"Large Americano - 2.25, Regular Cappuccino - 2.15,  Speciality Tea - Fruit - 1.30,  Mocha - 2.30,  Frappes - Coffee - 2.75",10.75,CARD,4633588664177244
05/11/2020 16:00,Chesterfield,Mary Christie,"Regular Espresso - 1.50, Large Flavoured latte - Caramel - 2.85",4.35,CARD,4971971368947
05/11/2020 16:01,Chesterfield,Jean Duff, Babyccino - 0.00,0.00,CARD,4239997569918
05/11/2020 16:03,Chesterfield,Angie Fuentes," Flavoured iced latte - Hazelnut - 2.75,  Mocha - 2.30,  Speciality Tea - Earl Grey - 1.30,  Speciality Tea - Darjeeling - 1.30,  Speciality Tea - English breakfast - 1.30",8.95,CARD,5457168354614317
05/11/2020 16:05,Chesterfield,Michael Smith,Large Latte - 2.45,2.45,CASH,
05/11/2020 16:07,Chesterfield,Marcus Pike,"Regular Latte - 2.15, Large Flavoured hot chocolate - Hazelnut - 2.90",5.05,CASH,
05/11/2020 16:08,Chesterfield,Bill Stern," Speciality Tea - Fruit - 1.30, Large Flavoured latte - Gingerbread - 2.85",4.15,CASH,
05/11/2020 16:10,Chesterfield,Robert Holland," Mocha - 2.30,  Frappes - Strawberries & Cream - 2.75, Large Americano - 2.25, Regular Hot chocolate - 2.20",9.50,CARD,4112879121811
05/11/2020 16:12,Chesterfield,Dana Houchins," Flavoured iced latte - Vanilla - 2.75, Large Chai latte - 2.60, Large Flavoured hot chocolate - Caramel - 2.90",8.25,CARD,365494845294747
05/11/2020 16:14,Chesterfield,Nancy Thomas," Speciality Tea - Fruit - 1.30,  Flat white - 2.15",3.45,CARD,6011688415436175
05/11/2020 16:15,Chesterfield,Jonathan Schuyler," Flat white - 2.15,  Flat white - 2.15,  Flat white - 2.15,  Smoothies - Berry Beautiful - 2.00",8.45,CASH,
05/11/2020 16:17,Chesterfield,Lee Davidson," Red Label tea - 1.20, Large Flavoured hot chocolate - Vanilla - 2.90, Regular Flavoured hot chocolate - Vanilla - 2.60",6.70,CASH,
05/11/2020 16:19,Chesterfield,Krista Savage," Iced americano - 2.15, Large Flavoured hot chocolate - Vanilla - 2.90,  Speciality Tea - English breakfast - 1.30,  Mocha - 2.30",8.65,CASH,
05/11/2020 16:21,Chesterfield,Rosaura Evans," Glass of milk - 0.70,  Frappes - Strawberries & Cream - 2.75, Large Flavoured hot chocolate - Hazelnut - 2.90",6.35,CASH,
05/11/2020 16:22,Chesterfield,Robert Pipkin, Iced latte - 2.35,2.35,CARD,5374281644249651
05/11/2020 16:24,Chesterfield,Erica Phillips, Speciality Tea - English breakfast - 1.30,1.30,CARD,4256739336177684
05/11/2020 16:26,Chesterfield,Cheryl Cooper, Iced latte - 2.35,2.35,CARD,5414384912422687
05/11/2020 16:28,Chesterfield,Faye Cordero," Flavoured iced latte - Caramel - 2.75,  Cortado - 2.05",4.80,CARD,344148668595442
05/11/2020 16:29,Chesterfield,Ruth Grimes," Flavoured iced latte - Vanilla - 2.75,  Flavoured iced latte - Hazelnut - 2.75",5.50,CASH,
05/11/2020 16:31,Chesterfield,Robert Mcalvain,"Regular Latte - 2.15,  Smoothies - Berry Beautiful - 2.00, Large Flavoured latte - Gingerbread - 2.85, Large Flavoured hot chocolate - Vanilla - 2.90",9.90,CARD,6011832745862458
05/11/2020 16:33,Chesterfield,Marlena Hildebrand, Smoothies - Carrot Kick - 2.00,2.00,CARD,6011422327136321
05/11/2020 16:35,Chesterfield,Kristy Joachim," Speciality Tea - Fruit - 1.30, Large Espresso - 1.80, Large Flavoured latte - Caramel - 2.85, Large Americano - 2.25,  Red Label tea - 1.20",9.40,CARD,379945538579615
05/11/2020 16:36,Chesterfield,Ronald Monteleone," Speciality Tea - Camomile - 1.30, Large Flavoured latte - Vanilla - 2.85",4.15,CARD,4788379272532951
05/11/2020 16:38,Chesterfield,Steven Swain,"Regular Flavoured hot chocolate - Vanilla - 2.60,  Babyccino - 0.00",2.60,CASH,
05/11/2020 16:40,Chesterfield,Stella Drayton," Speciality Tea - Green - 1.30,  Flat white - 2.15,  Cortado - 2.05",5.50,CARD,5325867873572191
05/11/2020 16:42,Chesterfield,Emmanuel Alanis," Frappes - Chocolate Cookie - 2.75,  Frappes - Coffee - 2.75, Large Latte - 2.45, Large Flavoured latte - Vanilla - 2.85",10.80,CARD,46682371548464910
05/11/2020 16:43,Chesterfield,Bobby Mcguigan," Flat white - 2.15,  Speciality Tea - Earl Grey - 1.30,  Frappes - Chocolate Cookie - 2.75",6.20,CARD,5235381819668856
05/11/2020 16:45,Chesterfield,Maria Rodriguez," Frappes - Chocolate Cookie - 2.75,  Flavoured iced latte - Hazelnut - 2.75,  Flat white - 2.15,  Flat white - 2.15",9.80,CARD,53995149138786810
05/11/2020 16:47,Chesterfield,Charlene Topolinski,"Large Chai latte - 2.60, Large Flavoured latte - Vanilla - 2.85,  Iced latte - 2.35,  Flavoured iced latte - Caramel - 2.75, Large Chai latte - 2.60",13.15,CASH,
05/11/2020 16:49,Chesterfield,Betty Poirrier," Hot Chocolate - 1.40, Large Latte - 2.45,  Hot Chocolate - 1.40,  Hot Chocolate - 1.40,  Smoothies - Berry Beautiful - 2.00",8.65,CARD,346497458415974
05/11/2020 16:50,Chesterfield,Melissa Zbell, Flavoured iced latte - Hazelnut - 2.75,2.75,CARD,4191916227336
05/11/2020 16:52,Chesterfield,Benny Cole," Speciality Tea - English breakfast - 1.30,  Frappes - Chocolate Cookie - 2.75,  Speciality Tea - Green - 1.30,  Red Label tea - 1.20,  Speciality Tea - Green - 1.30",7.85,CASH,
05/11/2020 16:54,Chesterfield,Dean Harrington, Flavoured iced latte - Vanilla - 2.75,2.75,CASH,
05/11/2020 16:56,Chesterfield,Shari Martin," Iced americano - 2.15,  Speciality Tea - Fruit - 1.30, Large Espresso - 1.80",5.25,CARD,4163644954861
05/11/2020 16:58,Chesterfield,Tyrone Sinclair, Speciality Tea - Fruit - 1.30,1.30,CASH,
05/11/2020 16:59,Chesterfield,Destiny Baca, Flat white - 2.15,2.15,CASH,
