12/11/2020 08:10,Portsmouth,Alan Smithee," Speciality Tea - Fruit - 1.30,  Cortado - 2.05,  Frappes - Strawberries & Cream - 2.75",6.10,CARD,1717408454942246
12/11/2020 08:12,Portsmouth,Alan Smithee,"Large Flavoured latte - Hazelnut - 2.85, Regular Filter coffee - 1.50,  Iced latte - 2.35",6.70,CASH,
12/11/2020 08:14,Portsmouth,Alan Smithee," Speciality Tea - Green - 1.30,  Smoothies - Berry Beautiful - 2.00,  Smoothies - Glowing Greens - 2.00,  Speciality Tea - Camomile - 1.30",6.60,CASH,
12/11/2020 08:17,Portsmouth,Alan Smithee, Speciality Tea - Camomile - 1.30,1.30,CASH,
12/11/2020 08:19,Portsmouth,Alan Smithee," Frappes - Chocolate Cookie - 2.75, Large Flavoured latte - Caramel - 2.85,  Speciality Tea - Fruit - 1.30,  Frappes - Strawberries & Cream - 2.75,  Speciality Tea - Fruit - 1.30",10.95,CASH,
12/11/2020 08:22,Portsmouth,Alan Smithee, Babyccino - 0.00,.0,CARD,265281028523806
12/11/2020 08:24,Portsmouth,Alan Smithee," Speciality Tea - Darjeeling - 1.30, Large Cappuccino - 2.45,  Frappes - Chocolate Cookie - 2.75,  Iced americano - 2.15,  Red label tea - 1.20",9.85,CASH,
12/11/2020 08:26,Portsmouth,Alan Smithee," Flavoured iced latte - Caramel - 2.75, Regular Cappuccino - 2.15",4.90,CARD,5349691115315544
12/11/2020 08:29,Portsmouth,Alan Smithee,Large Filter coffee - 1.80,1.80,CASH,
12/11/2020 08:31,Portsmouth,Alan Smithee," Red label tea - 1.20, Large Chai latte - 2.60",3.80,CARD,1382976537570796
12/11/2020 08:34,Portsmouth,Alan Smithee," Smoothies - Carrot Kick - 2.00, Regular Filter coffee - 1.50,  Glass of milk - 0.70",4.20,CASH,
12/11/2020 08:36,Portsmouth,Alan Smithee,"Large Flavoured hot chocolate - Caramel - 2.90, Large Flavoured latte - Caramel - 2.85, Regular Chai latte - 2.30, Large Flavoured latte - Caramel - 2.85,  Babyccino - 0.00",10.90,CARD,78230091679463329
12/11/2020 08:38,Portsmouth,Alan Smithee, Flat white - 2.15,2.15,CARD,15503130286907108
12/11/2020 08:41,Portsmouth,Alan Smithee, Smoothies - Carrot Kick - 2.00,2.00,CARD,1373690001826709
12/11/2020 08:43,Portsmouth,Alan Smithee, Speciality Tea - Green - 1.30,1.30,CASH,
12/11/2020 08:46,Portsmouth,Alan Smithee,"Large Flavoured latte - Hazelnut - 2.85,  Frappes - Chocolate Cookie - 2.75,  Frappes - Strawberries & Cream - 2.75, Large Flavoured hot chocolate - Vanilla - 2.90,  Speciality Tea - Earl Grey - 1.30",12.55,CASH,
12/11/2020 08:48,Portsmouth,Alan Smithee," Speciality Tea - Fruit - 1.30,  Red label tea - 1.20, Regular Filter coffee - 1.50,  Frappes - Strawberries & Cream - 2.75",6.75,CASH,
12/11/2020 08:50,Portsmouth,Alan Smithee, Iced americano - 2.15,2.15,CARD,0333343693978282
12/11/2020 08:53,Portsmouth,Alan Smithee," Speciality Tea - Camomile - 1.30, Regular Chai latte - 2.30,  Flavoured iced latte - Hazelnut - 2.75,  Flat white - 2.15",8.50,CARD,1284393343980447
12/11/2020 08:55,Portsmouth,Alan Smithee," Glass of milk - 0.70, Large Flavoured hot chocolate - Hazelnut - 2.90, Regular Flavoured hot chocolate - Caramel - 2.60",6.20,CARD,9216298763650
12/11/2020 08:58,Portsmouth,Alan Smithee," Iced americano - 2.15,  Smoothies - Carrot Kick - 2.00,  Flat white - 2.15,  Mocha - 2.30",8.60,CARD,8825661876319
12/11/2020 09:00,Portsmouth,Alan Smithee," Babyccino - 0.00,  Speciality Tea - Camomile - 1.30,  Flavoured iced latte - Caramel - 2.75,  Babyccino - 0.00, Regular Flavoured latte - Hazelnut - 2.55",6.60,CASH,
12/11/2020 09:02,Portsmouth,Alan Smithee," Speciality Tea - Green - 1.30,  Cortado - 2.05, Regular Filter coffee - 1.50,  Glass of milk - 0.70",5.55,CASH,
12/11/2020 09:05,Portsmouth,Alan Smithee," Speciality Tea - Peppermint - 1.30,  Smoothies - Carrot Kick - 2.00,  Cortado - 2.05,  Iced americano - 2.15, Regular Flavoured hot chocolate - Vanilla - 2.60",10.10,CASH,
12/11/2020 09:07,Portsmouth,Alan Smithee,Regular Latte - 2.15,2.15,CARD,6011067090183525
12/11/2020 09:10,Portsmouth,Alan Smithee," Flavoured iced latte - Vanilla - 2.75,  Speciality Tea - Green - 1.30",4.05,CASH,
12/11/2020 09:12,Portsmouth,Alan Smithee,"Large Flavoured hot chocolate - Caramel - 2.90, Large Flavoured hot chocolate - Caramel - 2.90",5.80,CARD,7876298332167265
12/11/2020 09:14,Portsmouth,Alan Smithee,Large Flavoured hot chocolate - Caramel - 2.90,2.90,CARD,0771668678263134
12/11/2020 09:17,Portsmouth,Alan Smithee," Speciality Tea - Camomile - 1.30, Regular Flavoured latte - Hazelnut - 2.55",3.85,CASH,
12/11/2020 09:19,Portsmouth,Alan Smithee, Smoothies - Glowing Greens - 2.00,2.00,CARD,0398398123418
12/11/2020 09:22,Portsmouth,Alan Smithee,Regular Cappuccino - 2.15,2.15,CARD,503570721131057
12/11/2020 09:24,Portsmouth,Alan Smithee," Frappes - Chocolate Cookie - 2.75,  Smoothies - Glowing Greens - 2.00,  Speciality Tea - Darjeeling - 1.30,  Speciality Tea - Fruit - 1.30,  Smoothies - Glowing Greens - 2.00",9.35,CARD,87853380027224076
12/11/2020 09:26,Portsmouth,Alan Smithee,"Regular Flavoured hot chocolate - Vanilla - 2.60,  Hot chocolate - 1.40",4.00,CARD,5560843194453136
12/11/2020 09:29,Portsmouth,Alan Smithee," Speciality Tea - Green - 1.30,  Mocha - 2.30",3.60,CARD,4293726517898
12/11/2020 09:31,Portsmouth,Alan Smithee," Iced latte - 2.35, Regular Flavoured latte - Hazelnut - 2.55, Large Flavoured hot chocolate - Hazelnut - 2.90,  Hot chocolate - 1.40",9.20,CASH,
12/11/2020 09:34,Portsmouth,Alan Smithee,"Large Flavoured hot chocolate - Caramel - 2.90, Large Latte - 2.45",5.35,CASH,
12/11/2020 09:36,Portsmouth,Alan Smithee," Speciality Tea - Peppermint - 1.30,  Speciality Tea - Fruit - 1.30,  Frappes - Chocolate Cookie - 2.75",5.35,CARD,45377991193373
12/11/2020 09:38,Portsmouth,Alan Smithee," Speciality Tea - Green - 1.30, Large Cappuccino - 2.45,  Flat white - 2.15,  Smoothies - Glowing Greens - 2.00,  Flat white - 2.15",10.05,CASH,
12/11/2020 09:41,Portsmouth,Alan Smithee,Large Luxury hot chocolate - 2.70,2.70,CASH,
12/11/2020 09:43,Portsmouth,Alan Smithee,"Large Flavoured hot chocolate - Caramel - 2.90,  Speciality Tea - Peppermint - 1.30,  Speciality Tea - English breakfast - 1.30, Regular Chai latte - 2.30, Regular Flavoured latte - Hazelnut - 2.55",10.35,CASH,
12/11/2020 09:46,Portsmouth,Alan Smithee," Babyccino - 0.00,  Speciality Tea - Fruit - 1.30",1.30,CARD,7772106740876259
12/11/2020 09:48,Portsmouth,Alan Smithee, Hot chocolate - 1.40,1.40,CASH,
12/11/2020 09:50,Portsmouth,Alan Smithee," Mocha - 2.30, Large Flavoured latte - Caramel - 2.85, Large Flavoured latte - Gingerbread - 2.85, Large Flavoured hot chocolate - Vanilla - 2.90",10.90,CASH,
12/11/2020 09:53,Portsmouth,Alan Smithee," Iced americano - 2.15,  Iced americano - 2.15,  Smoothies - Carrot Kick - 2.00, Regular Chai latte - 2.30",8.60,CASH,
12/11/2020 09:55,Portsmouth,Alan Smithee," Speciality Tea - Fruit - 1.30,  Speciality Tea - Peppermint - 1.30,  Smoothies - Berry Beautiful - 2.00, Large Americano - 2.25,  Mocha - 2.30",9.15,CASH,
12/11/2020 09:58,Portsmouth,Alan Smithee," Smoothies - Carrot Kick - 2.00,  Frappes - Strawberries & Cream - 2.75,  Speciality Tea - Green - 1.30",6.05,CARD,45334334184653294
12/11/2020 10:00,Portsmouth,Alan Smithee," Red label tea - 1.20,  Speciality Tea - Earl Grey - 1.30",2.50,CARD,1007362760467441
12/11/2020 10:01,Portsmouth,Alan Smithee," Smoothies - Carrot Kick - 2.00,  Frappes - Chocolate Cookie - 2.75,  Flat white - 2.15",6.90,CASH,
12/11/2020 10:01,Portsmouth,Alan Smithee, Flat white - 2.15,2.15,CASH,
12/11/2020 10:02,Portsmouth,Alan Smithee," Flavoured iced latte - Vanilla - 2.75,  Speciality Tea - Peppermint - 1.30,  Flat white - 2.15,  Frappes - Chocolate Cookie - 2.75,  Hot chocolate - 1.40",10.35,CASH,
12/11/2020 10:02,Portsmouth,Alan Smithee,"Large Cappuccino - 2.45,  Smoothies - Berry Beautiful - 2.00",4.45,CARD,455827052193700
12/11/2020 10:03,Portsmouth,Alan Smithee," Smoothies - Glowing Greens - 2.00,  Hot chocolate - 1.40,  Speciality Tea - Darjeeling - 1.30, Large Cappuccino - 2.45",7.15,CASH,
12/11/2020 10:04,Portsmouth,Alan Smithee, Speciality Tea - English breakfast - 1.30,1.30,CARD,7458657756548963
12/11/2020 10:04,Portsmouth,Alan Smithee, Speciality Tea - Fruit - 1.30,1.30,CASH,
12/11/2020 10:05,Portsmouth,Alan Smithee," Speciality Tea - Darjeeling - 1.30,  Frappes - Strawberries & Cream - 2.75,  Speciality Tea - English breakfast - 1.30,  Speciality Tea - Darjeeling - 1.30,  Speciality Tea - Earl Grey - 1.30",7.95,CASH,
12/11/2020 10:06,Portsmouth,Alan Smithee, Speciality Tea - Darjeeling - 1.30,1.30,CARD,7841955594317
12/11/2020 10:06,Portsmouth,Alan Smithee," Flat white - 2.15, Large Flavoured latte - Hazelnut - 2.85, Large Flavoured latte - Caramel - 2.85, Large Chai latte - 2.60,  Iced latte - 2.35",12.80,CASH,
12/11/2020 10:07,Portsmouth,Alan Smithee, Smoothies - Berry Beautiful - 2.00,2.00,CASH,
12/11/2020 10:07,Portsmouth,Alan Smithee," Frappes - Coffee - 2.75, Regular Cappuccino - 2.15,  Cortado - 2.05",6.95,CASH,
12/11/2020 10:08,Portsmouth,Alan Smithee,"Regular Flavoured latte - Hazelnut - 2.55, Large Cappuccino - 2.45, Large Flavoured hot chocolate - Caramel - 2.90",7.90,CASH,
12/11/2020 10:09,Portsmouth,Alan Smithee, Iced latte - 2.35,2.35,CARD,6011608083035832
12/11/2020 10:09,Portsmouth,Alan Smithee, Flavoured iced latte - Vanilla - 2.75,2.75,CARD,6460939267981
12/11/2020 10:10,Portsmouth,Alan Smithee, Flat white - 2.15,2.15,CARD,2656190627707
12/11/2020 10:11,Portsmouth,Alan Smithee, Speciality Tea - English breakfast - 1.30,1.30,CASH,
12/11/2020 10:11,Portsmouth,Alan Smithee,"Large Luxury hot chocolate - 2.70, Large Filter coffee - 1.80,  Speciality Tea - Fruit - 1.30",5.80,CARD,0022544485343
12/11/2020 10:12,Portsmouth,Alan Smithee," Flavoured iced latte - Caramel - 2.75, Regular Flavoured hot chocolate - Vanilla - 2.60,  Flavoured iced latte - Caramel - 2.75,  Speciality Tea - Green - 1.30",9.40,CARD,6011207157120594
12/11/2020 10:12,Portsmouth,Alan Smithee," Flavoured iced latte - Hazelnut - 2.75,  Iced latte - 2.35",5.10,CARD,0235204185268306
12/11/2020 10:13,Portsmouth,Alan Smithee," Flavoured iced latte - Caramel - 2.75,  Glass of milk - 0.70,  Frappes - Strawberries & Cream - 2.75, Large Cappuccino - 2.45,  Smoothies - Berry Beautiful - 2.00",10.65,CASH,
12/11/2020 10:14,Portsmouth,Alan Smithee,"Regular Americano - 1.95,  Flavoured iced latte - Hazelnut - 2.75",4.70,CARD,1616684679297
12/11/2020 10:14,Portsmouth,Alan Smithee,"Regular Cappuccino - 2.15, Large Latte - 2.45,  Hot chocolate - 1.40,  Babyccino - 0.00,  Speciality Tea - Camomile - 1.30",7.30,CASH,
12/11/2020 10:15,Portsmouth,Alan Smithee, Speciality Tea - Darjeeling - 1.30,1.30,CARD,530155693501871
12/11/2020 10:16,Portsmouth,Alan Smithee,"Large Chai latte - 2.60,  Iced latte - 2.35,  Babyccino - 0.00,  Flavoured iced latte - Caramel - 2.75,  Flavoured iced latte - Vanilla - 2.75",10.45,CARD,7081380588811712
12/11/2020 10:16,Portsmouth,Alan Smithee," Frappes - Chocolate Cookie - 2.75,  Glass of milk - 0.70,  Speciality Tea - Darjeeling - 1.30",4.75,CARD,6011985760048035
12/11/2020 10:17,Portsmouth,Alan Smithee, Flavoured iced latte - Vanilla - 2.75,2.75,CASH,
12/11/2020 10:17,Portsmouth,Alan Smithee," Speciality Tea - Green - 1.30, Large Chai latte - 2.60,  Speciality Tea - English breakfast - 1.30,  Flavoured iced latte - Vanilla - 2.75,  Speciality Tea - Camomile - 1.30",9.25,CARD,5333479646279811
12/11/2020 10:18,Portsmouth,Alan Smithee," Speciality Tea - Fruit - 1.30,  Iced latte - 2.35,  Cortado - 2.05,  Flat white - 2.15,  Mocha - 2.30",10.15,CASH,
12/11/2020 10:19,Portsmouth,Alan Smithee," Glass of milk - 0.70,  Speciality Tea - Green - 1.30, Regular Flavoured hot chocolate - Hazelnut - 2.60",4.60,CASH,
12/11/2020 10:19,Portsmouth,Alan Smithee,"Large Chai latte - 2.60,  Smoothies - Berry Beautiful - 2.00,  Speciality Tea - Earl Grey - 1.30,  Flat white - 2.15",8.05,CASH,
12/11/2020 10:20,Portsmouth,Alan Smithee," Iced americano - 2.15,  Flat white - 2.15",4.30,CARD,4585784395507
12/11/2020 10:21,Portsmouth,Alan Smithee," Smoothies - Glowing Greens - 2.00,  Frappes - Strawberries & Cream - 2.75,  Hot chocolate - 1.40,  Smoothies - Berry Beautiful - 2.00",8.15,CARD,4443523343607
12/11/2020 10:21,Portsmouth,Alan Smithee," Speciality Tea - Earl Grey - 1.30,  Speciality Tea - Camomile - 1.30,  Smoothies - Carrot Kick - 2.00",4.60,CASH,
12/11/2020 10:22,Portsmouth,Alan Smithee," Cortado - 2.05, Regular Flavoured hot chocolate - Caramel - 2.60, Regular Latte - 2.15,  Speciality Tea - Peppermint - 1.30, Regular Flavoured hot chocolate - Vanilla - 2.60",10.70,CARD,114427223077528
12/11/2020 10:22,Portsmouth,Alan Smithee," Speciality Tea - Peppermint - 1.30,  Frappes - Strawberries & Cream - 2.75",4.05,CASH,
12/11/2020 10:23,Portsmouth,Alan Smithee,"Regular Espresso - 1.50, Large Filter coffee - 1.80,  Flavoured iced latte - Vanilla - 2.75",6.05,CARD,4473268988620719
12/11/2020 10:24,Portsmouth,Alan Smithee,"Regular Flavoured latte - Gingerbread - 2.55,  Smoothies - Carrot Kick - 2.00",4.55,CARD,3256755888183224
12/11/2020 10:24,Portsmouth,Alan Smithee, Smoothies - Carrot Kick - 2.00,2.00,CARD,1633884752372750
12/11/2020 10:25,Portsmouth,Alan Smithee," Speciality Tea - Camomile - 1.30, Regular Flavoured latte - Hazelnut - 2.55",3.85,CARD,6011951241574832
12/11/2020 10:26,Portsmouth,Alan Smithee,"Large Flavoured latte - Hazelnut - 2.85,  Hot chocolate - 1.40, Regular Americano - 1.95",6.20,CASH,
12/11/2020 10:26,Portsmouth,Alan Smithee," Cortado - 2.05, Regular Latte - 2.15, Large Flavoured latte - Vanilla - 2.85,  Smoothies - Carrot Kick - 2.00, Large Chai latte - 2.60",11.65,CARD,348833290597723
12/11/2020 10:27,Portsmouth,Alan Smithee,"Large Luxury hot chocolate - 2.70,  Speciality Tea - Camomile - 1.30",4.00,CASH,
12/11/2020 10:27,Portsmouth,Alan Smithee," Speciality Tea - Earl Grey - 1.30,  Red label tea - 1.20, Large Flavoured latte - Vanilla - 2.85,  Frappes - Strawberries & Cream - 2.75,  Speciality Tea - Green - 1.30",9.40,CARD,6011982852832135
12/11/2020 10:28,Portsmouth,Alan Smithee," Flat white - 2.15,  Speciality Tea - Green - 1.30",3.45,CASH,
12/11/2020 10:29,Portsmouth,Alan Smithee," Smoothies - Berry Beautiful - 2.00,  Frappes - Chocolate Cookie - 2.75,  Speciality Tea - English breakfast - 1.30,  Mocha - 2.30,  Red label tea - 1.20",9.55,CARD,5352262885013940
12/11/2020 10:29,Portsmouth,Alan Smithee," Speciality Tea - Fruit - 1.30,  Frappes - Coffee - 2.75,  Glass of milk - 0.70,  Red label tea - 1.20, Regular Luxury hot chocolate - 2.40",8.35,CASH,
12/11/2020 10:30,Portsmouth,Alan Smithee," Babyccino - 0.00,  Iced americano - 2.15, Large Espresso - 1.80,  Frappes - Chocolate Cookie - 2.75, Large Luxury hot chocolate - 2.70",9.40,CARD,659956836606382
12/11/2020 10:31,Portsmouth,Alan Smithee," Hot chocolate - 1.40, Large Latte - 2.45,  Smoothies - Glowing Greens - 2.00",5.85,CASH,
12/11/2020 10:31,Portsmouth,Alan Smithee,"Large Flavoured hot chocolate - Vanilla - 2.90, Large Flavoured hot chocolate - Hazelnut - 2.90,  Speciality Tea - Fruit - 1.30",7.10,CASH,
12/11/2020 10:32,Portsmouth,Alan Smithee,Regular Espresso - 1.50,1.50,CASH,
12/11/2020 10:32,Portsmouth,Alan Smithee,"Regular Flavoured hot chocolate - Hazelnut - 2.60,  Speciality Tea - Fruit - 1.30,  Speciality Tea - English breakfast - 1.30,  Red label tea - 1.20",6.40,CASH,
12/11/2020 10:33,Portsmouth,Alan Smithee,"Regular Flavoured hot chocolate - Hazelnut - 2.60,  Frappes - Coffee - 2.75, Large Flavoured latte - Caramel - 2.85,  Speciality Tea - Green - 1.30",9.50,CARD,0319698647800853
12/11/2020 10:34,Portsmouth,Alan Smithee," Speciality Tea - Darjeeling - 1.30,  Glass of milk - 0.70, Large Luxury hot chocolate - 2.70, Large Flavoured hot chocolate - Vanilla - 2.90",7.60,CARD,279982923706561
12/11/2020 10:34,Portsmouth,Alan Smithee,"Large Flavoured latte - Vanilla - 2.85, Regular Flavoured latte - Gingerbread - 2.55,  Flavoured iced latte - Vanilla - 2.75,  Mocha - 2.30",10.45,CASH,
12/11/2020 10:35,Portsmouth,Alan Smithee," Smoothies - Carrot Kick - 2.00, Regular Cappuccino - 2.15, Regular Flavoured latte - Vanilla - 2.55,  Hot chocolate - 1.40,  Frappes - Coffee - 2.75",10.85,CASH,
12/11/2020 10:36,Portsmouth,Alan Smithee,"Regular Flavoured latte - Gingerbread - 2.55,  Flavoured iced latte - Vanilla - 2.75",5.30,CASH,
12/11/2020 10:36,Portsmouth,Alan Smithee," Speciality Tea - Earl Grey - 1.30,  Speciality Tea - Darjeeling - 1.30, Large Flavoured latte - Caramel - 2.85,  Smoothies - Carrot Kick - 2.00",7.45,CASH,
12/11/2020 10:37,Portsmouth,Alan Smithee,"Large Luxury hot chocolate - 2.70,  Red label tea - 1.20,  Frappes - Coffee - 2.75,  Iced americano - 2.15",8.80,CASH,
12/11/2020 10:37,Portsmouth,Alan Smithee, Speciality Tea - Peppermint - 1.30,1.30,CARD,6011207607492835
12/11/2020 10:38,Portsmouth,Alan Smithee,"Large Espresso - 1.80,  Flavoured iced latte - Hazelnut - 2.75, Regular Luxury hot chocolate - 2.40, Large Flavoured hot chocolate - Caramel - 2.90,  Smoothies - Carrot Kick - 2.00",11.85,CARD,6011330470883886
12/11/2020 10:39,Portsmouth,Alan Smithee," Speciality Tea - Green - 1.30,  Speciality Tea - Green - 1.30",2.60,CASH,
12/11/2020 10:39,Portsmouth,Alan Smithee,"Regular Espresso - 1.50, Regular Flavoured latte - Gingerbread - 2.55",4.05,CASH,
12/11/2020 10:40,Portsmouth,Alan Smithee," Speciality Tea - Fruit - 1.30, Large Flavoured hot chocolate - Vanilla - 2.90",4.20,CASH,
12/11/2020 10:41,Portsmouth,Alan Smithee," Smoothies - Carrot Kick - 2.00,  Smoothies - Berry Beautiful - 2.00, Large Chai latte - 2.60,  Speciality Tea - Darjeeling - 1.30,  Smoothies - Carrot Kick - 2.00",9.90,CASH,
12/11/2020 10:41,Portsmouth,Alan Smithee," Speciality Tea - English breakfast - 1.30,  Smoothies - Carrot Kick - 2.00,  Hot chocolate - 1.40,  Mocha - 2.30, Regular Espresso - 1.50",8.50,CASH,
12/11/2020 10:42,Portsmouth,Alan Smithee,"Large Americano - 2.25, Regular Flavoured hot chocolate - Vanilla - 2.60,  Smoothies - Carrot Kick - 2.00,  Smoothies - Carrot Kick - 2.00",8.85,CASH,
12/11/2020 10:42,Portsmouth,Alan Smithee,"Regular Flavoured latte - Hazelnut - 2.55, Regular Latte - 2.15, Large Cappuccino - 2.45, Large Filter coffee - 1.80",8.95,CARD,1139955590897936
12/11/2020 10:43,Portsmouth,Alan Smithee,"Regular Flavoured latte - Caramel - 2.55,  Mocha - 2.30",4.85,CARD,0355048339341593
12/11/2020 10:44,Portsmouth,Alan Smithee," Babyccino - 0.00,  Smoothies - Carrot Kick - 2.00, Regular Cappuccino - 2.15,  Mocha - 2.30",6.45,CASH,
12/11/2020 10:44,Portsmouth,Alan Smithee," Cortado - 2.05,  Iced americano - 2.15,  Frappes - Strawberries & Cream - 2.75,  Glass of milk - 0.70",7.65,CASH,
12/11/2020 10:45,Portsmouth,Alan Smithee," Flavoured iced latte - Hazelnut - 2.75, Large Flavoured latte - Caramel - 2.85, Large Flavoured hot chocolate - Caramel - 2.90,  Speciality Tea - Darjeeling - 1.30, Large Latte - 2.45",12.25,CASH,
12/11/2020 10:46,Portsmouth,Alan Smithee, Speciality Tea - Green - 1.30,1.30,CASH,
12/11/2020 10:46,Portsmouth,Alan Smithee,"Regular Cappuccino - 2.15,  Speciality Tea - Earl Grey - 1.30,  Red label tea - 1.20",4.65,CARD,6582477450336851
12/11/2020 10:47,Portsmouth,Alan Smithee," Flavoured iced latte - Vanilla - 2.75,  Mocha - 2.30, Regular Flavoured hot chocolate - Vanilla - 2.60,  Smoothies - Carrot Kick - 2.00,  Babyccino - 0.00",9.65,CASH,
12/11/2020 10:47,Portsmouth,Alan Smithee," Flavoured iced latte - Hazelnut - 2.75,  Smoothies - Carrot Kick - 2.00, Regular Flavoured hot chocolate - Vanilla - 2.60, Regular Flavoured latte - Gingerbread - 2.55,  Smoothies - Carrot Kick - 2.00",11.90,CASH,
12/11/2020 10:48,Portsmouth,Alan Smithee," Frappes - Chocolate Cookie - 2.75,  Flat white - 2.15",4.90,CARD,6011879245616606
12/11/2020 10:49,Portsmouth,Alan Smithee, Cortado - 2.05,2.05,CASH,
12/11/2020 10:49,Portsmouth,Alan Smithee, Frappes - Strawberries & Cream - 2.75,2.75,CASH,
12/11/2020 10:50,Portsmouth,Alan Smithee, Speciality Tea - Camomile - 1.30,1.30,CARD,92854548091642
12/11/2020 10:51,Portsmouth,Alan Smithee, Iced americano - 2.15,2.15,CARD,0101908285151571
12/11/2020 10:51,Portsmouth,Alan Smithee, Speciality Tea - Green - 1.30,1.30,CARD,8021817794162746
12/11/2020 10:52,Portsmouth,Alan Smithee," Speciality Tea - Peppermint - 1.30, Large Filter coffee - 1.80,  Speciality Tea - Earl Grey - 1.30, Large Americano - 2.25",6.65,CASH,
12/11/2020 10:52,Portsmouth,Alan Smithee," Speciality Tea - Darjeeling - 1.30, Regular Flavoured latte - Gingerbread - 2.55,  Smoothies - Carrot Kick - 2.00, Large Filter coffee - 1.80,  Smoothies - Glowing Greens - 2.00",9.65,CARD,6011572965481073
12/11/2020 10:53,Portsmouth,Alan Smithee, Frappes - Coffee - 2.75,2.75,CARD,477086423775497
12/11/2020 10:54,Portsmouth,Alan Smithee," Frappes - Coffee - 2.75,  Frappes - Coffee - 2.75,  Cortado - 2.05",7.55,CARD,3881274536164307
12/11/2020 10:54,Portsmouth,Alan Smithee," Smoothies - Berry Beautiful - 2.00,  Flat white - 2.15, Large Luxury hot chocolate - 2.70",6.85,CASH,
12/11/2020 10:55,Portsmouth,Alan Smithee," Hot chocolate - 1.40, Regular Flavoured latte - Hazelnut - 2.55",3.95,CASH,
12/11/2020 10:56,Portsmouth,Alan Smithee," Speciality Tea - Fruit - 1.30, Large Chai latte - 2.60,  Iced americano - 2.15, Large Flavoured latte - Gingerbread - 2.85",8.90,CASH,
12/11/2020 10:56,Portsmouth,Alan Smithee,"Large Flavoured hot chocolate - Vanilla - 2.90,  Speciality Tea - Fruit - 1.30, Large Filter coffee - 1.80",6.00,CASH,
12/11/2020 10:57,Portsmouth,Alan Smithee,"Large Chai latte - 2.60,  Speciality Tea - Green - 1.30,  Hot chocolate - 1.40,  Smoothies - Carrot Kick - 2.00",7.30,CASH,
12/11/2020 10:57,Portsmouth,Alan Smithee, Flavoured iced latte - Vanilla - 2.75,2.75,CASH,
12/11/2020 10:58,Portsmouth,Alan Smithee,"Regular Espresso - 1.50, Large Flavoured latte - Vanilla - 2.85,  Speciality Tea - Green - 1.30, Large Flavoured hot chocolate - Hazelnut - 2.90,  Speciality Tea - Camomile - 1.30",9.85,CASH,
12/11/2020 10:59,Portsmouth,Alan Smithee,"Large Flavoured latte - Gingerbread - 2.85, Large Luxury hot chocolate - 2.70",5.55,CARD,6011884586555552
12/11/2020 10:59,Portsmouth,Alan Smithee," Hot chocolate - 1.40, Large Cappuccino - 2.45,  Speciality Tea - Earl Grey - 1.30,  Speciality Tea - Camomile - 1.30,  Speciality Tea - English breakfast - 1.30",7.75,CARD,4178229369605595
12/11/2020 11:00,Portsmouth,Alan Smithee," Babyccino - 0.00,  Speciality Tea - Darjeeling - 1.30",1.30,CARD,270196758953100
12/11/2020 11:01,Portsmouth,Alan Smithee," Smoothies - Glowing Greens - 2.00,  Speciality Tea - Peppermint - 1.30,  Speciality Tea - English breakfast - 1.30,  Speciality Tea - Earl Grey - 1.30",5.90,CARD,59277528277625818
12/11/2020 11:02,Portsmouth,Alan Smithee," Frappes - Strawberries & Cream - 2.75,  Speciality Tea - Fruit - 1.30,  Babyccino - 0.00,  Speciality Tea - Green - 1.30, Regular Flavoured latte - Caramel - 2.55",7.90,CASH,
12/11/2020 11:04,Portsmouth,Alan Smithee," Speciality Tea - Fruit - 1.30,  Speciality Tea - Green - 1.30,  Speciality Tea - Fruit - 1.30",3.90,CASH,
12/11/2020 11:05,Portsmouth,Alan Smithee,"Regular Americano - 1.95,  Speciality Tea - Earl Grey - 1.30,  Cortado - 2.05",5.30,CASH,
12/11/2020 11:06,Portsmouth,Alan Smithee," Speciality Tea - Fruit - 1.30,  Mocha - 2.30, Regular Americano - 1.95, Large Cappuccino - 2.45",8.00,CASH,
12/11/2020 11:07,Portsmouth,Alan Smithee," Flavoured iced latte - Vanilla - 2.75,  Flavoured iced latte - Caramel - 2.75",5.50,CARD,6011122949841101
12/11/2020 11:08,Portsmouth,Alan Smithee," Speciality Tea - Green - 1.30,  Speciality Tea - Fruit - 1.30, Regular Flavoured hot chocolate - Hazelnut - 2.60, Regular Latte - 2.15, Large Chai latte - 2.60",9.95,CARD,2880138403051
12/11/2020 11:10,Portsmouth,Alan Smithee,"Large Flavoured latte - Vanilla - 2.85, Regular Flavoured hot chocolate - Hazelnut - 2.60, Large Chai latte - 2.60",8.05,CASH,
12/11/2020 11:11,Portsmouth,Alan Smithee," Smoothies - Glowing Greens - 2.00, Regular Filter coffee - 1.50",3.50,CASH,
12/11/2020 11:12,Portsmouth,Alan Smithee,"Large Espresso - 1.80, Large Flavoured latte - Gingerbread - 2.85,  Iced americano - 2.15, Regular Flavoured hot chocolate - Vanilla - 2.60",9.40,CASH,
12/11/2020 11:13,Portsmouth,Alan Smithee,Large Flavoured latte - Vanilla - 2.85,2.85,CARD,5910203383914
12/11/2020 11:14,Portsmouth,Alan Smithee," Iced latte - 2.35,  Smoothies - Glowing Greens - 2.00,  Hot chocolate - 1.40",5.75,CASH,
12/11/2020 11:16,Portsmouth,Alan Smithee," Glass of milk - 0.70,  Smoothies - Carrot Kick - 2.00,  Speciality Tea - Fruit - 1.30,  Frappes - Chocolate Cookie - 2.75,  Speciality Tea - Camomile - 1.30",8.05,CARD,629051892689958
12/11/2020 11:17,Portsmouth,Alan Smithee,Large Latte - 2.45,2.45,CASH,
12/11/2020 11:18,Portsmouth,Alan Smithee,"Regular Americano - 1.95,  Hot chocolate - 1.40, Large Espresso - 1.80",5.15,CASH,
12/11/2020 11:19,Portsmouth,Alan Smithee," Speciality Tea - Green - 1.30,  Glass of milk - 0.70,  Cortado - 2.05,  Glass of milk - 0.70",4.75,CASH,
12/11/2020 11:20,Portsmouth,Alan Smithee,"Regular Flavoured latte - Hazelnut - 2.55,  Mocha - 2.30",4.85,CASH,
12/11/2020 11:22,Portsmouth,Alan Smithee," Iced latte - 2.35, Large Luxury hot chocolate - 2.70",5.05,CARD,6011236605380145
12/11/2020 11:23,Portsmouth,Alan Smithee,"Large Flavoured latte - Gingerbread - 2.85,  Speciality Tea - Fruit - 1.30",4.15,CASH,
12/11/2020 11:24,Portsmouth,Alan Smithee," Flavoured iced latte - Caramel - 2.75, Large Flavoured hot chocolate - Hazelnut - 2.90,  Cortado - 2.05,  Speciality Tea - Green - 1.30, Large Luxury hot chocolate - 2.70",11.70,CARD,957827410497757
12/11/2020 11:25,Portsmouth,Alan Smithee,"Large Chai latte - 2.60, Large Flavoured latte - Gingerbread - 2.85,  Speciality Tea - Camomile - 1.30, Large Flavoured latte - Vanilla - 2.85,  Smoothies - Carrot Kick - 2.00",11.60,CASH,
12/11/2020 11:26,Portsmouth,Alan Smithee,"Regular Cappuccino - 2.15,  Speciality Tea - Green - 1.30,  Cortado - 2.05,  Babyccino - 0.00, Large Luxury hot chocolate - 2.70",8.20,CASH,
12/11/2020 11:28,Portsmouth,Alan Smithee,Large Americano - 2.25,2.25,CARD,925210766601161
12/11/2020 11:29,Portsmouth,Alan Smithee," Smoothies - Glowing Greens - 2.00,  Smoothies - Berry Beautiful - 2.00,  Cortado - 2.05,  Smoothies - Glowing Greens - 2.00,  Smoothies - Glowing Greens - 2.00",10.05,CARD,6011279322238732
12/11/2020 11:30,Portsmouth,Alan Smithee, Hot chocolate - 1.40,1.40,CASH,
12/11/2020 11:31,Portsmouth,Alan Smithee, Red label tea - 1.20,1.20,CASH,
12/11/2020 11:32,Portsmouth,Alan Smithee, Smoothies - Carrot Kick - 2.00,2.00,CARD,708912658457590
12/11/2020 11:34,Portsmouth,Alan Smithee," Flavoured iced latte - Caramel - 2.75,  Speciality Tea - Fruit - 1.30,  Frappes - Coffee - 2.75, Large Luxury hot chocolate - 2.70,  Speciality Tea - Green - 1.30",10.80,CARD,6066600321725091
12/11/2020 11:35,Portsmouth,Alan Smithee," Hot chocolate - 1.40,  Hot chocolate - 1.40",2.80,CASH,
12/11/2020 11:36,Portsmouth,Alan Smithee,"Large Cappuccino - 2.45,  Flavoured iced latte - Vanilla - 2.75,  Flavoured iced latte - Hazelnut - 2.75, Regular Chai latte - 2.30,  Frappes - Strawberries & Cream - 2.75",13.00,CARD,3023485838942244
12/11/2020 11:37,Portsmouth,Alan Smithee," Speciality Tea - Earl Grey - 1.30,  Smoothies - Berry Beautiful - 2.00, Regular Flavoured hot chocolate - Hazelnut - 2.60, Regular Latte - 2.15,  Iced americano - 2.15",10.20,CASH,
12/11/2020 11:38,Portsmouth,Alan Smithee," Flat white - 2.15, Large Flavoured hot chocolate - Hazelnut - 2.90,  Speciality Tea - Earl Grey - 1.30",6.35,CASH,
12/11/2020 11:40,Portsmouth,Alan Smithee," Iced americano - 2.15, Large Luxury hot chocolate - 2.70",4.85,CASH,
12/11/2020 11:41,Portsmouth,Alan Smithee," Speciality Tea - Fruit - 1.30, Large Luxury hot chocolate - 2.70",4.00,CASH,
12/11/2020 11:42,Portsmouth,Alan Smithee,"Regular Flavoured latte - Gingerbread - 2.55,  Iced latte - 2.35,  Hot chocolate - 1.40,  Speciality Tea - Fruit - 1.30,  Frappes - Coffee - 2.75",10.35,CARD,4333316649760520
12/11/2020 11:43,Portsmouth,Alan Smithee," Mocha - 2.30,  Speciality Tea - Darjeeling - 1.30, Regular Luxury hot chocolate - 2.40",6.00,CARD,2105865755196
12/11/2020 11:44,Portsmouth,Alan Smithee,"Regular Chai latte - 2.30, Large Espresso - 1.80",4.10,CASH,
12/11/2020 11:46,Portsmouth,Alan Smithee," Iced latte - 2.35, Regular Flavoured hot chocolate - Hazelnut - 2.60,  Mocha - 2.30, Regular Flavoured hot chocolate - Hazelnut - 2.60,  Frappes - Coffee - 2.75",12.60,CASH,
12/11/2020 11:47,Portsmouth,Alan Smithee," Speciality Tea - Fruit - 1.30, Regular Flavoured hot chocolate - Hazelnut - 2.60,  Smoothies - Glowing Greens - 2.00, Regular Flavoured latte - Hazelnut - 2.55",8.45,CASH,
12/11/2020 11:48,Portsmouth,Alan Smithee," Speciality Tea - Green - 1.30, Large Flavoured latte - Hazelnut - 2.85,  Speciality Tea - Fruit - 1.30, Large Luxury hot chocolate - 2.70",8.15,CARD,0911311022694942
12/11/2020 11:49,Portsmouth,Alan Smithee, Red label tea - 1.20,1.20,CASH,
12/11/2020 11:50,Portsmouth,Alan Smithee, Cortado - 2.05,2.05,CASH,
12/11/2020 11:52,Portsmouth,Alan Smithee," Speciality Tea - Peppermint - 1.30,  Speciality Tea - Darjeeling - 1.30, Regular Luxury hot chocolate - 2.40,  Smoothies - Carrot Kick - 2.00, Regular Espresso - 1.50",8.50,CARD,1334913948740160
12/11/2020 11:53,Portsmouth,Alan Smithee,Large Flavoured latte - Hazelnut - 2.85,2.85,CASH,
12/11/2020 11:54,Portsmouth,Alan Smithee," Speciality Tea - Fruit - 1.30,  Smoothies - Glowing Greens - 2.00",3.30,CASH,
12/11/2020 11:55,Portsmouth,Alan Smithee, Smoothies - Carrot Kick - 2.00,2.00,CASH,
12/11/2020 11:56,Portsmouth,Alan Smithee," Flat white - 2.15, Large Chai latte - 2.60, Regular Latte - 2.15",6.90,CASH,
12/11/2020 11:58,Portsmouth,Alan Smithee," Mocha - 2.30,  Glass of milk - 0.70,  Iced latte - 2.35",5.35,CARD,1636809925557785
12/11/2020 11:59,Portsmouth,Alan Smithee," Hot chocolate - 1.40, Large Flavoured latte - Caramel - 2.85, Regular Flavoured hot chocolate - Caramel - 2.60, Large Cappuccino - 2.45, Large Flavoured latte - Hazelnut - 2.85",12.15,CARD,2438400426035506
12/11/2020 12:00,Portsmouth,Alan Smithee," Speciality Tea - Green - 1.30,  Frappes - Chocolate Cookie - 2.75,  Speciality Tea - English breakfast - 1.30",5.35,CASH,
12/11/2020 12:01,Portsmouth,Alan Smithee,"Regular Espresso - 1.50, Large Luxury hot chocolate - 2.70,  Smoothies - Carrot Kick - 2.00,  Flat white - 2.15",8.35,CARD,3153646371187
12/11/2020 12:02,Portsmouth,Alan Smithee," Flat white - 2.15,  Frappes - Strawberries & Cream - 2.75,  Cortado - 2.05,  Cortado - 2.05, Large Flavoured latte - Caramel - 2.85",11.85,CASH,
12/11/2020 12:02,Portsmouth,Alan Smithee,"Large Espresso - 1.80,  Glass of milk - 0.70,  Smoothies - Carrot Kick - 2.00,  Speciality Tea - Green - 1.30,  Red label tea - 1.20",7.00,CARD,6711839273737910
12/11/2020 12:03,Portsmouth,Alan Smithee," Frappes - Coffee - 2.75,  Smoothies - Carrot Kick - 2.00",4.75,CASH,
12/11/2020 12:04,Portsmouth,Alan Smithee, Hot chocolate - 1.40,1.40,CASH,
12/11/2020 12:05,Portsmouth,Alan Smithee, Smoothies - Berry Beautiful - 2.00,2.00,CASH,
12/11/2020 12:06,Portsmouth,Alan Smithee," Cortado - 2.05, Large Flavoured hot chocolate - Caramel - 2.90, Large Flavoured hot chocolate - Caramel - 2.90",7.85,CARD,3581090863589454
12/11/2020 12:07,Portsmouth,Alan Smithee," Hot chocolate - 1.40, Large Flavoured hot chocolate - Caramel - 2.90,  Flavoured iced latte - Hazelnut - 2.75,  Speciality Tea - Green - 1.30",8.35,CASH,
12/11/2020 12:08,Portsmouth,Alan Smithee," Babyccino - 0.00, Regular Flavoured hot chocolate - Caramel - 2.60,  Flavoured iced latte - Caramel - 2.75,  Flavoured iced latte - Vanilla - 2.75",8.10,CARD,6011975452609189
12/11/2020 12:08,Portsmouth,Alan Smithee," Cortado - 2.05,  Babyccino - 0.00, Regular Americano - 1.95",4.00,CARD,6011947100329910
12/11/2020 12:09,Portsmouth,Alan Smithee,"Regular Flavoured hot chocolate - Caramel - 2.60, Large Flavoured latte - Gingerbread - 2.85,  Flat white - 2.15, Regular Americano - 1.95,  Speciality Tea - Peppermint - 1.30",10.85,CASH,
12/11/2020 12:10,Portsmouth,Alan Smithee," Flavoured iced latte - Vanilla - 2.75, Regular Flavoured latte - Hazelnut - 2.55,  Glass of milk - 0.70, Large Luxury hot chocolate - 2.70, Large Flavoured latte - Vanilla - 2.85",11.55,CARD,7399324428708050
12/11/2020 12:11,Portsmouth,Alan Smithee,"Regular Filter coffee - 1.50,  Babyccino - 0.00,  Babyccino - 0.00",1.50,CASH,
12/11/2020 12:12,Portsmouth,Alan Smithee,Regular Flavoured latte - Caramel - 2.55,2.55,CASH,
12/11/2020 12:13,Portsmouth,Alan Smithee,"Regular Espresso - 1.50, Regular Flavoured latte - Gingerbread - 2.55",4.05,CARD,5786452337215
12/11/2020 12:14,Portsmouth,Alan Smithee," Babyccino - 0.00,  Glass of milk - 0.70,  Speciality Tea - Camomile - 1.30, Regular Latte - 2.15",4.15,CASH,
12/11/2020 12:14,Portsmouth,Alan Smithee,"Large Luxury hot chocolate - 2.70,  Smoothies - Carrot Kick - 2.00,  Smoothies - Berry Beautiful - 2.00, Regular Latte - 2.15",8.85,CASH,
12/11/2020 12:15,Portsmouth,Alan Smithee," Red label tea - 1.20, Regular Latte - 2.15,  Glass of milk - 0.70,  Speciality Tea - Earl Grey - 1.30,  Speciality Tea - Peppermint - 1.30",6.65,CASH,
12/11/2020 12:16,Portsmouth,Alan Smithee, Iced latte - 2.35,2.35,CASH,
12/11/2020 12:17,Portsmouth,Alan Smithee," Speciality Tea - Earl Grey - 1.30,  Flavoured iced latte - Vanilla - 2.75,  Iced latte - 2.35",6.40,CARD,4125101791163
12/11/2020 12:18,Portsmouth,Alan Smithee, Cortado - 2.05,2.05,CASH,
12/11/2020 12:19,Portsmouth,Alan Smithee, Flavoured iced latte - Vanilla - 2.75,2.75,CARD,707907284256408
12/11/2020 12:20,Portsmouth,Alan Smithee, Speciality Tea - Fruit - 1.30,1.30,CASH,
12/11/2020 12:20,Portsmouth,Alan Smithee,"Large Flavoured latte - Caramel - 2.85, Regular Latte - 2.15,  Speciality Tea - Peppermint - 1.30, Regular Flavoured hot chocolate - Caramel - 2.60, Large Americano - 2.25",11.15,CARD,1796372115154643
12/11/2020 12:21,Portsmouth,Alan Smithee,"Regular Filter coffee - 1.50, Large Latte - 2.45",3.95,CASH,
12/11/2020 12:22,Portsmouth,Alan Smithee, Babyccino - 0.00,.0,CARD,934249437038872
12/11/2020 12:23,Portsmouth,Alan Smithee," Speciality Tea - Green - 1.30,  Speciality Tea - Earl Grey - 1.30,  Speciality Tea - Green - 1.30, Large Chai latte - 2.60,  Frappes - Coffee - 2.75",9.25,CASH,
12/11/2020 12:24,Portsmouth,Alan Smithee,Large Chai latte - 2.60,2.60,CASH,
12/11/2020 12:25,Portsmouth,Alan Smithee,"Large Flavoured latte - Caramel - 2.85,  Red label tea - 1.20,  Cortado - 2.05,  Glass of milk - 0.70,  Red label tea - 1.20",8.00,CASH,
12/11/2020 12:26,Portsmouth,Alan Smithee,Large Flavoured hot chocolate - Hazelnut - 2.90,2.90,CARD,984756911476361
12/11/2020 12:26,Portsmouth,Alan Smithee,"Regular Flavoured hot chocolate - Caramel - 2.60,  Frappes - Chocolate Cookie - 2.75,  Iced latte - 2.35, Regular Flavoured latte - Gingerbread - 2.55",10.25,CASH,
12/11/2020 12:27,Portsmouth,Alan Smithee," Flavoured iced latte - Vanilla - 2.75, Regular Luxury hot chocolate - 2.40",5.15,CARD,886707045224672
12/11/2020 12:28,Portsmouth,Alan Smithee," Smoothies - Glowing Greens - 2.00, Regular Flavoured latte - Gingerbread - 2.55",4.55,CARD,5066042770142281
12/11/2020 12:29,Portsmouth,Alan Smithee," Smoothies - Glowing Greens - 2.00,  Babyccino - 0.00",2.00,CARD,6011434609836636
12/11/2020 12:30,Portsmouth,Alan Smithee," Iced latte - 2.35,  Red label tea - 1.20, Regular Luxury hot chocolate - 2.40,  Flavoured iced latte - Hazelnut - 2.75",8.70,CARD,4562330222670
12/11/2020 12:31,Portsmouth,Alan Smithee," Smoothies - Carrot Kick - 2.00, Large Flavoured hot chocolate - Hazelnut - 2.90",4.90,CASH,
12/11/2020 12:32,Portsmouth,Alan Smithee," Iced americano - 2.15, Regular Flavoured hot chocolate - Hazelnut - 2.60, Large Flavoured latte - Caramel - 2.85",7.60,CASH,
12/11/2020 12:32,Portsmouth,Alan Smithee,"Regular Latte - 2.15, Large Flavoured hot chocolate - Caramel - 2.90,  Smoothies - Carrot Kick - 2.00",7.05,CARD,37547593301030937
12/11/2020 12:33,Portsmouth,Alan Smithee," Speciality Tea - Fruit - 1.30,  Glass of milk - 0.70,  Speciality Tea - Fruit - 1.30",3.30,CARD,4014725080382010
12/11/2020 12:34,Portsmouth,Alan Smithee," Smoothies - Carrot Kick - 2.00,  Iced latte - 2.35, Large Flavoured latte - Gingerbread - 2.85,  Smoothies - Glowing Greens - 2.00",9.20,CARD,8024131014581017
12/11/2020 12:35,Portsmouth,Alan Smithee," Smoothies - Carrot Kick - 2.00,  Smoothies - Berry Beautiful - 2.00, Large Cappuccino - 2.45",6.45,CASH,
12/11/2020 12:36,Portsmouth,Alan Smithee," Smoothies - Carrot Kick - 2.00,  Flat white - 2.15, Large Flavoured hot chocolate - Hazelnut - 2.90",7.05,CASH,
12/11/2020 12:37,Portsmouth,Alan Smithee,"Regular Latte - 2.15,  Flavoured iced latte - Hazelnut - 2.75, Large Flavoured hot chocolate - Vanilla - 2.90,  Speciality Tea - Darjeeling - 1.30,  Frappes - Strawberries & Cream - 2.75",11.85,CASH,
12/11/2020 12:38,Portsmouth,Alan Smithee,"Regular Flavoured hot chocolate - Vanilla - 2.60,  Speciality Tea - Green - 1.30, Large Filter coffee - 1.80,  Speciality Tea - Green - 1.30",7.00,CASH,
12/11/2020 12:38,Portsmouth,Alan Smithee,"Large Flavoured latte - Hazelnut - 2.85,  Glass of milk - 0.70",3.55,CASH,
12/11/2020 12:39,Portsmouth,Alan Smithee," Speciality Tea - Earl Grey - 1.30, Large Cappuccino - 2.45",3.75,CARD,5998153632575521
12/11/2020 12:40,Portsmouth,Alan Smithee," Babyccino - 0.00,  Red label tea - 1.20",1.20,CASH,
12/11/2020 12:41,Portsmouth,Alan Smithee,"Regular Flavoured hot chocolate - Caramel - 2.60, Large Espresso - 1.80,  Speciality Tea - Camomile - 1.30, Large Chai latte - 2.60",8.30,CASH,
12/11/2020 12:42,Portsmouth,Alan Smithee, Speciality Tea - Green - 1.30,1.30,CASH,
12/11/2020 12:43,Portsmouth,Alan Smithee," Speciality Tea - English breakfast - 1.30, Large Espresso - 1.80, Large Flavoured latte - Vanilla - 2.85",5.95,CARD,6011242872774355
12/11/2020 12:44,Portsmouth,Alan Smithee,Large Flavoured latte - Vanilla - 2.85,2.85,CASH,
12/11/2020 12:44,Portsmouth,Alan Smithee," Mocha - 2.30,  Babyccino - 0.00",2.30,CARD,892185546977106
12/11/2020 12:45,Portsmouth,Alan Smithee," Speciality Tea - Fruit - 1.30, Large Cappuccino - 2.45,  Red label tea - 1.20, Large Espresso - 1.80",6.75,CASH,
12/11/2020 12:46,Portsmouth,Alan Smithee,"Large Luxury hot chocolate - 2.70, Regular Espresso - 1.50, Large Flavoured hot chocolate - Caramel - 2.90",7.10,CASH,
12/11/2020 12:47,Portsmouth,Alan Smithee," Babyccino - 0.00,  Iced americano - 2.15, Large Luxury hot chocolate - 2.70,  Hot chocolate - 1.40,  Frappes - Chocolate Cookie - 2.75",9.00,CASH,
12/11/2020 12:48,Portsmouth,Alan Smithee,"Regular Latte - 2.15, Large Flavoured hot chocolate - Hazelnut - 2.90,  Frappes - Coffee - 2.75,  Smoothies - Carrot Kick - 2.00",9.80,CARD,0338247728524048
12/11/2020 12:49,Portsmouth,Alan Smithee,Large Latte - 2.45,2.45,CASH,
12/11/2020 12:50,Portsmouth,Alan Smithee,"Large Chai latte - 2.60, Large Flavoured latte - Caramel - 2.85, Regular Espresso - 1.50",6.95,CARD,322932641400402
12/11/2020 12:50,Portsmouth,Alan Smithee," Iced americano - 2.15,  Speciality Tea - Green - 1.30,  Mocha - 2.30,  Flat white - 2.15, Large Flavoured hot chocolate - Hazelnut - 2.90",10.80,CASH,
12/11/2020 12:51,Portsmouth,Alan Smithee, Speciality Tea - Fruit - 1.30,1.30,CASH,
12/11/2020 12:52,Portsmouth,Alan Smithee," Smoothies - Carrot Kick - 2.00,  Speciality Tea - Green - 1.30, Regular Flavoured latte - Gingerbread - 2.55, Large Americano - 2.25",8.10,CASH,
12/11/2020 12:53,Portsmouth,Alan Smithee," Speciality Tea - Fruit - 1.30,  Smoothies - Berry Beautiful - 2.00, Large Espresso - 1.80, Large Filter coffee - 1.80",6.90,CARD,5092374087364200
12/11/2020 12:54,Portsmouth,Alan Smithee," Glass of milk - 0.70, Large Flavoured hot chocolate - Hazelnut - 2.90,  Hot chocolate - 1.40, Regular Latte - 2.15, Regular Flavoured latte - Vanilla - 2.55",9.70,CASH,
12/11/2020 12:55,Portsmouth,Alan Smithee," Frappes - Strawberries & Cream - 2.75,  Smoothies - Carrot Kick - 2.00,  Hot chocolate - 1.40,  Flat white - 2.15",8.30,CARD,1922688262685
12/11/2020 12:56,Portsmouth,Alan Smithee,"Large Filter coffee - 1.80,  Speciality Tea - Fruit - 1.30, Regular Cappuccino - 2.15",5.25,CASH,
12/11/2020 12:56,Portsmouth,Alan Smithee," Flavoured iced latte - Vanilla - 2.75,  Speciality Tea - Earl Grey - 1.30,  Flavoured iced latte - Caramel - 2.75,  Speciality Tea - Camomile - 1.30",8.10,CASH,
12/11/2020 12:57,Portsmouth,Alan Smithee," Speciality Tea - Earl Grey - 1.30,  Speciality Tea - Earl Grey - 1.30,  Cortado - 2.05",4.65,CARD,6011780036695245
12/11/2020 12:58,Portsmouth,Alan Smithee,Large Flavoured latte - Vanilla - 2.85,2.85,CASH,
12/11/2020 12:59,Portsmouth,Alan Smithee," Flavoured iced latte - Caramel - 2.75, Regular Flavoured latte - Vanilla - 2.55,  Smoothies - Glowing Greens - 2.00,  Smoothies - Carrot Kick - 2.00",9.30,CASH,
12/11/2020 13:00,Portsmouth,Alan Smithee,"Large Latte - 2.45,  Babyccino - 0.00,  Frappes - Coffee - 2.75,  Speciality Tea - English breakfast - 1.30,  Speciality Tea - Darjeeling - 1.30",7.80,CARD,7176085006438
12/11/2020 13:02,Portsmouth,Alan Smithee, Hot chocolate - 1.40,1.40,CASH,
12/11/2020 13:04,Portsmouth,Alan Smithee," Smoothies - Glowing Greens - 2.00,  Speciality Tea - English breakfast - 1.30, Regular Espresso - 1.50",4.80,CARD,6297142435267
12/11/2020 13:06,Portsmouth,Alan Smithee," Speciality Tea - Fruit - 1.30,  Babyccino - 0.00,  Speciality Tea - Green - 1.30,  Hot chocolate - 1.40",4.00,CARD,3954300566046
12/11/2020 13:07,Portsmouth,Alan Smithee,"Large Chai latte - 2.60,  Hot chocolate - 1.40, Regular Flavoured hot chocolate - Hazelnut - 2.60,  Speciality Tea - Green - 1.30,  Speciality Tea - Peppermint - 1.30",9.20,CASH,
12/11/2020 13:09,Portsmouth,Alan Smithee," Frappes - Coffee - 2.75,  Speciality Tea - Earl Grey - 1.30",4.05,CARD,0953635581170911
12/11/2020 13:11,Portsmouth,Alan Smithee, Speciality Tea - Peppermint - 1.30,1.30,CASH,
12/11/2020 13:13,Portsmouth,Alan Smithee," Flavoured iced latte - Hazelnut - 2.75,  Smoothies - Carrot Kick - 2.00",4.75,CASH,
12/11/2020 13:15,Portsmouth,Alan Smithee,"Regular Chai latte - 2.30,  Smoothies - Glowing Greens - 2.00,  Flavoured iced latte - Hazelnut - 2.75, Large Flavoured latte - Gingerbread - 2.85",9.90,CASH,
12/11/2020 13:17,Portsmouth,Alan Smithee,"Regular Cappuccino - 2.15,  Speciality Tea - Fruit - 1.30",3.45,CARD,6011074635932078
12/11/2020 13:19,Portsmouth,Alan Smithee,Large Flavoured hot chocolate - Vanilla - 2.90,2.90,CASH,
12/11/2020 13:21,Portsmouth,Alan Smithee,"Large Espresso - 1.80,  Speciality Tea - Darjeeling - 1.30, Regular Flavoured latte - Caramel - 2.55, Large Flavoured hot chocolate - Vanilla - 2.90",8.55,CASH,
12/11/2020 13:22,Portsmouth,Alan Smithee," Smoothies - Berry Beautiful - 2.00,  Speciality Tea - English breakfast - 1.30",3.30,CASH,
12/11/2020 13:24,Portsmouth,Alan Smithee,"Regular Flavoured latte - Hazelnut - 2.55,  Red label tea - 1.20,  Mocha - 2.30,  Speciality Tea - English breakfast - 1.30, Large Latte - 2.45",9.80,CASH,
12/11/2020 13:26,Portsmouth,Alan Smithee, Red label tea - 1.20,1.20,CARD,6011678990902745
12/11/2020 13:28,Portsmouth,Alan Smithee," Frappes - Strawberries & Cream - 2.75,  Speciality Tea - Peppermint - 1.30",4.05,CASH,
12/11/2020 13:30,Portsmouth,Alan Smithee," Smoothies - Carrot Kick - 2.00, Large Flavoured latte - Hazelnut - 2.85,  Speciality Tea - Earl Grey - 1.30,  Iced latte - 2.35",8.50,CASH,
12/11/2020 13:32,Portsmouth,Alan Smithee," Iced americano - 2.15, Large Cappuccino - 2.45, Large Cappuccino - 2.45",7.05,CARD,742406460500688
12/11/2020 13:34,Portsmouth,Alan Smithee," Flavoured iced latte - Hazelnut - 2.75,  Speciality Tea - Green - 1.30",4.05,CASH,
12/11/2020 13:36,Portsmouth,Alan Smithee,"Regular Flavoured hot chocolate - Caramel - 2.60,  Flavoured iced latte - Caramel - 2.75",5.35,CASH,
12/11/2020 13:37,Portsmouth,Alan Smithee," Smoothies - Carrot Kick - 2.00, Regular Flavoured latte - Caramel - 2.55,  Flavoured iced latte - Vanilla - 2.75",7.30,CARD,2087872812669
12/11/2020 13:39,Portsmouth,Alan Smithee, Flavoured iced latte - Caramel - 2.75,2.75,CASH,
12/11/2020 13:41,Portsmouth,Alan Smithee," Iced americano - 2.15,  Hot chocolate - 1.40, Regular Flavoured latte - Hazelnut - 2.55,  Flavoured iced latte - Caramel - 2.75",8.85,CASH,
12/11/2020 13:43,Portsmouth,Alan Smithee,"Regular Flavoured hot chocolate - Hazelnut - 2.60, Regular Flavoured hot chocolate - Caramel - 2.60, Large Cappuccino - 2.45, Regular Flavoured hot chocolate - Vanilla - 2.60",10.25,CASH,
12/11/2020 13:45,Portsmouth,Alan Smithee," Red label tea - 1.20, Large Cappuccino - 2.45,  Frappes - Coffee - 2.75",6.40,CASH,
12/11/2020 13:47,Portsmouth,Alan Smithee,"Regular Luxury hot chocolate - 2.40, Large Filter coffee - 1.80,  Iced americano - 2.15, Large Flavoured latte - Gingerbread - 2.85, Regular Americano - 1.95",11.15,CARD,6011324743632933
12/11/2020 13:49,Portsmouth,Alan Smithee," Cortado - 2.05, Regular Flavoured hot chocolate - Caramel - 2.60,  Hot chocolate - 1.40",6.05,CARD,5147671718330768
12/11/2020 13:51,Portsmouth,Alan Smithee," Flavoured iced latte - Vanilla - 2.75,  Speciality Tea - English breakfast - 1.30,  Speciality Tea - Earl Grey - 1.30",5.35,CARD,4739435777073090
12/11/2020 13:52,Portsmouth,Alan Smithee, Speciality Tea - Green - 1.30,1.30,CASH,
12/11/2020 13:54,Portsmouth,Alan Smithee," Speciality Tea - Earl Grey - 1.30,  Speciality Tea - Earl Grey - 1.30",2.60,CASH,
12/11/2020 13:56,Portsmouth,Alan Smithee,"Large Cappuccino - 2.45,  Speciality Tea - Earl Grey - 1.30,  Speciality Tea - Camomile - 1.30,  Iced latte - 2.35,  Speciality Tea - Green - 1.30",8.70,CASH,
12/11/2020 13:58,Portsmouth,Alan Smithee,"Regular Cappuccino - 2.15,  Flavoured iced latte - Caramel - 2.75,  Iced americano - 2.15,  Smoothies - Carrot Kick - 2.00",9.05,CARD,8914542073247032
12/11/2020 14:00,Portsmouth,Alan Smithee, Smoothies - Glowing Greens - 2.00,2.00,CASH,
12/11/2020 14:00,Portsmouth,Alan Smithee, Smoothies - Carrot Kick - 2.00,2.00,CARD,5861391234893677
12/11/2020 14:01,Portsmouth,Alan Smithee,Regular Luxury hot chocolate - 2.40,2.40,CASH,
12/11/2020 14:01,Portsmouth,Alan Smithee," Cortado - 2.05, Large Flavoured latte - Hazelnut - 2.85,  Speciality Tea - Darjeeling - 1.30,  Frappes - Chocolate Cookie - 2.75",8.95,CARD,567804934170406
12/11/2020 14:02,Portsmouth,Alan Smithee," Speciality Tea - Green - 1.30, Large Cappuccino - 2.45,  Speciality Tea - Camomile - 1.30,  Flavoured iced latte - Vanilla - 2.75",7.80,CARD,0815865079114563
12/11/2020 14:03,Portsmouth,Alan Smithee," Hot chocolate - 1.40,  Flavoured iced latte - Caramel - 2.75",4.15,CARD,6011177759991306
12/11/2020 14:03,Portsmouth,Alan Smithee," Smoothies - Berry Beautiful - 2.00, Regular Flavoured latte - Gingerbread - 2.55,  Red label tea - 1.20,  Glass of milk - 0.70, Large Americano - 2.25",8.70,CARD,6011102552281748
12/11/2020 14:04,Portsmouth,Alan Smithee," Speciality Tea - Fruit - 1.30,  Speciality Tea - Green - 1.30,  Frappes - Coffee - 2.75, Large Chai latte - 2.60, Large Flavoured hot chocolate - Caramel - 2.90",10.85,CASH,
12/11/2020 14:04,Portsmouth,Alan Smithee," Iced americano - 2.15,  Flavoured iced latte - Hazelnut - 2.75,  Glass of milk - 0.70",5.60,CASH,
12/11/2020 14:05,Portsmouth,Alan Smithee," Cortado - 2.05, Large Flavoured latte - Vanilla - 2.85",4.90,CARD,6011380075117158
12/11/2020 14:05,Portsmouth,Alan Smithee," Speciality Tea - Fruit - 1.30,  Smoothies - Carrot Kick - 2.00",3.30,CARD,6011877885776135
12/11/2020 14:06,Portsmouth,Alan Smithee,"Large Chai latte - 2.60,  Speciality Tea - Earl Grey - 1.30, Large Chai latte - 2.60, Large Filter coffee - 1.80",8.30,CASH,
12/11/2020 14:06,Portsmouth,Alan Smithee," Speciality Tea - Fruit - 1.30,  Speciality Tea - Green - 1.30",2.60,CASH,
12/11/2020 14:07,Portsmouth,Alan Smithee, Smoothies - Carrot Kick - 2.00,2.00,CASH,
12/11/2020 14:07,Portsmouth,Alan Smithee,"Regular Luxury hot chocolate - 2.40,  Iced latte - 2.35,  Iced americano - 2.15,  Flavoured iced latte - Hazelnut - 2.75",9.65,CASH,
12/11/2020 14:08,Portsmouth,Alan Smithee," Speciality Tea - Peppermint - 1.30,  Speciality Tea - Peppermint - 1.30,  Smoothies - Carrot Kick - 2.00,  Iced americano - 2.15,  Glass of milk - 0.70",7.45,CARD,6011900035906306
12/11/2020 14:08,Portsmouth,Alan Smithee,"Large Espresso - 1.80, Regular Cappuccino - 2.15, Regular Flavoured latte - Caramel - 2.55,  Smoothies - Glowing Greens - 2.00",8.50,CASH,
12/11/2020 14:09,Portsmouth,Alan Smithee," Speciality Tea - Camomile - 1.30,  Frappes - Coffee - 2.75, Large Flavoured latte - Hazelnut - 2.85",6.90,CASH,
12/11/2020 14:09,Portsmouth,Alan Smithee," Hot chocolate - 1.40,  Smoothies - Carrot Kick - 2.00,  Iced americano - 2.15, Regular Flavoured hot chocolate - Hazelnut - 2.60",8.15,CASH,
12/11/2020 14:10,Portsmouth,Alan Smithee, Flat white - 2.15,2.15,CARD,943467143346149
12/11/2020 14:10,Portsmouth,Alan Smithee," Iced latte - 2.35, Regular Cappuccino - 2.15,  Flavoured iced latte - Vanilla - 2.75",7.25,CASH,
12/11/2020 14:11,Portsmouth,Alan Smithee," Flavoured iced latte - Hazelnut - 2.75,  Frappes - Coffee - 2.75,  Smoothies - Carrot Kick - 2.00",7.50,CARD,0845470111342568
12/11/2020 14:11,Portsmouth,Alan Smithee," Babyccino - 0.00, Large Luxury hot chocolate - 2.70,  Flavoured iced latte - Hazelnut - 2.75,  Babyccino - 0.00",5.45,CASH,
12/11/2020 14:12,Portsmouth,Alan Smithee,"Regular Cappuccino - 2.15, Regular Filter coffee - 1.50,  Speciality Tea - Green - 1.30",4.95,CARD,550255925681507
12/11/2020 14:13,Portsmouth,Alan Smithee, Smoothies - Carrot Kick - 2.00,2.00,CARD,9857962689183797
12/11/2020 14:13,Portsmouth,Alan Smithee,"Regular Flavoured hot chocolate - Hazelnut - 2.60, Regular Americano - 1.95",4.55,CASH,
12/11/2020 14:14,Portsmouth,Alan Smithee,"Regular Espresso - 1.50,  Cortado - 2.05, Large Flavoured hot chocolate - Hazelnut - 2.90,  Speciality Tea - Camomile - 1.30",7.75,CARD,0609792548464
12/11/2020 14:14,Portsmouth,Alan Smithee," Smoothies - Berry Beautiful - 2.00,  Red label tea - 1.20,  Hot chocolate - 1.40,  Speciality Tea - Fruit - 1.30, Regular Flavoured latte - Hazelnut - 2.55",8.45,CASH,
12/11/2020 14:15,Portsmouth,Alan Smithee, Speciality Tea - Camomile - 1.30,1.30,CARD,3741056544770994
12/11/2020 14:15,Portsmouth,Alan Smithee," Iced americano - 2.15, Large Cappuccino - 2.45,  Iced americano - 2.15,  Flavoured iced latte - Hazelnut - 2.75",9.50,CASH,
12/11/2020 14:16,Portsmouth,Alan Smithee," Frappes - Strawberries & Cream - 2.75, Large Filter coffee - 1.80,  Speciality Tea - Darjeeling - 1.30,  Mocha - 2.30",8.15,CARD,756086067695001
12/11/2020 14:16,Portsmouth,Alan Smithee," Flavoured iced latte - Vanilla - 2.75,  Hot chocolate - 1.40,  Speciality Tea - Green - 1.30",5.45,CARD,2253759155961631
12/11/2020 14:17,Portsmouth,Alan Smithee,"Regular Flavoured hot chocolate - Vanilla - 2.60,  Smoothies - Carrot Kick - 2.00, Large Cappuccino - 2.45,  Hot chocolate - 1.40",8.45,CARD,84331756131706881
12/11/2020 14:17,Portsmouth,Alan Smithee,"Large Flavoured latte - Hazelnut - 2.85, Regular Flavoured hot chocolate - Hazelnut - 2.60",5.45,CASH,
12/11/2020 14:18,Portsmouth,Alan Smithee,Regular Chai latte - 2.30,2.30,CASH,
12/11/2020 14:18,Portsmouth,Alan Smithee, Mocha - 2.30,2.30,CARD,1577152475014304
12/11/2020 14:19,Portsmouth,Alan Smithee,Regular Flavoured latte - Gingerbread - 2.55,2.55,CARD,8551183262912009
12/11/2020 14:19,Portsmouth,Alan Smithee," Smoothies - Carrot Kick - 2.00, Regular Flavoured hot chocolate - Vanilla - 2.60",4.60,CASH,
12/11/2020 14:20,Portsmouth,Alan Smithee," Cortado - 2.05,  Speciality Tea - Peppermint - 1.30,  Cortado - 2.05",5.40,CASH,
12/11/2020 14:20,Portsmouth,Alan Smithee, Smoothies - Carrot Kick - 2.00,2.00,CASH,
12/11/2020 14:21,Portsmouth,Alan Smithee," Iced latte - 2.35, Regular Flavoured latte - Hazelnut - 2.55, Large Filter coffee - 1.80, Regular Espresso - 1.50",8.20,CASH,
12/11/2020 14:21,Portsmouth,Alan Smithee," Red label tea - 1.20,  Speciality Tea - Green - 1.30,  Speciality Tea - Green - 1.30",3.80,CARD,613858330017297
12/11/2020 14:22,Portsmouth,Alan Smithee,"Regular Cappuccino - 2.15,  Flavoured iced latte - Caramel - 2.75,  Speciality Tea - English breakfast - 1.30",6.20,CARD,5447380182715347
12/11/2020 14:23,Portsmouth,Alan Smithee, Hot chocolate - 1.40,1.40,CASH,
12/11/2020 14:23,Portsmouth,Alan Smithee,"Regular Flavoured hot chocolate - Caramel - 2.60, Regular Espresso - 1.50,  Flavoured iced latte - Hazelnut - 2.75",6.85,CARD,4888372663755
12/11/2020 14:24,Portsmouth,Alan Smithee," Flat white - 2.15, Large Filter coffee - 1.80",3.95,CASH,
12/11/2020 14:24,Portsmouth,Alan Smithee,"Large Luxury hot chocolate - 2.70, Large Luxury hot chocolate - 2.70,  Smoothies - Carrot Kick - 2.00, Regular Flavoured latte - Caramel - 2.55,  Frappes - Chocolate Cookie - 2.75",12.70,CARD,4603572774091114
12/11/2020 14:25,Portsmouth,Alan Smithee,"Regular Flavoured latte - Caramel - 2.55,  Speciality Tea - Fruit - 1.30,  Iced americano - 2.15,  Speciality Tea - Camomile - 1.30,  Speciality Tea - Green - 1.30",8.60,CARD,6011961551190021
12/11/2020 14:25,Portsmouth,Alan Smithee,Large Flavoured hot chocolate - Hazelnut - 2.90,2.90,CARD,6516613497849
12/11/2020 14:26,Portsmouth,Alan Smithee," Iced americano - 2.15,  Smoothies - Carrot Kick - 2.00,  Smoothies - Glowing Greens - 2.00, Regular Americano - 1.95,  Speciality Tea - Peppermint - 1.30",9.40,CARD,8838513718850426
12/11/2020 14:26,Portsmouth,Alan Smithee, Flavoured iced latte - Caramel - 2.75,2.75,CARD,6011529375914932
12/11/2020 14:27,Portsmouth,Alan Smithee, Smoothies - Carrot Kick - 2.00,2.00,CASH,
12/11/2020 14:27,Portsmouth,Alan Smithee," Cortado - 2.05,  Babyccino - 0.00,  Speciality Tea - Fruit - 1.30,  Frappes - Strawberries & Cream - 2.75,  Speciality Tea - Earl Grey - 1.30",7.40,CASH,
12/11/2020 14:28,Portsmouth,Alan Smithee," Smoothies - Glowing Greens - 2.00,  Flat white - 2.15,  Glass of milk - 0.70,  Smoothies - Carrot Kick - 2.00",6.85,CASH,
12/11/2020 14:28,Portsmouth,Alan Smithee," Speciality Tea - Green - 1.30,  Frappes - Coffee - 2.75,  Flat white - 2.15",6.20,CARD,340249791202759
12/11/2020 14:29,Portsmouth,Alan Smithee, Frappes - Strawberries & Cream - 2.75,2.75,CASH,
12/11/2020 14:29,Portsmouth,Alan Smithee,"Large Flavoured hot chocolate - Caramel - 2.90, Regular Flavoured latte - Gingerbread - 2.55",5.45,CASH,
12/11/2020 14:30,Portsmouth,Alan Smithee," Speciality Tea - Peppermint - 1.30, Regular Flavoured latte - Vanilla - 2.55,  Frappes - Chocolate Cookie - 2.75,  Hot chocolate - 1.40",8.00,CASH,
12/11/2020 14:30,Portsmouth,Alan Smithee,Large Espresso - 1.80,1.80,CARD,9381217570552949
12/11/2020 14:31,Portsmouth,Alan Smithee," Smoothies - Carrot Kick - 2.00, Regular Luxury hot chocolate - 2.40,  Flavoured iced latte - Caramel - 2.75, Large Flavoured hot chocolate - Hazelnut - 2.90",10.05,CASH,
12/11/2020 14:31,Portsmouth,Alan Smithee," Hot chocolate - 1.40,  Glass of milk - 0.70, Regular Flavoured hot chocolate - Vanilla - 2.60, Large Latte - 2.45,  Speciality Tea - Earl Grey - 1.30",8.45,CARD,0955904130011736
12/11/2020 14:32,Portsmouth,Alan Smithee," Hot chocolate - 1.40,  Frappes - Strawberries & Cream - 2.75,  Frappes - Coffee - 2.75,  Iced latte - 2.35",9.25,CARD,082173593422346
12/11/2020 14:33,Portsmouth,Alan Smithee," Hot chocolate - 1.40,  Speciality Tea - Fruit - 1.30",2.70,CASH,
12/11/2020 14:33,Portsmouth,Alan Smithee," Speciality Tea - Green - 1.30, Regular Flavoured latte - Vanilla - 2.55, Large Flavoured latte - Vanilla - 2.85, Regular Flavoured hot chocolate - Caramel - 2.60, Regular Flavoured latte - Caramel - 2.55",11.85,CASH,
12/11/2020 14:34,Portsmouth,Alan Smithee," Mocha - 2.30,  Speciality Tea - English breakfast - 1.30,  Cortado - 2.05",5.65,CASH,
12/11/2020 14:34,Portsmouth,Alan Smithee," Speciality Tea - Peppermint - 1.30, Regular Flavoured hot chocolate - Caramel - 2.60,  Smoothies - Glowing Greens - 2.00",5.90,CASH,
12/11/2020 14:35,Portsmouth,Alan Smithee,Large Cappuccino - 2.45,2.45,CARD,6011779644430409
12/11/2020 14:35,Portsmouth,Alan Smithee," Speciality Tea - Darjeeling - 1.30,  Frappes - Coffee - 2.75",4.05,CASH,
12/11/2020 14:36,Portsmouth,Alan Smithee,"Large Flavoured hot chocolate - Caramel - 2.90, Regular Latte - 2.15, Large Filter coffee - 1.80, Large Latte - 2.45",9.30,CASH,
12/11/2020 14:36,Portsmouth,Alan Smithee,Large Filter coffee - 1.80,1.80,CARD,147540747007909
12/11/2020 14:37,Portsmouth,Alan Smithee," Frappes - Chocolate Cookie - 2.75, Regular Flavoured latte - Caramel - 2.55",5.30,CASH,
12/11/2020 14:37,Portsmouth,Alan Smithee," Mocha - 2.30,  Speciality Tea - Fruit - 1.30,  Speciality Tea - Green - 1.30",4.90,CARD,3037714694273130
12/11/2020 14:38,Portsmouth,Alan Smithee," Speciality Tea - Fruit - 1.30,  Hot chocolate - 1.40",2.70,CASH,
12/11/2020 14:38,Portsmouth,Alan Smithee, Glass of milk - 0.70,.70,CARD,5882984869988947
12/11/2020 14:39,Portsmouth,Alan Smithee," Smoothies - Glowing Greens - 2.00, Large Flavoured hot chocolate - Caramel - 2.90",4.90,CARD,714393141706828
12/11/2020 14:39,Portsmouth,Alan Smithee,"Regular Cappuccino - 2.15,  Smoothies - Carrot Kick - 2.00, Large Filter coffee - 1.80, Regular Cappuccino - 2.15",8.10,CARD,6011413852533120
12/11/2020 14:40,Portsmouth,Alan Smithee," Speciality Tea - English breakfast - 1.30,  Cortado - 2.05",3.35,CASH,
12/11/2020 14:40,Portsmouth,Alan Smithee,Large Americano - 2.25,2.25,CARD,5152770845416729
12/11/2020 14:41,Portsmouth,Alan Smithee," Mocha - 2.30,  Iced americano - 2.15, Regular Flavoured hot chocolate - Hazelnut - 2.60,  Frappes - Coffee - 2.75",9.80,CASH,
12/11/2020 14:41,Portsmouth,Alan Smithee," Speciality Tea - Fruit - 1.30,  Flavoured iced latte - Caramel - 2.75,  Speciality Tea - Fruit - 1.30",5.35,CARD,1933773186048339
12/11/2020 14:42,Portsmouth,Alan Smithee,"Large Flavoured hot chocolate - Vanilla - 2.90,  Speciality Tea - Camomile - 1.30",4.20,CASH,
12/11/2020 14:43,Portsmouth,Alan Smithee,"Large Luxury hot chocolate - 2.70,  Smoothies - Carrot Kick - 2.00, Regular Flavoured latte - Gingerbread - 2.55, Regular Flavoured latte - Vanilla - 2.55",9.80,CARD,9549322220565868
12/11/2020 14:43,Portsmouth,Alan Smithee," Flavoured iced latte - Hazelnut - 2.75, Regular Flavoured hot chocolate - Vanilla - 2.60",5.35,CARD,6011048842702544
12/11/2020 14:44,Portsmouth,Alan Smithee,Large Cappuccino - 2.45,2.45,CARD,6011737608450903
12/11/2020 14:44,Portsmouth,Alan Smithee," Babyccino - 0.00, Regular Espresso - 1.50",1.50,CASH,
12/11/2020 14:45,Portsmouth,Alan Smithee," Frappes - Strawberries & Cream - 2.75,  Flat white - 2.15,  Smoothies - Berry Beautiful - 2.00,  Speciality Tea - Fruit - 1.30",8.20,CASH,
12/11/2020 14:45,Portsmouth,Alan Smithee," Speciality Tea - Fruit - 1.30,  Flavoured iced latte - Caramel - 2.75",4.05,CASH,
12/11/2020 14:46,Portsmouth,Alan Smithee,Large Flavoured latte - Gingerbread - 2.85,2.85,CASH,
12/11/2020 14:46,Portsmouth,Alan Smithee," Babyccino - 0.00, Large Flavoured hot chocolate - Vanilla - 2.90, Regular Flavoured hot chocolate - Vanilla - 2.60, Regular Flavoured hot chocolate - Vanilla - 2.60",8.10,CARD,2642961984600645
12/11/2020 14:47,Portsmouth,Alan Smithee,Regular Cappuccino - 2.15,2.15,CARD,697589906863637
12/11/2020 14:47,Portsmouth,Alan Smithee," Speciality Tea - Green - 1.30, Regular Flavoured latte - Caramel - 2.55,  Flat white - 2.15",6.00,CARD,8656038124224
12/11/2020 14:48,Portsmouth,Alan Smithee,"Regular Flavoured latte - Vanilla - 2.55,  Smoothies - Carrot Kick - 2.00,  Smoothies - Carrot Kick - 2.00",6.55,CARD,8334605404384204
12/11/2020 14:48,Portsmouth,Alan Smithee,Regular Espresso - 1.50,1.50,CARD,305470533311107
12/11/2020 14:49,Portsmouth,Alan Smithee," Iced latte - 2.35,  Frappes - Coffee - 2.75, Large Cappuccino - 2.45, Large Flavoured latte - Hazelnut - 2.85,  Red label tea - 1.20",11.60,CARD,9940411526368
12/11/2020 14:49,Portsmouth,Alan Smithee,Regular Flavoured hot chocolate - Hazelnut - 2.60,2.60,CARD,6011753707867405
12/11/2020 14:50,Portsmouth,Alan Smithee," Hot chocolate - 1.40,  Speciality Tea - Green - 1.30,  Flavoured iced latte - Vanilla - 2.75",5.45,CASH,
12/11/2020 14:50,Portsmouth,Alan Smithee,"Large Cappuccino - 2.45,  Speciality Tea - Fruit - 1.30, Regular Flavoured latte - Caramel - 2.55, Regular Flavoured hot chocolate - Caramel - 2.60",8.90,CASH,
12/11/2020 14:51,Portsmouth,Alan Smithee,Large Luxury hot chocolate - 2.70,2.70,CARD,3009722636293160
12/11/2020 14:51,Portsmouth,Alan Smithee," Flavoured iced latte - Vanilla - 2.75,  Speciality Tea - Fruit - 1.30,  Speciality Tea - Fruit - 1.30,  Smoothies - Carrot Kick - 2.00,  Speciality Tea - Fruit - 1.30",8.65,CASH,
12/11/2020 14:52,Portsmouth,Alan Smithee,"Large Chai latte - 2.60,  Glass of milk - 0.70",3.30,CARD,3098697774163913
12/11/2020 14:53,Portsmouth,Alan Smithee," Frappes - Coffee - 2.75,  Smoothies - Berry Beautiful - 2.00",4.75,CASH,
12/11/2020 14:53,Portsmouth,Alan Smithee,"Regular Luxury hot chocolate - 2.40,  Smoothies - Carrot Kick - 2.00, Large Flavoured hot chocolate - Caramel - 2.90, Regular Americano - 1.95,  Frappes - Chocolate Cookie - 2.75",12.00,CASH,
12/11/2020 14:54,Portsmouth,Alan Smithee," Speciality Tea - Green - 1.30, Large Chai latte - 2.60",3.90,CASH,
12/11/2020 14:54,Portsmouth,Alan Smithee,"Large Flavoured hot chocolate - Hazelnut - 2.90,  Speciality Tea - Fruit - 1.30, Regular Latte - 2.15,  Babyccino - 0.00",6.35,CASH,
12/11/2020 14:55,Portsmouth,Alan Smithee," Flavoured iced latte - Hazelnut - 2.75,  Speciality Tea - Fruit - 1.30,  Babyccino - 0.00,  Glass of milk - 0.70,  Mocha - 2.30",7.05,CASH,
12/11/2020 14:55,Portsmouth,Alan Smithee," Speciality Tea - Peppermint - 1.30,  Mocha - 2.30",3.60,CASH,
12/11/2020 14:56,Portsmouth,Alan Smithee," Flavoured iced latte - Vanilla - 2.75,  Speciality Tea - Peppermint - 1.30, Large Filter coffee - 1.80,  Speciality Tea - Green - 1.30",7.15,CASH,
12/11/2020 14:56,Portsmouth,Alan Smithee,Large Espresso - 1.80,1.80,CARD,6566739555264764
12/11/2020 14:57,Portsmouth,Alan Smithee,"Regular Cappuccino - 2.15, Regular Americano - 1.95",4.10,CARD,435238952509083
12/11/2020 14:57,Portsmouth,Alan Smithee," Speciality Tea - Darjeeling - 1.30,  Speciality Tea - English breakfast - 1.30",2.60,CASH,
12/11/2020 14:58,Portsmouth,Alan Smithee," Speciality Tea - Earl Grey - 1.30,  Flavoured iced latte - Hazelnut - 2.75,  Smoothies - Carrot Kick - 2.00,  Speciality Tea - Green - 1.30,  Smoothies - Carrot Kick - 2.00",9.35,CASH,
12/11/2020 14:58,Portsmouth,Alan Smithee," Speciality Tea - Fruit - 1.30, Regular Flavoured hot chocolate - Hazelnut - 2.60,  Speciality Tea - Fruit - 1.30",5.20,CASH,
12/11/2020 14:59,Portsmouth,Alan Smithee," Speciality Tea - Earl Grey - 1.30, Regular Flavoured hot chocolate - Vanilla - 2.60,  Hot chocolate - 1.40, Regular Espresso - 1.50",6.80,CARD,4521327257152208
12/11/2020 14:59,Portsmouth,Alan Smithee," Flat white - 2.15,  Flavoured iced latte - Hazelnut - 2.75, Regular Flavoured latte - Vanilla - 2.55, Large Flavoured latte - Gingerbread - 2.85",10.30,CASH,
12/11/2020 15:00,Portsmouth,Alan Smithee," Speciality Tea - Green - 1.30,  Speciality Tea - Green - 1.30",2.60,CARD,185248656268722
12/11/2020 15:00,Portsmouth,Alan Smithee," Frappes - Chocolate Cookie - 2.75,  Cortado - 2.05,  Frappes - Chocolate Cookie - 2.75,  Frappes - Strawberries & Cream - 2.75",10.30,CASH,
12/11/2020 15:01,Portsmouth,Alan Smithee," Babyccino - 0.00, Large Flavoured hot chocolate - Vanilla - 2.90,  Smoothies - Carrot Kick - 2.00",4.90,CARD,7052276970555645
12/11/2020 15:02,Portsmouth,Alan Smithee, Flavoured iced latte - Hazelnut - 2.75,2.75,CARD,88138413961494
12/11/2020 15:02,Portsmouth,Alan Smithee," Speciality Tea - English breakfast - 1.30,  Iced americano - 2.15, Regular Luxury hot chocolate - 2.40",5.85,CARD,2235121879641
12/11/2020 15:03,Portsmouth,Alan Smithee, Glass of milk - 0.70,.70,CASH,
12/11/2020 15:03,Portsmouth,Alan Smithee," Red label tea - 1.20,  Speciality Tea - Earl Grey - 1.30,  Flavoured iced latte - Caramel - 2.75",5.25,CASH,
12/11/2020 15:04,Portsmouth,Alan Smithee,"Large Flavoured latte - Hazelnut - 2.85,  Babyccino - 0.00,  Frappes - Chocolate Cookie - 2.75,  Red label tea - 1.20, Regular Luxury hot chocolate - 2.40",9.20,CARD,608934795815525
12/11/2020 15:05,Portsmouth,Alan Smithee, Speciality Tea - Earl Grey - 1.30,1.30,CARD,6011938460438559
12/11/2020 15:05,Portsmouth,Alan Smithee,"Large Flavoured latte - Gingerbread - 2.85,  Smoothies - Carrot Kick - 2.00, Large Luxury hot chocolate - 2.70,  Frappes - Coffee - 2.75,  Cortado - 2.05",12.35,CARD,6521045966835064
12/11/2020 15:06,Portsmouth,Alan Smithee," Flavoured iced latte - Vanilla - 2.75,  Babyccino - 0.00,  Speciality Tea - Green - 1.30, Large Flavoured latte - Hazelnut - 2.85",6.90,CASH,
12/11/2020 15:06,Portsmouth,Alan Smithee," Frappes - Chocolate Cookie - 2.75,  Flavoured iced latte - Caramel - 2.75, Regular Latte - 2.15",7.65,CASH,
12/11/2020 15:07,Portsmouth,Alan Smithee," Frappes - Strawberries & Cream - 2.75, Regular Flavoured latte - Vanilla - 2.55,  Red label tea - 1.20,  Smoothies - Glowing Greens - 2.00,  Babyccino - 0.00",8.50,CASH,
12/11/2020 15:08,Portsmouth,Alan Smithee," Speciality Tea - English breakfast - 1.30, Large Luxury hot chocolate - 2.70, Regular Cappuccino - 2.15,  Speciality Tea - Fruit - 1.30,  Flavoured iced latte - Hazelnut - 2.75",10.20,CARD,623638663894609
12/11/2020 15:08,Portsmouth,Alan Smithee," Speciality Tea - English breakfast - 1.30,  Speciality Tea - English breakfast - 1.30, Regular Flavoured latte - Caramel - 2.55,  Cortado - 2.05,  Glass of milk - 0.70",7.90,CASH,
12/11/2020 15:09,Portsmouth,Alan Smithee," Hot chocolate - 1.40, Regular Flavoured hot chocolate - Caramel - 2.60,  Hot chocolate - 1.40,  Speciality Tea - English breakfast - 1.30",6.70,CASH,
12/11/2020 15:09,Portsmouth,Alan Smithee,"Large Flavoured latte - Hazelnut - 2.85,  Flavoured iced latte - Caramel - 2.75,  Mocha - 2.30,  Speciality Tea - Fruit - 1.30,  Speciality Tea - Fruit - 1.30",10.50,CASH,
12/11/2020 15:10,Portsmouth,Alan Smithee," Hot chocolate - 1.40, Large Filter coffee - 1.80,  Smoothies - Carrot Kick - 2.00,  Frappes - Strawberries & Cream - 2.75,  Flavoured iced latte - Hazelnut - 2.75",10.70,CASH,
12/11/2020 15:11,Portsmouth,Alan Smithee, Flavoured iced latte - Vanilla - 2.75,2.75,CASH,
12/11/2020 15:11,Portsmouth,Alan Smithee,"Large Filter coffee - 1.80,  Frappes - Strawberries & Cream - 2.75,  Mocha - 2.30",6.85,CASH,
12/11/2020 15:12,Portsmouth,Alan Smithee," Flavoured iced latte - Hazelnut - 2.75, Regular Americano - 1.95",4.70,CASH,
12/11/2020 15:12,Portsmouth,Alan Smithee," Smoothies - Carrot Kick - 2.00,  Mocha - 2.30,  Flavoured iced latte - Caramel - 2.75",7.05,CARD,6011519838959444
12/11/2020 15:13,Portsmouth,Alan Smithee,"Regular Flavoured latte - Vanilla - 2.55,  Speciality Tea - Fruit - 1.30,  Speciality Tea - Fruit - 1.30,  Speciality Tea - Camomile - 1.30,  Frappes - Chocolate Cookie - 2.75",9.20,CASH,
12/11/2020 15:14,Portsmouth,Alan Smithee,Regular Flavoured latte - Hazelnut - 2.55,2.55,CASH,
12/11/2020 15:14,Portsmouth,Alan Smithee,"Large Cappuccino - 2.45, Regular Flavoured hot chocolate - Caramel - 2.60",5.05,CARD,2962230611225
12/11/2020 15:15,Portsmouth,Alan Smithee," Iced americano - 2.15,  Smoothies - Carrot Kick - 2.00",4.15,CASH,
12/11/2020 15:15,Portsmouth,Alan Smithee, Frappes - Strawberries & Cream - 2.75,2.75,CASH,
12/11/2020 15:16,Portsmouth,Alan Smithee, Speciality Tea - Fruit - 1.30,1.30,CARD,95080872305214
12/11/2020 15:17,Portsmouth,Alan Smithee,"Large Cappuccino - 2.45,  Flat white - 2.15,  Glass of milk - 0.70",5.30,CARD,156972288865563
12/11/2020 15:17,Portsmouth,Alan Smithee,"Large Latte - 2.45, Large Flavoured hot chocolate - Hazelnut - 2.90,  Flavoured iced latte - Hazelnut - 2.75",8.10,CASH,
12/11/2020 15:18,Portsmouth,Alan Smithee, Red label tea - 1.20,1.20,CASH,
12/11/2020 15:18,Portsmouth,Alan Smithee," Babyccino - 0.00,  Speciality Tea - English breakfast - 1.30,  Smoothies - Carrot Kick - 2.00",3.30,CASH,
12/11/2020 15:19,Portsmouth,Alan Smithee," Hot chocolate - 1.40,  Hot chocolate - 1.40, Large Flavoured latte - Hazelnut - 2.85,  Speciality Tea - Earl Grey - 1.30",6.95,CASH,
12/11/2020 15:19,Portsmouth,Alan Smithee," Flavoured iced latte - Vanilla - 2.75, Large Flavoured latte - Hazelnut - 2.85,  Smoothies - Berry Beautiful - 2.00,  Flavoured iced latte - Hazelnut - 2.75",10.35,CASH,
12/11/2020 15:20,Portsmouth,Alan Smithee," Mocha - 2.30,  Smoothies - Glowing Greens - 2.00,  Speciality Tea - English breakfast - 1.30,  Hot chocolate - 1.40, Regular Espresso - 1.50",8.50,CARD,9149012174624475
12/11/2020 15:21,Portsmouth,Alan Smithee,"Large Luxury hot chocolate - 2.70, Large Chai latte - 2.60, Large Luxury hot chocolate - 2.70",8.00,CARD,602183670480921
12/11/2020 15:21,Portsmouth,Alan Smithee,Regular Flavoured hot chocolate - Hazelnut - 2.60,2.60,CASH,
12/11/2020 15:22,Portsmouth,Alan Smithee," Hot chocolate - 1.40,  Speciality Tea - Green - 1.30,  Flat white - 2.15",4.85,CASH,
12/11/2020 15:22,Portsmouth,Alan Smithee," Babyccino - 0.00, Large Latte - 2.45,  Speciality Tea - English breakfast - 1.30,  Speciality Tea - Fruit - 1.30",5.05,CASH,
12/11/2020 15:23,Portsmouth,Alan Smithee,"Regular Chai latte - 2.30,  Frappes - Strawberries & Cream - 2.75,  Iced latte - 2.35,  Mocha - 2.30",9.70,CASH,
12/11/2020 15:24,Portsmouth,Alan Smithee," Smoothies - Carrot Kick - 2.00,  Hot chocolate - 1.40",3.40,CASH,
12/11/2020 15:24,Portsmouth,Alan Smithee,"Large Flavoured hot chocolate - Caramel - 2.90,  Smoothies - Carrot Kick - 2.00, Regular Americano - 1.95, Large Flavoured latte - Vanilla - 2.85,  Speciality Tea - Green - 1.30",11.00,CARD,2858625998822028
12/11/2020 15:25,Portsmouth,Alan Smithee," Smoothies - Carrot Kick - 2.00,  Iced americano - 2.15,  Frappes - Coffee - 2.75,  Speciality Tea - Earl Grey - 1.30",8.20,CARD,183725043688436
12/11/2020 15:25,Portsmouth,Alan Smithee," Iced americano - 2.15,  Glass of milk - 0.70",2.85,CARD,0010131313730
12/11/2020 15:26,Portsmouth,Alan Smithee,"Regular Cappuccino - 2.15, Regular Filter coffee - 1.50,  Iced americano - 2.15, Regular Filter coffee - 1.50",7.30,CARD,8339865236531320
12/11/2020 15:27,Portsmouth,Alan Smithee,"Large Flavoured latte - Vanilla - 2.85, Large Americano - 2.25, Regular Luxury hot chocolate - 2.40, Regular Flavoured hot chocolate - Vanilla - 2.60,  Smoothies - Carrot Kick - 2.00",12.10,CASH,
12/11/2020 15:27,Portsmouth,Alan Smithee,"Regular Latte - 2.15,  Flat white - 2.15",4.30,CASH,
12/11/2020 15:28,Portsmouth,Alan Smithee,"Large Filter coffee - 1.80,  Flavoured iced latte - Vanilla - 2.75,  Iced americano - 2.15,  Speciality Tea - Camomile - 1.30,  Speciality Tea - Peppermint - 1.30",9.30,CASH,
12/11/2020 15:28,Portsmouth,Alan Smithee, Flavoured iced latte - Vanilla - 2.75,2.75,CASH,
12/11/2020 15:29,Portsmouth,Alan Smithee,Regular Cappuccino - 2.15,2.15,CASH,
12/11/2020 15:30,Portsmouth,Alan Smithee," Smoothies - Carrot Kick - 2.00, Regular Filter coffee - 1.50,  Cortado - 2.05, Regular Luxury hot chocolate - 2.40, Regular Cappuccino - 2.15",10.10,CARD,7669042416732
12/11/2020 15:30,Portsmouth,Alan Smithee,"Large Flavoured hot chocolate - Caramel - 2.90, Regular Espresso - 1.50",4.40,CASH,
12/11/2020 15:31,Portsmouth,Alan Smithee,"Large Luxury hot chocolate - 2.70, Large Cappuccino - 2.45,  Speciality Tea - Fruit - 1.30",6.45,CASH,
12/11/2020 15:31,Portsmouth,Alan Smithee," Iced americano - 2.15,  Red label tea - 1.20,  Smoothies - Carrot Kick - 2.00, Large Flavoured hot chocolate - Vanilla - 2.90",8.25,CARD,6011072208308430
12/11/2020 15:32,Portsmouth,Alan Smithee," Speciality Tea - English breakfast - 1.30,  Iced americano - 2.15,  Frappes - Chocolate Cookie - 2.75,  Speciality Tea - English breakfast - 1.30,  Speciality Tea - Peppermint - 1.30",8.80,CARD,8103924536978
12/11/2020 15:33,Portsmouth,Alan Smithee," Mocha - 2.30,  Flavoured iced latte - Hazelnut - 2.75, Regular Espresso - 1.50,  Cortado - 2.05,  Smoothies - Carrot Kick - 2.00",10.60,CARD,3396473313363875
12/11/2020 15:33,Portsmouth,Alan Smithee," Speciality Tea - Green - 1.30,  Flat white - 2.15,  Flavoured iced latte - Vanilla - 2.75",6.20,CASH,
12/11/2020 15:34,Portsmouth,Alan Smithee,Large Flavoured latte - Vanilla - 2.85,2.85,CASH,
12/11/2020 15:34,Portsmouth,Alan Smithee," Smoothies - Carrot Kick - 2.00,  Glass of milk - 0.70,  Flavoured iced latte - Caramel - 2.75",5.45,CARD,0881726683676
12/11/2020 15:35,Portsmouth,Alan Smithee," Smoothies - Glowing Greens - 2.00, Regular Flavoured hot chocolate - Caramel - 2.60",4.60,CASH,
12/11/2020 15:36,Portsmouth,Alan Smithee," Smoothies - Glowing Greens - 2.00,  Iced latte - 2.35, Regular Espresso - 1.50",5.85,CASH,
12/11/2020 15:36,Portsmouth,Alan Smithee,"Large Americano - 2.25,  Smoothies - Berry Beautiful - 2.00",4.25,CASH,
12/11/2020 15:37,Portsmouth,Alan Smithee,"Large Flavoured hot chocolate - Vanilla - 2.90, Large Filter coffee - 1.80, Regular Chai latte - 2.30,  Cortado - 2.05",9.05,CASH,
12/11/2020 15:37,Portsmouth,Alan Smithee,"Regular Cappuccino - 2.15, Large Chai latte - 2.60,  Speciality Tea - Darjeeling - 1.30, Regular Cappuccino - 2.15",8.20,CASH,
12/11/2020 15:38,Portsmouth,Alan Smithee, Frappes - Chocolate Cookie - 2.75,2.75,CARD,085924616067362
12/11/2020 15:38,Portsmouth,Alan Smithee,"Large Flavoured hot chocolate - Caramel - 2.90,  Flavoured iced latte - Vanilla - 2.75, Large Flavoured latte - Caramel - 2.85,  Frappes - Chocolate Cookie - 2.75",11.25,CARD,6011783983765878
12/11/2020 15:39,Portsmouth,Alan Smithee,"Regular Americano - 1.95,  Flavoured iced latte - Caramel - 2.75, Large Filter coffee - 1.80",6.50,CASH,
12/11/2020 15:40,Portsmouth,Alan Smithee,"Large Flavoured hot chocolate - Vanilla - 2.90,  Speciality Tea - Darjeeling - 1.30,  Flavoured iced latte - Hazelnut - 2.75,  Speciality Tea - Fruit - 1.30",8.25,CARD,7893495007012379
12/11/2020 15:40,Portsmouth,Alan Smithee,Regular Flavoured latte - Hazelnut - 2.55,2.55,CASH,
12/11/2020 15:41,Portsmouth,Alan Smithee,"Large Flavoured hot chocolate - Caramel - 2.90,  Babyccino - 0.00,  Smoothies - Glowing Greens - 2.00, Large Luxury hot chocolate - 2.70,  Frappes - Coffee - 2.75",10.35,CASH,
12/11/2020 15:41,Portsmouth,Alan Smithee, Smoothies - Glowing Greens - 2.00,2.00,CASH,
12/11/2020 15:42,Portsmouth,Alan Smithee,"Regular Luxury hot chocolate - 2.40, Regular Flavoured hot chocolate - Caramel - 2.60",5.00,CARD,92429286856354334
12/11/2020 15:43,Portsmouth,Alan Smithee,"Large Cappuccino - 2.45,  Speciality Tea - Darjeeling - 1.30,  Hot chocolate - 1.40, Regular Filter coffee - 1.50",6.65,CARD,7154512849540373
12/11/2020 15:43,Portsmouth,Alan Smithee, Frappes - Chocolate Cookie - 2.75,2.75,CARD,2810724569427909
12/11/2020 15:44,Portsmouth,Alan Smithee," Red label tea - 1.20, Regular Cappuccino - 2.15,  Frappes - Coffee - 2.75,  Iced latte - 2.35",8.45,CARD,4195001950974
12/11/2020 15:44,Portsmouth,Alan Smithee,"Regular Americano - 1.95,  Iced americano - 2.15,  Speciality Tea - Green - 1.30,  Hot chocolate - 1.40",6.80,CASH,
12/11/2020 15:45,Portsmouth,Alan Smithee," Speciality Tea - Fruit - 1.30, Large Latte - 2.45,  Speciality Tea - Darjeeling - 1.30,  Iced latte - 2.35",7.40,CASH,
12/11/2020 15:46,Portsmouth,Alan Smithee," Flat white - 2.15,  Flavoured iced latte - Vanilla - 2.75,  Speciality Tea - Fruit - 1.30,  Speciality Tea - Darjeeling - 1.30,  Smoothies - Berry Beautiful - 2.00",9.50,CARD,2917335989998896
12/11/2020 15:46,Portsmouth,Alan Smithee," Frappes - Strawberries & Cream - 2.75,  Frappes - Strawberries & Cream - 2.75,  Speciality Tea - Darjeeling - 1.30,  Glass of milk - 0.70, Regular Cappuccino - 2.15",9.65,CASH,
12/11/2020 15:47,Portsmouth,Alan Smithee," Hot chocolate - 1.40,  Cortado - 2.05, Regular Flavoured hot chocolate - Caramel - 2.60,  Speciality Tea - Peppermint - 1.30,  Smoothies - Carrot Kick - 2.00",9.35,CARD,804411226536785
12/11/2020 15:47,Portsmouth,Alan Smithee,"Regular Latte - 2.15,  Flavoured iced latte - Vanilla - 2.75,  Iced americano - 2.15, Regular Flavoured latte - Caramel - 2.55",9.60,CASH,
12/11/2020 15:48,Portsmouth,Alan Smithee," Glass of milk - 0.70,  Smoothies - Carrot Kick - 2.00,  Speciality Tea - Camomile - 1.30",4.00,CARD,0117357687558880
12/11/2020 15:49,Portsmouth,Alan Smithee," Smoothies - Glowing Greens - 2.00, Regular Cappuccino - 2.15,  Speciality Tea - Fruit - 1.30,  Speciality Tea - Green - 1.30",6.75,CARD,502318512867166
12/11/2020 15:49,Portsmouth,Alan Smithee,"Large Flavoured latte - Hazelnut - 2.85, Regular Luxury hot chocolate - 2.40,  Speciality Tea - Earl Grey - 1.30, Regular Luxury hot chocolate - 2.40,  Frappes - Strawberries & Cream - 2.75",11.70,CASH,
12/11/2020 15:50,Portsmouth,Alan Smithee," Mocha - 2.30,  Red label tea - 1.20",3.50,CASH,
12/11/2020 15:50,Portsmouth,Alan Smithee," Frappes - Strawberries & Cream - 2.75,  Frappes - Chocolate Cookie - 2.75",5.50,CASH,
12/11/2020 15:51,Portsmouth,Alan Smithee," Babyccino - 0.00, Large Filter coffee - 1.80,  Iced americano - 2.15,  Flavoured iced latte - Vanilla - 2.75,  Speciality Tea - Darjeeling - 1.30",8.00,CARD,9266258233152
12/11/2020 15:52,Portsmouth,Alan Smithee," Hot chocolate - 1.40,  Flat white - 2.15, Large Americano - 2.25, Large Americano - 2.25,  Hot chocolate - 1.40",9.45,CARD,377172025871835
12/11/2020 15:52,Portsmouth,Alan Smithee," Smoothies - Glowing Greens - 2.00,  Speciality Tea - Camomile - 1.30",3.30,CASH,
12/11/2020 15:53,Portsmouth,Alan Smithee," Iced latte - 2.35,  Speciality Tea - Green - 1.30,  Frappes - Strawberries & Cream - 2.75,  Red label tea - 1.20",7.60,CASH,
12/11/2020 15:53,Portsmouth,Alan Smithee," Iced latte - 2.35,  Speciality Tea - Peppermint - 1.30,  Red label tea - 1.20, Regular Flavoured hot chocolate - Hazelnut - 2.60",7.45,CASH,
12/11/2020 15:54,Portsmouth,Alan Smithee," Frappes - Coffee - 2.75, Regular Flavoured latte - Caramel - 2.55, Regular Flavoured hot chocolate - Vanilla - 2.60,  Speciality Tea - Earl Grey - 1.30,  Red label tea - 1.20",10.40,CASH,
12/11/2020 15:55,Portsmouth,Alan Smithee," Smoothies - Carrot Kick - 2.00, Regular Latte - 2.15, Regular Americano - 1.95,  Speciality Tea - Camomile - 1.30,  Iced americano - 2.15",9.55,CARD,8675249182456
12/11/2020 15:55,Portsmouth,Alan Smithee,"Large Latte - 2.45,  Flat white - 2.15, Large Flavoured hot chocolate - Hazelnut - 2.90,  Speciality Tea - Fruit - 1.30,  Frappes - Strawberries & Cream - 2.75",11.55,CARD,6011862827027976
12/11/2020 15:56,Portsmouth,Alan Smithee," Speciality Tea - Green - 1.30,  Speciality Tea - Darjeeling - 1.30",2.60,CARD,6011332407907902
12/11/2020 15:56,Portsmouth,Alan Smithee," Smoothies - Berry Beautiful - 2.00, Large Luxury hot chocolate - 2.70,  Speciality Tea - Peppermint - 1.30,  Smoothies - Carrot Kick - 2.00",8.00,CASH,
12/11/2020 15:57,Portsmouth,Alan Smithee,"Large Flavoured latte - Caramel - 2.85,  Frappes - Coffee - 2.75,  Iced latte - 2.35, Large Flavoured hot chocolate - Caramel - 2.90",10.85,CARD,3295530688578169
12/11/2020 15:58,Portsmouth,Alan Smithee," Speciality Tea - Camomile - 1.30,  Smoothies - Glowing Greens - 2.00, Large Flavoured hot chocolate - Hazelnut - 2.90,  Frappes - Chocolate Cookie - 2.75",8.95,CASH,
12/11/2020 15:58,Portsmouth,Alan Smithee," Speciality Tea - Green - 1.30, Large Flavoured hot chocolate - Vanilla - 2.90, Large Flavoured latte - Gingerbread - 2.85,  Speciality Tea - Camomile - 1.30",8.35,CASH,
12/11/2020 15:59,Portsmouth,Alan Smithee," Speciality Tea - Camomile - 1.30,  Mocha - 2.30,  Speciality Tea - Fruit - 1.30",4.90,CASH,
12/11/2020 15:59,Portsmouth,Alan Smithee," Flavoured iced latte - Hazelnut - 2.75,  Speciality Tea - Green - 1.30, Regular Americano - 1.95,  Glass of milk - 0.70",6.70,CARD,6011290488475120
12/11/2020 16:00,Portsmouth,Alan Smithee,Regular Filter coffee - 1.50,1.50,CARD,7606054016554
12/11/2020 16:01,Portsmouth,Alan Smithee," Red label tea - 1.20, Large Latte - 2.45,  Flat white - 2.15",5.80,CARD,6557955337345907
12/11/2020 16:02,Portsmouth,Alan Smithee,"Regular Flavoured latte - Vanilla - 2.55, Regular Flavoured hot chocolate - Caramel - 2.60",5.15,CASH,
12/11/2020 16:02,Portsmouth,Alan Smithee,"Large Flavoured latte - Gingerbread - 2.85,  Speciality Tea - Darjeeling - 1.30,  Glass of milk - 0.70",4.85,CASH,
12/11/2020 16:03,Portsmouth,Alan Smithee,"Large Flavoured hot chocolate - Vanilla - 2.90,  Speciality Tea - Fruit - 1.30",4.20,CARD,120941457683256
12/11/2020 16:04,Portsmouth,Alan Smithee," Iced latte - 2.35, Regular Chai latte - 2.30,  Frappes - Chocolate Cookie - 2.75, Regular Luxury hot chocolate - 2.40,  Frappes - Strawberries & Cream - 2.75",12.55,CASH,
12/11/2020 16:05,Portsmouth,Alan Smithee,"Large Americano - 2.25,  Iced latte - 2.35,  Hot chocolate - 1.40,  Smoothies - Carrot Kick - 2.00",8.00,CASH,
12/11/2020 16:06,Portsmouth,Alan Smithee," Cortado - 2.05,  Smoothies - Berry Beautiful - 2.00, Regular Luxury hot chocolate - 2.40,  Speciality Tea - Fruit - 1.30, Regular Flavoured latte - Vanilla - 2.55",10.30,CASH,
12/11/2020 16:06,Portsmouth,Alan Smithee,Regular Cappuccino - 2.15,2.15,CARD,1368381459182952
12/11/2020 16:07,Portsmouth,Alan Smithee,"Regular Flavoured hot chocolate - Vanilla - 2.60, Large Flavoured latte - Caramel - 2.85",5.45,CASH,
12/11/2020 16:08,Portsmouth,Alan Smithee,"Regular Flavoured latte - Caramel - 2.55,  Speciality Tea - Green - 1.30,  Speciality Tea - Fruit - 1.30,  Frappes - Strawberries & Cream - 2.75,  Glass of milk - 0.70",8.60,CASH,
12/11/2020 16:09,Portsmouth,Alan Smithee, Frappes - Chocolate Cookie - 2.75,2.75,CASH,
12/11/2020 16:10,Portsmouth,Alan Smithee," Speciality Tea - Fruit - 1.30,  Frappes - Chocolate Cookie - 2.75, Regular Chai latte - 2.30,  Frappes - Coffee - 2.75",9.10,CARD,6011490998995724
12/11/2020 16:11,Portsmouth,Alan Smithee,"Regular Flavoured latte - Gingerbread - 2.55, Large Flavoured hot chocolate - Caramel - 2.90",5.45,CASH,
12/11/2020 16:11,Portsmouth,Alan Smithee," Speciality Tea - Darjeeling - 1.30, Large Flavoured hot chocolate - Caramel - 2.90,  Flavoured iced latte - Hazelnut - 2.75, Regular Flavoured hot chocolate - Hazelnut - 2.60, Large Flavoured latte - Gingerbread - 2.85",12.40,CARD,100764451360102
12/11/2020 16:12,Portsmouth,Alan Smithee," Babyccino - 0.00,  Babyccino - 0.00,  Smoothies - Glowing Greens - 2.00, Regular Americano - 1.95",3.95,CASH,
12/11/2020 16:13,Portsmouth,Alan Smithee," Iced americano - 2.15,  Frappes - Chocolate Cookie - 2.75,  Babyccino - 0.00,  Smoothies - Carrot Kick - 2.00,  Frappes - Strawberries & Cream - 2.75",9.65,CASH,
12/11/2020 16:14,Portsmouth,Alan Smithee," Flavoured iced latte - Caramel - 2.75,  Iced americano - 2.15,  Hot chocolate - 1.40,  Speciality Tea - Fruit - 1.30",7.60,CARD,445611331403651
12/11/2020 16:15,Portsmouth,Alan Smithee," Flavoured iced latte - Vanilla - 2.75, Large Flavoured latte - Vanilla - 2.85, Large Latte - 2.45,  Glass of milk - 0.70,  Speciality Tea - Peppermint - 1.30",10.05,CARD,5329937659863
12/11/2020 16:15,Portsmouth,Alan Smithee," Speciality Tea - English breakfast - 1.30, Regular Flavoured latte - Hazelnut - 2.55,  Smoothies - Berry Beautiful - 2.00,  Speciality Tea - Darjeeling - 1.30, Regular Flavoured latte - Caramel - 2.55",9.70,CASH,
12/11/2020 16:16,Portsmouth,Alan Smithee,"Large Chai latte - 2.60,  Iced latte - 2.35,  Hot chocolate - 1.40, Large Luxury hot chocolate - 2.70",9.05,CASH,
12/11/2020 16:17,Portsmouth,Alan Smithee, Speciality Tea - Fruit - 1.30,1.30,CARD,0470911289427
12/11/2020 16:18,Portsmouth,Alan Smithee," Speciality Tea - Camomile - 1.30,  Speciality Tea - Fruit - 1.30,  Red label tea - 1.20",3.80,CASH,
12/11/2020 16:19,Portsmouth,Alan Smithee," Speciality Tea - Earl Grey - 1.30,  Speciality Tea - Fruit - 1.30,  Speciality Tea - Earl Grey - 1.30, Large Luxury hot chocolate - 2.70,  Flat white - 2.15",8.75,CASH,
12/11/2020 16:20,Portsmouth,Alan Smithee," Smoothies - Glowing Greens - 2.00,  Speciality Tea - Earl Grey - 1.30,  Iced americano - 2.15,  Speciality Tea - Earl Grey - 1.30",6.75,CASH,
12/11/2020 16:20,Portsmouth,Alan Smithee," Hot chocolate - 1.40, Regular Luxury hot chocolate - 2.40, Regular Filter coffee - 1.50, Large Espresso - 1.80, Large Chai latte - 2.60",9.70,CARD,5874115020210
12/11/2020 16:21,Portsmouth,Alan Smithee," Speciality Tea - Darjeeling - 1.30,  Frappes - Chocolate Cookie - 2.75, Regular Flavoured latte - Hazelnut - 2.55",6.60,CARD,2657172060078104
12/11/2020 16:22,Portsmouth,Alan Smithee," Smoothies - Carrot Kick - 2.00, Large Flavoured hot chocolate - Caramel - 2.90",4.90,CASH,
12/11/2020 16:23,Portsmouth,Alan Smithee," Flat white - 2.15,  Flavoured iced latte - Vanilla - 2.75, Large Filter coffee - 1.80, Large Filter coffee - 1.80, Large Flavoured hot chocolate - Hazelnut - 2.90",11.40,CARD,200552235203912
12/11/2020 16:24,Portsmouth,Alan Smithee," Frappes - Chocolate Cookie - 2.75, Regular Cappuccino - 2.15,  Iced latte - 2.35",7.25,CASH,
12/11/2020 16:25,Portsmouth,Alan Smithee," Frappes - Strawberries & Cream - 2.75, Regular Flavoured latte - Vanilla - 2.55",5.30,CARD,6011366708815802
12/11/2020 16:25,Portsmouth,Alan Smithee,"Regular Flavoured hot chocolate - Hazelnut - 2.60,  Smoothies - Glowing Greens - 2.00",4.60,CARD,1760469897104143
12/11/2020 16:26,Portsmouth,Alan Smithee,"Large Flavoured latte - Caramel - 2.85,  Iced americano - 2.15",5.00,CASH,
12/11/2020 16:27,Portsmouth,Alan Smithee,"Regular Luxury hot chocolate - 2.40,  Speciality Tea - Darjeeling - 1.30",3.70,CASH,
12/11/2020 16:28,Portsmouth,Alan Smithee,Large Espresso - 1.80,1.80,CASH,
12/11/2020 16:29,Portsmouth,Alan Smithee,"Large Flavoured hot chocolate - Hazelnut - 2.90,  Hot chocolate - 1.40",4.30,CASH,
12/11/2020 16:29,Portsmouth,Alan Smithee,"Large Espresso - 1.80,  Mocha - 2.30,  Speciality Tea - Earl Grey - 1.30,  Babyccino - 0.00, Regular Flavoured hot chocolate - Hazelnut - 2.60",8.00,CARD,7848405692699446
12/11/2020 16:30,Portsmouth,Alan Smithee," Speciality Tea - Green - 1.30, Regular Luxury hot chocolate - 2.40, Regular Flavoured latte - Caramel - 2.55,  Speciality Tea - Earl Grey - 1.30,  Iced americano - 2.15",9.70,CASH,
12/11/2020 16:31,Portsmouth,Alan Smithee,"Large Filter coffee - 1.80,  Speciality Tea - Peppermint - 1.30,  Cortado - 2.05,  Smoothies - Berry Beautiful - 2.00",7.15,CASH,
12/11/2020 16:32,Portsmouth,Alan Smithee,"Regular Luxury hot chocolate - 2.40, Large Flavoured hot chocolate - Hazelnut - 2.90",5.30,CASH,
12/11/2020 16:33,Portsmouth,Alan Smithee,"Regular Cappuccino - 2.15,  Smoothies - Carrot Kick - 2.00,  Speciality Tea - Earl Grey - 1.30, Regular Americano - 1.95,  Flavoured iced latte - Hazelnut - 2.75",10.15,CASH,
12/11/2020 16:34,Portsmouth,Alan Smithee," Flavoured iced latte - Vanilla - 2.75,  Iced americano - 2.15, Regular Flavoured hot chocolate - Hazelnut - 2.60, Regular Americano - 1.95",9.45,CARD,5656032195417040
12/11/2020 16:34,Portsmouth,Alan Smithee,"Large Latte - 2.45,  Red label tea - 1.20, Regular Latte - 2.15,  Speciality Tea - Darjeeling - 1.30",7.10,CARD,3824034125128
12/11/2020 16:35,Portsmouth,Alan Smithee," Flavoured iced latte - Hazelnut - 2.75,  Speciality Tea - Fruit - 1.30,  Red label tea - 1.20,  Hot chocolate - 1.40,  Red label tea - 1.20",7.85,CARD,6011683104789182
12/11/2020 16:36,Portsmouth,Alan Smithee,Regular Latte - 2.15,2.15,CASH,
12/11/2020 16:37,Portsmouth,Alan Smithee," Mocha - 2.30, Regular Flavoured hot chocolate - Vanilla - 2.60,  Speciality Tea - Earl Grey - 1.30",6.20,CARD,9075470132572215
12/11/2020 16:38,Portsmouth,Alan Smithee,"Large Flavoured latte - Vanilla - 2.85, Regular Flavoured latte - Hazelnut - 2.55, Large Cappuccino - 2.45,  Speciality Tea - Fruit - 1.30,  Glass of milk - 0.70",9.85,CARD,866148471234734
12/11/2020 16:38,Portsmouth,Alan Smithee," Speciality Tea - Green - 1.30,  Speciality Tea - Green - 1.30,  Speciality Tea - Green - 1.30,  Smoothies - Carrot Kick - 2.00,  Smoothies - Carrot Kick - 2.00",7.90,CASH,
12/11/2020 16:39,Portsmouth,Alan Smithee,"Large Filter coffee - 1.80,  Flavoured iced latte - Vanilla - 2.75,  Hot chocolate - 1.40,  Frappes - Strawberries & Cream - 2.75",8.70,CARD,6011704549637043
12/11/2020 16:40,Portsmouth,Alan Smithee," Flavoured iced latte - Hazelnut - 2.75,  Glass of milk - 0.70",3.45,CASH,
12/11/2020 16:41,Portsmouth,Alan Smithee," Flavoured iced latte - Hazelnut - 2.75,  Flavoured iced latte - Vanilla - 2.75",5.50,CARD,8471175810193380
12/11/2020 16:42,Portsmouth,Alan Smithee," Iced americano - 2.15, Regular Flavoured hot chocolate - Vanilla - 2.60, Large Flavoured hot chocolate - Vanilla - 2.90, Large Flavoured latte - Gingerbread - 2.85,  Flat white - 2.15",12.65,CASH,
12/11/2020 16:43,Portsmouth,Alan Smithee,"Regular Luxury hot chocolate - 2.40,  Speciality Tea - Earl Grey - 1.30",3.70,CARD,9928599482855822
12/11/2020 16:43,Portsmouth,Alan Smithee," Speciality Tea - Green - 1.30,  Speciality Tea - Green - 1.30, Large Luxury hot chocolate - 2.70, Large Luxury hot chocolate - 2.70, Large Flavoured hot chocolate - Hazelnut - 2.90",10.90,CARD,2266873196485100
12/11/2020 16:44,Portsmouth,Alan Smithee,"Large Latte - 2.45, Large Flavoured latte - Vanilla - 2.85",5.30,CASH,
12/11/2020 16:45,Portsmouth,Alan Smithee," Iced latte - 2.35,  Speciality Tea - Earl Grey - 1.30,  Glass of milk - 0.70",4.35,CASH,
12/11/2020 16:46,Portsmouth,Alan Smithee,"Regular Flavoured latte - Hazelnut - 2.55, Regular Flavoured latte - Caramel - 2.55",5.10,CARD,5319970892307
12/11/2020 16:47,Portsmouth,Alan Smithee," Smoothies - Berry Beautiful - 2.00,  Smoothies - Berry Beautiful - 2.00,  Red label tea - 1.20,  Speciality Tea - Green - 1.30,  Hot chocolate - 1.40",7.90,CARD,4352319224678098
12/11/2020 16:48,Portsmouth,Alan Smithee," Frappes - Chocolate Cookie - 2.75,  Smoothies - Carrot Kick - 2.00,  Smoothies - Carrot Kick - 2.00",6.75,CARD,467370388821446
12/11/2020 16:48,Portsmouth,Alan Smithee," Flavoured iced latte - Vanilla - 2.75,  Smoothies - Berry Beautiful - 2.00,  Frappes - Coffee - 2.75",7.50,CARD,9140021197188009
12/11/2020 16:49,Portsmouth,Alan Smithee,"Large Flavoured latte - Vanilla - 2.85,  Smoothies - Berry Beautiful - 2.00, Regular Latte - 2.15",7.00,CASH,
12/11/2020 16:50,Portsmouth,Alan Smithee," Flavoured iced latte - Caramel - 2.75,  Speciality Tea - Fruit - 1.30,  Iced americano - 2.15,  Iced americano - 2.15,  Smoothies - Glowing Greens - 2.00",10.35,CARD,9359213078316
12/11/2020 16:51,Portsmouth,Alan Smithee,Regular Filter coffee - 1.50,1.50,CASH,
12/11/2020 16:52,Portsmouth,Alan Smithee," Frappes - Chocolate Cookie - 2.75,  Flavoured iced latte - Hazelnut - 2.75,  Smoothies - Carrot Kick - 2.00,  Smoothies - Glowing Greens - 2.00,  Speciality Tea - Green - 1.30",10.80,CASH,
12/11/2020 16:52,Portsmouth,Alan Smithee,"Large Flavoured hot chocolate - Hazelnut - 2.90,  Smoothies - Carrot Kick - 2.00,  Glass of milk - 0.70,  Flavoured iced latte - Vanilla - 2.75",8.35,CASH,
12/11/2020 16:53,Portsmouth,Alan Smithee," Speciality Tea - Green - 1.30,  Speciality Tea - Green - 1.30,  Speciality Tea - English breakfast - 1.30, Large Americano - 2.25,  Smoothies - Carrot Kick - 2.00",8.15,CARD,0157800791846734
12/11/2020 16:54,Portsmouth,Alan Smithee,"Regular Flavoured latte - Gingerbread - 2.55, Regular Flavoured hot chocolate - Caramel - 2.60",5.15,CARD,3611490636920459
12/11/2020 16:55,Portsmouth,Alan Smithee,"Large Espresso - 1.80,  Speciality Tea - English breakfast - 1.30,  Mocha - 2.30",5.40,CARD,4461236118721964
12/11/2020 16:56,Portsmouth,Alan Smithee," Frappes - Coffee - 2.75,  Flavoured iced latte - Hazelnut - 2.75,  Frappes - Chocolate Cookie - 2.75, Large Flavoured latte - Vanilla - 2.85",11.10,CASH,
12/11/2020 16:57,Portsmouth,Alan Smithee," Iced latte - 2.35, Regular Flavoured hot chocolate - Caramel - 2.60, Regular Latte - 2.15",7.10,CASH,
12/11/2020 16:57,Portsmouth,Alan Smithee,Regular Flavoured hot chocolate - Vanilla - 2.60,2.60,CARD,0114588461912471
12/11/2020 16:58,Portsmouth,Alan Smithee, Iced latte - 2.35,2.35,CARD,2232808330247418
12/11/2020 16:59,Portsmouth,Alan Smithee, Speciality Tea - Green - 1.30,1.30,CASH,
